GP_FINAL_C,GP_FINAL,BLOCK_CODE,DISTRICT_C
811901010,Ankauriya,811901,119
811901020,Arain,811901,119
811901030,Barol,811901,119
811901040,Bhagwantpura,811901,119
811901050,Bhambholao,811901,119
811901060,Bhogadeet,811901,119
811901070,Borada,811901,119
811901080,Dabrela,811901,119
811901090,Dadiya,811901,119
811901100,Deopuri,811901,119
811901110,Dhasook,811901,119
811901120,Gothiyana,811901,119
811901130,Jheerota,811901,119
811901140,Kalanada,811901,119
811901150,Kasheer,811901,119
811901160,Katsoora,811901,119
811901170,Lamba,811901,119
811901180,Mandawariya,811901,119
811901190,Manoharpura,811901,119
811901200,Sandoliya,811901,119
811901210,Sinroj,811901,119
811902010,Bandanwara,811902,119
811902020,Bargaon (Surkhand),811902,119
811902030,Barli,811902,119
811902040,Bhinay,811902,119
811902050,Boobkiya,811902,119
811902060,Chapaneri,811902,119
811902070,Chhachhundra,811902,119
811902080,Deoliya Kalan,811902,119
811902090,Dhantol,811902,119
811902100,Ekalseenga,811902,119
811902110,Gurha Khurd,811902,119
811902120,Kanai Kalan,811902,119
811902130,Karati,811902,119
811902140,Kerot,811902,119
811902150,Kumhariya,811902,119
811902160,Lamgara,811902,119
811902170,Nagola,811902,119
811902180,Nandsi,811902,119
811902190,Padaliya (Bhinay),811902,119
811902200,Padanga,811902,119
811902210,Ratakot,811902,119
811902220,Reechhmal @ Rammaliya,811902,119
811902230,Singhawal,811902,119
811902240,Sobri,811902,119
81190347,Municipal - Beawar (M Cl),811903,119
81190348,Municipal - Chhavani Pared,811903,119
81190349,Municipal - Dolatgarh Singha,811903,119
81190350,Municipal - Narsinghpura,811903,119
81190351,Municipal - Sedariya,811903,119
81190352,Municipal - Shahapura Bicharli,811903,119
811903010,Asan(Khera Kalan),811903,119
811903020,Ateetmand,811903,119
811903030,Balar,811903,119
811903040,Bamanhera,811903,119
811903050,Banjari,811903,119
811903060,Bar Kochara,811903,119
811903070,Barakhan,811903,119
811903080,Beawar Khas,811903,119
811903090,Delwara,811903,119
811903100,Dewata,811903,119
811903110,Durgawas,811903,119
811903120,Gohana,811903,119
811903130,Jaliya-I,811903,119
811903140,Jawaja,811903,119
811903150,Kabra,811903,119
811903160,Khera Kalan,811903,119
811903170,Kishanpura,811903,119
811903180,Kotra,811903,119
811903190,Lotiyana,811903,119
811903200,Malaton Ki Ber,811903,119
811903210,Malpura (Kaliyawas),811903,119
811903220,Mediya (Naya Nagar),811903,119
811903230,Nai Kalan,811903,119
811903240,Narbad Khera,811903,119
811903250,Noondri Maldeo (Rural),811903,119
811903260,Noondri Medratan,811903,119
811903270,Rajiyawas,811903,119
811903280,Rawatmal,811903,119
811903290,Roopnagar,811903,119
811903300,Sarmaliya,811903,119
811903310,Sarveena,811903,119
811903320,Suhawa,811903,119
811903330,Suradiya,811903,119
811903340,Surajpura (Lotiyana),811903,119
811903350,Taragarh,811903,119
811903360,Tatgarh,811903,119
81190489,Municipal - Kekri,811904,119
811904010,Aloli,811904,119
811904020,Baghera,811904,119
811904030,Bajta,811904,119
811904040,Bharai,811904,119
811904050,Bheemrawas,811904,119
811904060,Cheetiwas,811904,119
811904070,Chosla,811904,119
811904080,Deogaon,811904,119
811904090,Dhoondhari,811904,119
811904100,Ghatiyali,811904,119
811904110,Girwarpura,811904,119
811904120,Gordha,811904,119
811904130,Gulgaon,811904,119
811904140,Jooniya,811904,119
811904150,Kadera,811904,119
811904160,Kalera Krishna Gopal,811904,119
811904170,Kanoj,811904,119
811904180,Khawas,811904,119
811904190,Kushayata,811904,119
811904200,Lasadiya,811904,119
811904210,Mehroo Kalan,811904,119
811904220,Meoda Kalan,811904,119
811904230,Molkiya,811904,119
811904240,Para,811904,119
811904250,Peeplaj,811904,119
811904260,Pranhera,811904,119
811904270,Sadari,811904,119
811904280,Salari,811904,119
811904290,Sarsari,811904,119
811904300,Sawar,811904,119
811904310,Tankawas,811904,119
811905121,Municipal - Dhani Deomand,811905,119
811905122,Municipal - Dhani Purohitan,811905,119
811905123,Municipal - Dhani Rathoran,811905,119
811905124,Municipal - Kishangarh,811905,119
811905010,Amarpura,811905,119
811905020,Bandar Seendri,811905,119
811905030,Barna,811905,119
811905040,Bhadoon,811905,119
811905050,Buharoo,811905,119
811905060,Deendwara,811905,119
811905070,Harmara,811905,119
811905080,Jajota,811905,119
811905090,Kadha,811905,119
811905100,Karkeri,811905,119
811905110,Khatoli,811905,119
811905120,Kotri,811905,119
811905130,Kucheel,811905,119
811905140,Naloo,811905,119
811905150,Nawa,811905,119
811905160,Nosal,811905,119
811905170,Paner,811905,119
811905180,Patan,811905,119
811905190,Peenglod,811905,119
811905200,Ralawatan,811905,119
811905210,Roopangarh,811905,119
811905220,Salemabad,811905,119
811905230,Sar Gaon,811905,119
811905240,Silora,811905,119
811905250,Sinodiya,811905,119
811905260,Sursura,811905,119
811905270,Thal,811905,119
811905280,Tikawara,811905,119
811905290,Tiloniya,811905,119
811905300,Tyod,811905,119
811906155,Municipal - Keloo,811906,119
811906156,Municipal - Vijainagar (M),811906,119
811906010,Andhi Deori,811906,119
811906020,Baral,811906,119
811906030,Bari,811906,119
811906040,Begaliyawas,811906,119
811906050,Daulatpura (Santhana),811906,119
811906060,Daulatpura-Ii,811906,119
811906070,Deomali,811906,119
811906080,Deopura,811906,119
811906090,Dewas,811906,119
811906100,Dhola Danta,811906,119
811906110,Hanootiya,811906,119
811906120,Harrajpura,811906,119
811906130,Jaliya Ii,811906,119
811906140,Jamola,811906,119
811906150,Jeewana,811906,119
811906160,Jhank,811906,119
811906170,Kana Khera,811906,119
811906180,Kharwa,811906,119
811906190,Kirap,811906,119
811906200,Lodiyana,811906,119
811906210,Loolwa,811906,119
811906220,Masooda,811906,119
811906230,Mayla,811906,119
811906240,Moyana,811906,119
811906250,Nadi,811906,119
811906260,Nandwara,811906,119
811906270,Naya Gaon,811906,119
811906280,Peeplaj,811906,119
811906290,Ramgarh,811906,119
811906300,Satawariya,811906,119
811906310,Sathana,811906,119
811906320,Shergarh,811906,119
811906330,Shyam Garh,811906,119
811906340,Sikhrani,811906,119
811907191,Municipal - Ajmer (M Corp.) Ward No.-0037,811907,119
811907192,Municipal - Bargaon,811907,119
811907193,Municipal - Nasirabad (Cb) Ward No.-0003,811907,119
811907194,Municipal - Pushkar (M),811907,119
811907010,Baghsuri,811907,119
811907020,Bhagwanpura,811907,119
811907030,Bhanwta,811907,119
811907040,Bhatsoori,811907,119
811907050,Bhawani Khera,811907,119
811907060,Bidkachiyawas,811907,119
811907070,Bithoor,811907,119
811907080,Budhwara,811907,119
811907090,Dantra,811907,119
811907100,Daurai (Rural),811907,119
811907110,Deo Nagar,811907,119
811907120,Dodiyana,811907,119
811907130,Doomara,811907,119
811907140,Ganahera,811907,119
811907150,Gola,811907,119
811907160,Govindgarh,811907,119
811907170,Hatoondi,811907,119
811907180,Jaswantpura,811907,119
811907190,Jethana,811907,119
811907200,Kadel,811907,119
811907210,Kalesara,811907,119
811907220,Kanas,811907,119
811907230,Karnos,811907,119
811907240,Kesharpura,811907,119
811907250,Khori,811907,119
811907260,Lamana,811907,119
811907270,Leeri,811907,119
811907280,Makrera,811907,119
811907290,Mangaliyawas,811907,119
811907300,Miyapur,811907,119
811907310,Nagelao,811907,119
811907320,Nand,811907,119
811907330,Nandla,811907,119
811907340,Nyara,811907,119
811907350,Pagara,811907,119
811907360,Peesangan,811907,119
811907370,Picholiya,811907,119
811907380,Rajgarh,811907,119
811907390,Rajosi,811907,119
811907400,Rampura Dabla,811907,119
811907410,Saradhana,811907,119
811907420,Somalpur,811907,119
811907430,Tabeeji (Rural),811907,119
811907440,Tilora,811907,119
811908239,Municipal - Sarwar (M),811908,119
811908010,Ajgara,811908,119
811908020,Bhagwanpura,811908,119
811908030,Birla,811908,119
811908040,Fatehgarh,811908,119
811908050,Goyla,811908,119
811908060,Harpura,811908,119
811908070,Hingoniyan,811908,119
811908080,Jotayan,811908,119
811908090,Kebaniya,811908,119
811908100,Kheeriya,811908,119
811908110,Lallai,811908,119
811908120,Rampali,811908,119
811908130,Sapla,811908,119
811908140,Sarana,811908,119
811908150,Satolao,811908,119
811908160,Shergarh,811908,119
811908170,Shokaliya,811908,119
811908180,Soonpa,811908,119
811908190,Syar,811908,119
811908200,Tantoti,811908,119
811909010,Ajaysar,811909,119
811909020,Aradka,811909,119
811909030,Babayacha,811909,119
811909040,Badlya,811909,119
811909050,Beer,811909,119
811909060,Bhatiyani,811909,119
811909070,Bhoodol,811909,119
811909080,Bubani,811909,119
811909090,Chachiyawas,811909,119
811909100,Danta,811909,119
811909110,Derathoo,811909,119
811909120,Dhal,811909,119
811909130,Dilwara,811909,119
811909140,Gagwana,811909,119
811909150,Gegal,811909,119
811909160,Ghooghra,811909,119
811909170,Godiyawas,811909,119
811909180,Hathi Khera,811909,119
811909190,Jharwasa,811909,119
811909200,Kana Kheri,811909,119
811909210,Kanpura,811909,119
811909220,Kayampura,811909,119
811909230,Lavera,811909,119
811909240,Loharwara,811909,119
811909250,Makarwali,811909,119
811909260,Maoshiya,811909,119
811909270,Nareli,811909,119
811909280,Narwar,811909,119
811909290,Oontra,811909,119
811909300,Palra,811909,119
811909310,Pharkiya,811909,119
811909320,Ramner Dhani,811909,119
811909330,Ramsar,811909,119
811909340,Rasoolpura,811909,119
811909350,Samproda,811909,119
811909360,Sanod,811909,119
811909370,Sedariya,811909,119
811909380,Srinagar,811909,119
811909390,Tihari,811909,119
811909400,Tilana,811909,119
812201999,Municipal - Asind,812201,122
812201010,Aamesar,812201,122
812201020,Akarsada,812201,122
812201030,Antali,812201,122
812201040,B.K. Sareri,812201,122
812201050,Badnor,812201,122
812201060,Bajunda,812201,122
812201070,Barana,812201,122
812201080,Barsani,812201,122
812201090,Bhadsi,812201,122
812201100,Bhojpura,812201,122
812201110,Borela,812201,122
812201120,Chainpura,812201,122
812201130,Chatarpura,812201,122
812201140,Dantra,812201,122
812201150,Darawat,812201,122
812201160,Daulat Garh,812201,122
812201170,Ganglas,812201,122
812201180,Iras,812201,122
812201190,Jagpura,812201,122
812201200,Jaitgarh,812201,122
812201210,Jhalriya,812201,122
812201220,Jindras,812201,122
812201230,Kaliyas,812201,122
812201240,Kanwlas,812201,122
812201250,Karjaliya,812201,122
812201260,Katar,812201,122
812201270,Lachhura,812201,122
812201280,Mod Ka Nimbahera,812201,122
812201290,Mogar,812201,122
812201300,Motipur,812201,122
812201310,Motras,812201,122
812201320,Negdiya,812201,122
812201330,Ojhiyana,812201,122
812201340,Paldi,812201,122
812201350,Para,812201,122
812201360,Parasoli,812201,122
812201370,Patan,812201,122
812201380,Raghunathpura,812201,122
812201390,Rampura,812201,122
812201400,Ratanpura (Bhadsi),812201,122
812201410,Ratanpura(Lachura),812201,122
812201420,Rooppura,812201,122
812201430,Sangram Garh,812201,122
812201440,Shambhugarh,812201,122
812201450,Tiloli,812201,122
812202010,Babrana,812202,122
812202020,Baldarkha,812202,122
812202030,Balesariya,812202,122
812202040,Bamniya,812202,122
812202050,Banera,812202,122
812202060,Baran,812202,122
812202070,Beran,812202,122
812202080,Chamanpura,812202,122
812202090,Dabla,812202,122
812202100,Gharta,812202,122
812202110,Kankoliya,812202,122
812202120,Kasoriya,812202,122
812202130,Kherliya,812202,122
812202140,Kundiya Kalan,812202,122
812202150,Lambia Kalan,812202,122
812202160,Lambia Khurd,812202,122
812202170,Mahuwa Khurd,812202,122
812202180,Mengras,812202,122
812202190,Mushi,812202,122
812202200,Nimbahera Kalan,812202,122
812202210,Rakshi,812202,122
812202220,Rayla,812202,122
812202230,Roopaheli Khurd,812202,122
812202240,Salriya Kalan,812202,122
812202250,Sardarnagar,812202,122
812202260,Upreda,812202,122
812203010,Aroli,812203,122
812203020,Beejoliya Kalan (Ct) Ward No.-0001,812203,122
812203030,Bhopatpura,812203,122
812203040,Bijoliyan Khurd,812203,122
812203050,Chandji Ki Kheri,812203,122
812203060,Gopalpura,812203,122
812203070,Gudha,812203,122
812203080,Jalindri,812203,122
812203090,Kasya,812203,122
812203100,Makreri,812203,122
812203110,Mal Ka Khera,812203,122
812203120,Mangtala,812203,122
812203130,Nayanagar,812203,122
812203140,Sadaramji Ka Khera,812203,122
812203150,Salawatiya,812203,122
812203160,Shyampura,812203,122
812203170,Sukhpura,812203,122
812203180,Tharoda,812203,122
812203190,Tilaswan,812203,122
812203200,Umaji Ka Khera,812203,122
812203210,Veekam Pura,812203,122
812204010,Agoocha,812204,122
812204020,Barantiya,812204,122
812204030,Barla,812204,122
812204040,Bhojras,812204,122
812204050,Dantra,812204,122
812204060,Gagera,812204,122
812204070,Garhwalon Ka Khera,812204,122
812204080,Gulabpura,812204,122
812204090,Hurda,812204,122
812204100,Jalampura,812204,122
812204110,Kaniya,812204,122
812204120,Kanwaliyas,812204,122
812204130,Khejri,812204,122
812204140,Kotri,812204,122
812204150,Lamba,812204,122
812204160,Phalamada,812204,122
812204170,Roopaheli,812204,122
812204180,Sareri,812204,122
812204190,Sodar,812204,122
812204200,Taswariya,812204,122
812204210,Tonkarwad,812204,122
812204220,Ukhaliya,812204,122
812205415,Municipal-Jahazpur (M),812205,122
812205416,Municipal - Bhakto Ki Jhupdiya,812205,122
812205417,Municipal - Bindhyabhata,812205,122
812205418,Municipal - Borani,812205,122
812205419,Municipal - Laxmipura-Ii,812205,122
812205420,Municipal - Pancha Ka Bada,812205,122
812205421,Municipal - Sahela Data,812205,122
812205010,Amalda,812205,122
812205020,Amargarh,812205,122
812205030,Amarwasi,812205,122
812205040,Bagoodar,812205,122
812205050,Bankra,812205,122
812205060,Baori,812205,122
812205070,Baroda,812205,122
812205080,Bei,812205,122
812205090,Bhagunagar,812205,122
812205100,Bharni Kalan,812205,122
812205110,Bihara,812205,122
812205120,Biletha,812205,122
812205130,Dhor,812205,122
812205140,Dhunwala,812205,122
812205150,Gadoli,812205,122
812205160,Gandher,812205,122
812205170,Gangithala,812205,122
812205180,Gurha,812205,122
812205190,Intunda,812205,122
812205200,Jamoli,812205,122
812205210,Khajoori,812205,122
812205220,Kishangarh,812205,122
812205230,Kuchalwara Kalan,812205,122
812205240,Kuradiya,812205,122
812205250,Luhari Kalan,812205,122
812205260,Manoharpura,812205,122
812205270,Pander,812205,122
812205280,Peeploond,812205,122
812205290,Phalasiya,812205,122
812205300,Rawat Khera,812205,122
812205310,Ropan,812205,122
812205320,Sarsiya,812205,122
812205330,Shakar Garh,812205,122
812205340,Teekar,812205,122
812205350,Teethoda,812205,122
812205360,Teetori,812205,122
812205370,Ulela,812205,122
812205380,Uncha,812205,122
812206010,Aama,812206,122
812206020,Aasop,812206,122
812206030,Akola,812206,122
812206040,Ban Ka Khera,812206,122
812206050,Barla,812206,122
812206060,Barliyas,812206,122
812206070,Birdhol,812206,122
812206080,Bishniya,812206,122
812206090,Borda,812206,122
812206100,Chhapdel,812206,122
812206110,Dantra,812206,122
812206120,Gega Ka Khera,812206,122
812206130,Gehuli,812206,122
812206140,Gendliya,812206,122
812206150,Jawal,812206,122
812206160,Jeewa Ka Khera,812206,122
812206170,Kakroliya Ghati,812206,122
812206180,Kanti,812206,122
812206190,Kishangarh,812206,122
812206200,Kothaj,812206,122
812206210,Kotri,812206,122
812206220,Lasariya,812206,122
812206230,Mansha,812206,122
812206240,Nandrai,812206,122
812206250,Paroli,812206,122
812206260,Raser,812206,122
812206270,Redwas,812206,122
812206280,Reeth,812206,122
812206290,Sankhra,812206,122
812206300,Satola Ka Khera,812206,122
812206310,Sawaipur,812206,122
812206320,Suthepa,812206,122
812206330,Udliyas,812206,122
812207010,Almas,812207,122
812207020,Amargarh,812207,122
812207030,Amdala,812207,122
812207040,Bagor,812207,122
812207050,Baolas,812207,122
812207060,Bavri,812207,122
812207070,Bemali,812207,122
812207080,Bhabhana,812207,122
812207090,Bhadoo,812207,122
812207100,Bhagwanpura,812207,122
812207110,Bheemdiyas,812207,122
812207120,Chandras,812207,122
812207130,Chankher,812207,122
812207140,Chawandiya,812207,122
812207150,Chileshwar,812207,122
812207160,Chitamba,812207,122
812207170,Dahimatha,812207,122
812207180,Dhunwala (Mandal),812207,122
812207190,Dhuwala (Kareda),812207,122
812207200,Ghoras,812207,122
812207210,Gordhanpura,812207,122
812207220,Gorkhya,812207,122
812207230,Gyangarh,812207,122
812207240,Jorawarpura,812207,122
812207250,Kabradiya,812207,122
812207260,Karera,812207,122
812207270,Keriya,812207,122
812207280,Kidimal,812207,122
812207290,Ladoowas,812207,122
812207300,Leswa,812207,122
812207310,Luhariya,812207,122
812207320,Mandal,812207,122
812207330,Mejan,812207,122
812207340,Mota Ka Khera,812207,122
812207350,Nareli,812207,122
812207360,Nimbahera Jatan,812207,122
812207370,Peethas,812207,122
812207380,Rampuriya,812207,122
812207390,Sahnuda,812207,122
812207400,Santokpura,812207,122
812207410,Seeriyas,812207,122
812207420,Shivpur,812207,122
812207430,Suras,812207,122
812207440,Tahuka,812207,122
812207450,Thana,812207,122
812207460,Umri,812207,122
812208539,Municipal-Bharji Ka Khera,812208,122
812208540,Municipal-Mandalgarh (M) Ward No.-0011,812208,122
812208541,Municipal-Ratya Khera,812208,122
812208542,Municipal - Jafarpura,812208,122
812208543,Municipal - Karanpura,812208,122
812208544,Municipal - Kundaliya,812208,122
812208545,Municipal - Mandalgarh,812208,122
812208546,Municipal - Nangpura,812208,122
812208547,Municipal - Phalasiyan,812208,122
812208010,Baldarkha,812208,122
812208020,Baroondni,812208,122
812208030,Beekran,812208,122
812208040,Bigod,812208,122
812208050,Dhakar Kheri,812208,122
812208060,Dhamniya,812208,122
812208070,Dolpura,812208,122
812208080,Genoli,812208,122
812208090,Hoda,812208,122
812208100,Jaliya,812208,122
812208110,Jasuji Ka Khera,812208,122
812208120,Jhanjhola,812208,122
812208130,Jojwa,812208,122
812208140,Kachhola,812208,122
812208150,Kalyanpura,812208,122
812208160,Khachrol,812208,122
812208170,Khatwara,812208,122
812208180,Ladpura,812208,122
812208190,Mahuwa,812208,122
812208200,Manpura,812208,122
812208210,Mohanpura,812208,122
812208220,Motaron Ka Khera,812208,122
812208230,Mukund Puriya,812208,122
812208240,Rajgarh,812208,122
812208250,Ralayata,812208,122
812208260,Sarana,812208,122
812208270,Sarthala,812208,122
812208280,Shreenagar,812208,122
812208290,Shyam Garh,812208,122
812208300,Singoli,812208,122
812208310,Suras,812208,122
812208320,Thal Kalan,812208,122
812209010,Asaholi,812209,122
812209020,Bagar,812209,122
812209030,Bagoliya,812209,122
812209040,Bheeta,812209,122
812209050,Borana,812209,122
812209060,Boriyapura,812209,122
812209070,Deoriya,812209,122
812209080,Galwa,812209,122
812209090,Jharol,812209,122
812209100,Khakhar Mala,812209,122
812209110,Khemana,812209,122
812209120,Kot,812209,122
812209130,Mokhanda,812209,122
812209140,Nahri,812209,122
812209150,Nandsa Jageer,812209,122
812209160,Narayan Khera,812209,122
812209170,Nathriyas,812209,122
812209180,Palran,812209,122
812209190,Peeth Ka Khera,812209,122
812209200,Raipur,812209,122
812209210,Sagreo,812209,122
812209220,Thala,812209,122
812210602,Municipal-Gangapur,812210,122
812210010,Amli,812210,122
812210020,Arniya,812210,122
812210030,Bharak,812210,122
812210040,Bhoonas,812210,122
812210050,Chawandiya,812210,122
812210060,Cheerkhera,812210,122
812210070,Delana,812210,122
812210080,Dhosar,812210,122
812210090,Ganeshpura,812210,122
812210100,Gowliya,812210,122
812210110,Kangani,812210,122
812210120,Khankla,812210,122
812210130,Koshithal,812210,122
812210140,Lakhola,812210,122
812210150,Mahendragarh,812210,122
812210160,Majhawas,812210,122
812210170,Nandsa,812210,122
812210180,Negariyon Ka Khera,812210,122
812210190,Potlan,812210,122
812210200,Sahara,812210,122
812210210,Salera,812210,122
812210220,Sargaon,812210,122
812210230,Satliyas,812210,122
812210240,Shivrati,812210,122
812210250,Soniyana,812210,122
812210260,Surawas,812210,122
812210270,Ullai,812210,122
812210280,Ummedpura,812210,122
812211631,Municipal-Shahpura (M),812211,122
812211010,Amli Kalal,812211,122
812211020,Arniya Ghora,812211,122
812211030,Arniya Rasan,812211,122
812211040,Arwar,812211,122
812211050,Bachh Khera,812211,122
812211060,Bala Pura,812211,122
812211070,Bansera,812211,122
812211080,Bhojpur,812211,122
812211090,Biliya,812211,122
812211100,Borda,812211,122
812211110,Dabla Chanda,812211,122
812211120,Dabla Kachra,812211,122
812211130,Daulatpura,812211,122
812211140,Deoriya,812211,122
812211150,Dhanop,812211,122
812211160,Dheekola,812211,122
812211170,Dohariya,812211,122
812211180,Girdiya,812211,122
812211190,Hukampura,812211,122
812211200,Intmariya,812211,122
812211210,Itariya,812211,122
812211220,Kadi Sahna,812211,122
812211230,Kanechhan Kalan,812211,122
812211240,Kanechhan Khuri,812211,122
812211250,Khamor,812211,122
812211260,Kothiya,812211,122
812211270,Lasariya,812211,122
812211280,Lulas,812211,122
812211290,Mataji Ka Khera,812211,122
812211300,Mindoliya,812211,122
812211310,Phooliya Kalan,812211,122
812211320,Phooliya Khurd,812211,122
812211330,Pratappura,812211,122
812211340,Rahar,812211,122
812211350,Sangari,812211,122
811209210,Pawa,811209,112
811209220,Peedwa,811209,112
811209230,Phogri,811209,112
811209240,Raseedpura,811209,112
811209250,Sudrasan,811209,112
811209260,Thebri,811209,112
811209270,Tosina,811209,112
811210024,Municipal - Kuchera,811210,112
811210025,Municipal - Mundwa,811210,112
811210010,Arwar,811210,112
811210020,Asawari,811210,112
811210030,Balaya,811210,112
811210040,Bhankrod,811210,112
811210050,Borwa,811210,112
811210060,Deediya Kalan,811210,112
811210070,Gajoo,811210,112
811210080,Gawaloo,811210,112
811210090,Geloli,811210,112
811210100,Gothra,811210,112
811210110,Hilori,811210,112
811210120,Inana,811210,112
811210130,Janana,811210,112
811210140,Jhoojhanda,811210,112
811210150,Karloo,811210,112
811210160,Khajwana,811210,112
811210170,Kharnal,811210,112
810105470,Takhatpura (4 Tm),810105,101
810106647,Municipal Nokha,810106,101
810106010,Ankhisar,810106,101
810106020,Badhnoo,810106,101
810106030,Bagseu,810106,101
810106040,Beekasar,810106,101
810106050,Berasar,810106,101
810106060,Bilniyasar,810106,101
810106070,Biramsar,810106,101
810106080,Charkara,810106,101
810106090,Gajroopdesar,810106,101
810106100,Gajsukhdesar,810106,101
810106110,Gondusar,810106,101
810106120,Himatsar,810106,101
810106130,Hiyadesar,810106,101
810106140,Jasrasar,810106,101
810106150,Jesalsar,810106,101
810106160,Jhareli,810106,101
810106170,Kakra,810106,101
810106180,Kuchor Aguni,810106,101
810106190,Kuchor Athooni,810106,101
810106200,Lalam Desar Bara,810106,101
810106210,Lalam Desar Chhota,810106,101
810106220,Lalasar,810106,101
809908160,41 Gb,809908,99
809908170,42 Gb,809908,99
809908180,48 Gb (Redbaggi),809908,99
809908190,5 As (Motasar),809908,99
809908200,50 Gb,809908,99
809908210,6 Apd,809908,99
809908220,6 Blm,809908,99
809908230,7 Apd (Bhatiwala),809908,99
809908240,7 Gb,809908,99
809908250,8 Bgd,809908,99
809908260,8 Stb,809908,99
809908270,Bilochiya (10 Blma),809908,99
809908280,Gomawali,809908,99
809908290,Jaitsar (1 Gb-A),809908,99
809909279,Municipal Suratgarh,809909,99
809909010,1 Dwsm (Bakhtawarpura),809909,99
809909020,1 Gdm (Govindsar),809909,99
809909030,1 Lm,809909,99
809909040,13 Sd,809909,99
809909050,15 Lks (Dhaba),809909,99
809909060,17 Stb,809909,99
810004070,Dablibas Maulvi,810004,100
810004080,Dablibas Mitharohi,810004,100
810004090,Dablibas Pema,810004,100
810004100,Daultawali,810004,100
810004110,Deeng Wala,810004,100
810004120,Dhulmana,810004,100
810004130,Goluwala Nivdhan,810004,100
810004140,Goluwala Singhagaan,810004,100
810004150,Hansliya,810004,100
810004160,Hardayalpura,810004,100
810004170,Jhakhdwali,810004,100
810004180,Kalibanga,810004,100
810004190,Kanenawala,810004,100
810004200,Kharliya,810004,100
810004210,Khotawali,810004,100
810004220,Lakhasar,810004,100
810004230,Likhmisar,810004,100
810004240,Longwala,810004,100
810004250,Manaktheri,810004,100
810004260,Panaditawali,810004,100
810004270,Pilibanga Gaon,810004,100
810004280,Prempura,810004,100
810410350,Pata,810410,104
810410360,Peeproli,810410,104
810410370,Raghunathgarh,810410,104
810410380,Ramgarh,810410,104
810410390,Rasgan,810410,104
810410400,Sahdoli,810410,104
810410410,Senthli,810410,104
810410420,Teekri,810410,104
810410430,Untwal,810410,104
810411010,Bahadko Kalan,810411,104
810411020,Barer,810411,104
810411030,Bhajera,810411,104
810411040,Bhooda,810411,104
810411050,Bhuleri,810411,104
810411060,Bileta,810411,104
810411070,Chhilodi,810411,104
810411080,Dera,810411,104
810411090,Doroli,810411,104
810411100,Garhi Sawairam,810411,104
810411110,Itoli,810411,104
810411120,Jamdoli,810411,104
810411130,Kaneti,810411,104
810411140,Keelpur,810411,104
810411150,Machari,810411,104
810411160,Pada,810411,104
810411170,Parbaini,810411,104
811006150,Khannipura,811006,110
811006160,Khora Shyamdas,811006,110
811006170,Khorabeesal,811006,110
811006180,Maheshwas Kalan,811006,110
811006190,Mundota,811006,110
811006200,Nangal Purohit,811006,110
811006210,Nangal Siras,811006,110
811006220,Punana,811006,110
811006230,Radhakishanpura,811006,110
811006240,Raithal,811006,110
811006250,Rajawas,811006,110
811006260,Rampura,811006,110
811006270,Rojda,811006,110
811006280,Sewapura,811006,110
811006290,Sirsali,811006,110
811007010,Andhi,811007,110
811007020,Bahlor,811007,110
811007030,Basna,811007,110
811007040,Bhanpur Kalan,811007,110
811007050,Bhawni,811007,110
811007060,Bhuranpura,811007,110
811007070,Bilod,811007,110
811007080,Birasana,811007,110
811007090,Bobari,811007,110
811012370,Mundalee Ranjeetpura,811012,110
811012380,Mundiya Garh,811012,110
811012390,Murlipura,811012,110
811012400,Nandri,811012,110
811012410,Norangpura,811012,110
811012420,Pachkodiya,811012,110
811012430,Ralawata,811012,110
811012440,Ramjipura Kalan,811012,110
811012450,Ramsinghpura @ Dodiyan,811012,110
811012460,Sinodiya,811012,110
811012470,Tejya Ka Bas,811012,110
811012480,Tyod,811012,110
811013821,Municipal-Asarpura,811013,110
811013822,Municipal-Bagru,811013,110
811013823,Municipal-Balrampura Khejra Ka,811013,110
811013824,Municipal-Bambala,811013,110
811013825,Municipal-Barh Chela,811013,110
811013826,Municipal-Barh Karol,811013,110
811013827,Municipal-Barh Teelawala,811013,110
811013828,Municipal-Bhairoon Karol,811013,110
811013829,Municipal-Bhankrota Kalan,811013,110
811013830,Municipal-Bhaogarh Bandha,811013,110
811013831,Municipal-Chainpura,811013,110
811013832,Municipal-Chak Getor,811013,110
812211360,Sangariya,812211,122
812211370,Tahnal,812211,122
812211380,Taswariya Bansa,812211,122
812212670,Municipal - Bhilwara,812212,122
812212671,Municipal - Pur,812212,122
812212672,Municipal - Suwana,812212,122
812212010,Amli,812212,122
812212020,Arjiya,812212,122
812212030,Atoon,812212,122
812212040,Bardod,812212,122
812212050,Bholi,812212,122
812212060,Bhopalgarh,812212,122
812212070,Danthal,812212,122
812212080,Dariba,812212,122
812212090,Deoli,812212,122
812212100,Dudiya,812212,122
812212110,Gundli,812212,122
812212120,Gurla,812212,122
812212130,Haled,812212,122
812212140,Hameer Garh,812212,122
812212150,Kanda,812212,122
812212160,Karoi,812212,122
812212170,Khaira Bad,812212,122
812212180,Kochriya,812212,122
812212190,Kodu Kota,812212,122
812212200,Mahuwa Kalan,812212,122
812212210,Malola,812212,122
812212220,Mangrop,812212,122
812212230,Ojyara,812212,122
812212240,Palri,812212,122
812212250,Pansal,812212,122
812212260,Peepli,812212,122
812212270,Rampuriya,812212,122
812212280,Reechhra,812212,122
812212290,Roopaheli,812212,122
812212300,Sangwa,812212,122
812212310,Seedriyas,812212,122
812212320,Sethooriya,812212,122
812212330,Swaroopganj,812212,122
811201010,Antroli Kalan,811201,112
811201020,Bachhwari,811201,112
811201030,Banwarla,811201,112
811201040,Barna,811201,112
811201050,Bikharniya Kalan,811201,112
811201060,Butati,811201,112
811201070,Chanda Roon,811201,112
811201080,Choliyas,811201,112
811201090,Chosali,811201,112
811201100,Chuai,811201,112
811201110,Daboli Mithi,811201,112
811201120,Degana Ganwa,811201,112
811201130,Gonarada,811201,112
811201140,Goredi Chancha,811201,112
811201150,Gunsali,811201,112
811201160,Harsor,811201,112
811201170,Idwa,811201,112
811201180,Jakhera,811201,112
811201190,Jalsoo Khurd,811201,112
811201200,Jalsoo Nanak,811201,112
811201210,Jhagarwas,811201,112
811201220,Kherwa,811201,112
811201230,Khuri Kalan,811201,112
811201240,Kitalsar,811201,112
811201250,Langod,811201,112
811201260,Mandal Jodha,811201,112
811201270,Manjhee,811201,112
811201280,Meora,811201,112
811201290,Mogas,811201,112
811201300,Nathawara,811201,112
811201310,Nimbari Chandawata,811201,112
811201320,Nimbari Kalan,811201,112
811201330,Nimbola Kalan,811201,112
811201340,Paliyas,811201,112
811201350,Palri Kalan,811201,112
811201360,Poonas,811201,112
811201370,Pundlota,811201,112
811201380,Rajlota,811201,112
811201390,Rajod,811201,112
811201400,Sanjoo,811201,112
811201410,Sirasana,811201,112
811201420,Thata,811201,112
811201430,Tilanesh,811201,112
811202749,Municipal - Didwana,811202,112
811202010,Agoonta,811202,112
811202020,Baliya,811202,112
811202030,Barangana,811202,112
811202040,Bardawa,811202,112
811202050,Beechawa,811202,112
811202060,Beri Khurd,811202,112
811202070,Cholookhan,811202,112
811202080,Dadu Basni,811202,112
811202090,Daulatpura,811202,112
811202100,Dayalpura,811202,112
811202110,Deendarpura,811202,112
811202120,Doodoli,811202,112
811202130,Godras,811202,112
811202140,Kairap,811202,112
811202150,Kalwani,811202,112
811202160,Kharesh,811202,112
811202170,Khatu Khurd,811202,112
811202180,Khunkhuna,811202,112
811202190,Koliya,811202,112
811202200,Lalasari,811202,112
811202210,Loroli Kalan,811202,112
811202220,Mamroda,811202,112
811202230,Mawa,811202,112
811202240,Nimbi Kalan,811202,112
811202250,Palot,811202,112
811202260,Ramsabas,811202,112
811202270,Saniya,811202,112
811202280,Sherani Abad,811202,112
811202290,Singhana,811202,112
811202300,Singrawat Kalan,811202,112
811202310,Soopka,811202,112
811202320,Thanu,811202,112
811202330,Thebri,811202,112
811203010,Akoda,811203,112
811203020,Anwaliyasar,811203,112
811203030,Barnel,811203,112
811203040,Bhawla,811203,112
811203050,Bugarda,811203,112
811203060,Chhajoli,811203,112
811203070,Chhapra,811203,112
811203080,Deh,811203,112
811203090,Dharna,811203,112
811203360,Tangla,811203,112
811203370,Tanwara,811203,112
811203380,Tarnau,811203,112
811204010,Acheena,811204,112
811204020,Akla,811204,112
811204030,Berathal Kalan,811204,112
811204040,Berawas,811204,112
811204050,Bhawanda,811204,112
811204060,Bher,811204,112
811204070,Bhojas,811204,112
811204080,Bhomasar,811204,112
811204090,Bhundel,811204,112
811204100,Birloka,811204,112
811204110,Chawandiya,811204,112
811204120,Dantina,811204,112
811204130,Dehroo,811204,112
811204140,Deu,811204,112
811204150,Dheengsara,811204,112
811204160,Gudha Bhagwan Das,811204,112
811204170,Kantiya,811204,112
811204180,Karnoo,811204,112
811204190,Khadkali,811204,112
811204200,Khatora,811204,112
811204210,Kheenvsar,811204,112
811204220,Kurchhi,811204,112
810104280,Hadan,810104,101
810104290,Hadla Bhatiyan,810104,101
810104300,Jagasar,810104,101
810104310,Jhajhoo,810104,101
810104320,Khakhoosar,810104,101
810104330,Khari Charnan,810104,101
810104340,Khariya Patawatan,810104,101
810104350,Kheendasar,810104,101
810104360,Kolayat,810104,101
810104370,Kotri,810104,101
810104380,Mandal Charnan,810104,101
810104390,Mankasar,810104,101
810104400,Mithriya,810104,101
810104410,Nagrasar,810104,101
810104420,Nandra,810104,101
810104430,Nokhra,810104,101
810104440,Phulasar Bara,810104,101
810104450,Ranjeetpura,810104,101
810104460,Raowala,810104,101
810104470,Seora,810104,101
810104480,Siyana Bara,810104,101
810104490,Surjara,810104,101
810105599,Others,810105,101
810105010,1 Dlsm,810105,101
810207070,Buchawas,810207,102
810207080,Dhani Kumharan,810207,102
810207090,Dheerwas Bara,810207,102
810207100,Gajoowas,810207,102
810207110,Hadiyal,810207,102
810207120,Jhadsar Chhota,810207,102
810207130,Jhadsar Kandhlan,810207,102
810207140,Kalwas,810207,102
810207150,Kharathwasiya,810207,102
810207160,Kohina,810207,102
810207170,Loonas,810207,102
810207180,Meghsar,810207,102
810207190,Mikhala,810207,102
810207200,Nethwa,810207,102
810207210,Pandreu Tal,810207,102
810207220,Poonras,810207,102
810207230,Raiya Tunda,810207,102
810207240,Rajpura,810207,102
810207250,Redi,810207,102
810207260,Sahwa,810207,102
810207270,Sarayan,810207,102
810207280,Satyoo,810207,102
810207290,Somsisar,810207,102
809901980,Municipal Anupgarh,809901,99
811015270,Sothana,811015,110
811015280,Talva,811015,110
811015290,Teori,811015,110
810301977,Municipal-Bissau,810301,103
810301010,Alsisar,810301,103
810301020,Badet,810301,103
810301030,Bajla,810301,103
810301040,Bheekhansar,810301,103
810301050,Bhuda Ka Bas,810301,103
810301060,Birmi,810301,103
810301070,Churela,810301,103
810301080,Dabri Dheersingh,810301,103
810301090,Dhanuri,810301,103
810301100,Dheelsar,810301,103
810301110,Diloi,810301,103
810301120,Gangiyasar,810301,103
810301130,Gokhari,810301,103
810301140,Hameeri Kalan,810301,103
810301150,Hansasar,810301,103
810301160,Haripur,810301,103
810301170,Jabasar,810301,103
810301180,Jhatawa Khurd,810301,103
810301190,Kakreu Kalan,810301,103
811308290,Shri Jammeshwar Nagar,811308,113
811309010,Badla Nagar,811309,113
811309020,Barliya,811309,113
811309030,Bhacharna,811309,113
811309040,Bhandoo Kalan,811309,113
811309050,Bhatinda,811309,113
811309060,Birami,811309,113
811309070,Boranara,811309,113
811309080,Chicharli,811309,113
811309090,Daipara Khichiyan,811309,113
811309100,Dhandhiya,811309,113
811309110,Dhawa,811309,113
811309120,Dhundhara,811309,113
811309130,Doli,811309,113
811309140,Feench,811309,113
811309150,Gura Vishnoiyan,811309,113
811309160,Janadesar,811309,113
811309170,Jhalamand,811309,113
811309180,Jhanwar,811309,113
811309190,Kakani,811309,113
811309200,Kakelao,811309,113
811309210,Kalijal,811309,113
811309220,Khara Bera Purohitan,811309,113
811309230,Khejarli Kalan,811309,113
812501200,Naharpura,812501,125
812501210,Obla,812501,125
812501220,Pat  Nawadhara,812501,125
812501230,Patiya Galiya,812501,125
812501240,Phalwan,812501,125
812501250,Ratanpura,812501,125
812501260,Sundrao,812501,125
812501270,Tamtiya,812501,125
812501280,Tejpura,812501,125
812501290,Udaipura Bara,812501,125
812502010,Anjana,812502,125
812502020,Arthoona,812502,125
812502030,Bakhat Pura,812502,125
812502040,Bhatar,812502,125
812502050,Biloda,812502,125
812502060,Itauwa,812502,125
812502070,Jharas,812502,125
812502080,Jolana,812502,125
812502090,Kesharpura,812502,125
812502100,Kotra,812502,125
812502110,Kunwaliya,812502,125
812502120,Malana,812502,125
812502130,Mandela Para,812502,125
812508340,Karwa Umri,812508,125
812508350,Khamera,812508,125
812508360,Kherwa,812508,125
812508370,Kuwaniya,812508,125
812508380,Miyasa,812508,125
812508390,Mordinichali,812508,125
812508400,Mota Tanda,812508,125
812508410,Motagaon,812508,125
812508420,Mungana,812508,125
812508430,Murasel,812508,125
812508440,Narwali,812508,125
812508450,Padal Bari,812508,125
812508460,Padal Chhoti,812508,125
812508470,Padla,812508,125
812508480,Padoli Rathor,812508,125
812508490,Paroli Gordhan,812508,125
812508500,Roojiya,812508,125
812508510,Roopji Ka Khera,812508,125
812508520,Sarondiya,812508,125
812508530,Savniya,812508,125
812508540,Senawasa,812508,125
812508550,Sona Magri,812508,125
812508560,Thikariya Chandrawat,812508,125
812509606,Municipal - Kushalgarh (M),812509,125
811203100,Dhehari,811203,112
811203110,Dotina,811203,112
811203120,Dugastau,811203,112
811203130,Dugoli,811203,112
811203140,Gorau,811203,112
811203150,Gugriyali,811203,112
811203160,Jalniyasar,811203,112
811203170,Jayal,811203,112
811203180,Jhareli,811203,112
811203190,Jocheena,811203,112
811203200,Kamediya,811203,112
811203210,Kathoti,811203,112
811203220,Khatoo Bari,811203,112
811203230,Kherat,811203,112
811203240,Khinyala,811203,112
811203250,Manglod,811203,112
811203260,Peendiya,811203,112
811203270,Phardod,811203,112
811203280,Rajod,811203,112
811203290,Ratanga,811203,112
811203300,Rohina,811203,112
811203310,Rotoo,811203,112
811203320,Sandeela,811203,112
811203330,Somra,811203,112
811203340,Soneli,811203,112
811203350,Surpaliya,811203,112
811204230,Lalawas,811204,112
811204240,Madpura,811204,112
811204250,Nagri,811204,112
811204260,Narwa Kalan,811204,112
811204270,Paboosar,811204,112
811204280,Panchla Siddha,811204,112
811204290,Panchori,811204,112
811204300,Papasani,811204,112
811204310,Peepliya,811204,112
811204320,Tankla,811204,112
811204330,Tantwas,811204,112
811205854,Municipal - Kuchaman City,811205,112
811205855,Municipal - Nawa,811205,112
811205010,Adaksar,811205,112
811205020,Anandpura,811205,112
811205030,Bhanwata,811205,112
811205040,Charanwas,811205,112
811205050,Chawandiya,811205,112
811205060,Chitawa,811205,112
811205070,Deeppura,811205,112
811205080,Ghatwa,811205,112
811205090,Heerani,811205,112
811205100,Hudeel,811205,112
811205110,Indali,811205,112
811205120,Jeejot,811205,112
811205130,Jiliya,811205,112
811205140,Khariya,811205,112
811205150,Khorandi,811205,112
811205160,Kooni,811205,112
811205170,Kukanwali,811205,112
811205180,Lalas,811205,112
811205190,Mandawara,811205,112
811205200,Nagwara,811205,112
811205210,Nalot,811205,112
811205220,Narayanpura,811205,112
811205230,Palara,811205,112
811205240,Panchwa,811205,112
811205250,Parewadi,811205,112
811205260,Prempura,811205,112
811205270,Rasal,811205,112
811205280,Rooppura,811205,112
811205290,Sargoth,811205,112
811205300,Shiv,811205,112
811205310,Todas,811205,112
811205320,Ugarpura,811205,112
811206888,Municipal - Ladnu,811206,112
811206010,Asota,811206,112
811206020,Bakliya,811206,112
811206030,Baldoo,811206,112
811206040,Balsamand,811206,112
811206050,Chandrai,811206,112
811206060,Chhapara,811206,112
811206070,Dheengsari,811206,112
811206080,Dhyawa,811206,112
811206090,Dujar,811206,112
811206100,Genana,811206,112
811206110,Gheerdoda Meetha,811206,112
811206120,Hudas,811206,112
811206130,Indrapura,811206,112
811206140,Jaswant Garh,811206,112
811206150,Kasumbi Alipur,811206,112
811206160,Khamiyad,811206,112
811206170,Lachhri,811206,112
811206180,Ledi,811206,112
811206190,Mangalpura,811206,112
811206200,Meethri,811206,112
811206210,Nimbi Jodhan,811206,112
811206220,Odeet,811206,112
811206230,Ratau,811206,112
811206240,Reengan,811206,112
811206250,Rodoo,811206,112
811206260,Sanwrad,811206,112
811206270,Sardi,811206,112
811206280,Seenwa,811206,112
811206290,Silanwad,811206,112
811206300,Sunari,811206,112
811206310,Tanwara,811206,112
811206320,Udrasar,811206,112
811207921,Municipal - Makrana,811207,112
811207010,Altawa,811207,112
811207020,Asarwa,811207,112
811207030,Bajoli,811207,112
811207040,Barwali,811207,112
811207050,Besroli,811207,112
811207060,Bhaiya Kalan,811207,112
811207070,Bharnai,811207,112
811207080,Bhichawa,811207,112
811207090,Billoo,811207,112
811207100,Borawar (Ct),811207,112
811207110,Budsoo,811207,112
811207120,Chandi,811207,112
811207130,Dhananwana,811207,112
811207140,Dobri Kalan,811207,112
811207150,Gehda Kala,811207,112
811207160,Gelasar,811207,112
811207170,Huriya,811207,112
811207180,Indokha,811207,112
811207190,Itawa Bamniya,811207,112
811207200,Itawa Lakha,811207,112
811207210,Jakhli,811207,112
811207220,Joosariya,811207,112
811207230,Joosri,811207,112
811207240,Kalwa Bara,811207,112
811207250,Khardiya,811207,112
811207260,Kheri Sheela,811207,112
811207270,Kukrod,811207,112
811207280,Manana,811207,112
811207290,Modi Charna,811207,112
811207300,Nandoli Mertiya,811207,112
811207310,Nimbari,811207,112
811207320,Ramsiya,811207,112
811207330,Rani Gaon,811207,112
811207340,Sabalpur,811207,112
811207350,Safer Bari,811207,112
811207360,Sarnawara,811207,112
811208958,Municipal - Merta City,811208,112
811208010,Bargaon,811208,112
811208020,Basni Seja,811208,112
811208030,Beetan,811208,112
811208040,Bhatiyon Ki Dhani,811208,112
811208050,Chhapri Khurd,811208,112
811208060,Dabariyani Kalan,811208,112
811208070,Dadhwara,811208,112
811208080,Dangawas,811208,112
811208090,Datani,811208,112
811208100,Dhandhlas Uda,811208,112
811208110,Dhawa,811208,112
811208120,Gagrana,811208,112
811208130,Gathiya,811208,112
811208140,Gothan,811208,112
811208150,Harsolao,811208,112
811208160,Indawar,811208,112
811208170,Jaroda Kalan,811208,112
811208180,Kalru,811208,112
811208190,Karwasaron Ki Dhani,811208,112
811208200,Katyasani,811208,112
811208210,Khakharki,811208,112
811208220,Kheduli,811208,112
811208230,Kurdaya,811208,112
811208240,Lamba Jatan,811208,112
811208250,Merta Road,811208,112
811208260,Mokalpur,811208,112
811208270,Morara,811208,112
811208280,Netadiya,811208,112
811208290,Nokha Chandawata,811208,112
811208300,Oladan,811208,112
811208310,Poondloo,811208,112
811208320,Ren,811208,112
811208330,Riya-Shyamdas,811208,112
811208340,Rol Chandawata,811208,112
811208350,Satlas,811208,112
811208360,Sogawas,811208,112
811208370,Talanpur,811208,112
811208380,Tukliya,811208,112
811209010,Akoda,811209,112
811209020,Alakhpura,811209,112
811209030,Bansa,811209,112
811209040,Begsar,811209,112
811209050,Berwa,811209,112
811209060,Bhadliya,811209,112
811209070,Chhapri Kalan,811209,112
811209080,Chhapri Khurd,811209,112
811209090,Dabra,811209,112
811209100,Dakipura,811209,112
811209110,Dausar,811209,112
811209120,Dhankoli,811209,112
811209130,Khakholi,811209,112
811209140,Kharwaliya,811209,112
811209150,Khojas,811209,112
811209160,Ladariya,811209,112
811209170,Mandookara,811209,112
811209180,Molasar,811209,112
811209190,Nimod,811209,112
811209200,Noowa,811209,112
811210180,Lunsara,811210,112
811210190,Manakpur,811210,112
811210200,Mundiyar,811210,112
811210210,Palri Jodha,811210,112
811210220,Phirod,811210,112
811210230,Rol,811210,112
811210240,Roon,811210,112
811210250,Roopathal,811210,112
811210260,Sankhwas,811210,112
811210270,Senani,811210,112
811210280,Sheelgaon,811210,112
811210290,Thirod,811210,112
811211055,Municipal - Nagaur,811211,112
811211010,Alay,811211,112
811211020,Amarpura,811211,112
811211030,Balwa,811211,112
811211040,Barangaon,811211,112
811211050,Barani,811211,112
811211060,Basani Belima (C.T.),811211,112
811211070,Bhadana,811211,112
811211080,Bhanwad,811211,112
811211090,Chau,811211,112
811211100,Chenar,811211,112
811211110,Chheela,811211,112
811211120,Chuntisara,811211,112
811211130,Dhundhwalon Ki Dhani,811211,112
811211140,Dukosi,811211,112
811211150,Gagwana,811211,112
811211160,Gantheelasar,811211,112
811211170,Gogelao,811211,112
811211180,Hanmannagar,811211,112
811211190,Jhadisara,811211,112
811211200,Jodhiyasi,811211,112
811211210,Kalri,811211,112
811211220,Khari Karamsotan,811211,112
811211230,Kumari,811211,112
811211240,Makori,811211,112
811211250,Raidhanu,811211,112
811211260,Rohini,811211,112
811211270,Sarasani,811211,112
811211280,Satheran,811211,112
811211290,Seengar,811211,112
811211300,Sewri,811211,112
811211310,Shri Balaji,811211,112
811211320,Shyamsar,811211,112
811211330,Sinod,811211,112
811211340,Tausar,811211,112
811211350,Untwaliya,811211,112
811212010,Barjan,811212,112
811212020,Bhagwanpura,811212,112
811212030,Bhooni,811212,112
811212040,Chosla,811212,112
811212050,Deoloi Kalan,811212,112
811212060,Govindi,811212,112
811212070,Gurha Salt,811212,112
811212080,Indokha,811212,112
811212090,Jabdi Nagar,811212,112
811212100,Khakharki,811212,112
811212110,Khardiya,811212,112
811212120,Lichana,811212,112
811212130,Loonwa,811212,112
811212140,Maharajpura,811212,112
811212150,Maroth,811212,112
811212160,Meethri,811212,112
811212170,Minda,811212,112
811212180,Moondgasoi,811212,112
811212190,Muwana,811212,112
811212200,Panchota,811212,112
811212210,Rajliya,811212,112
811212220,Shimbhoopura,811212,112
811212230,Shyamgarh,811212,112
811212240,Solaya,811212,112
811213115,Municipal-Parbatsar (M),811213,112
811213010,Badoo,811213,112
811213020,Bagot,811213,112
811213030,Bajwas,811213,112
811213040,Barev,811213,112
811213050,Bassi,811213,112
811213060,Beenthwaliya,811213,112
811213070,Bhadsiyan,811213,112
811213080,Bhadwa,811213,112
811213090,Bhakri Maulas,811213,112
811213100,Bidiyad,811213,112
811213110,Chitai,811213,112
811213120,Dhadhota,811213,112
811213130,Gangwa,811213,112
811213140,Gingoli,811213,112
811213150,Gular,811213,112
811213160,Harnawa,811213,112
811213170,Janjeela,811213,112
811213180,Jawla,811213,112
811213190,Jhalra,811213,112
811213200,Kaletara,811213,112
811213210,Khokhar,811213,112
811213220,Kinsariya,811213,112
811213230,Kundri,811213,112
811213240,Kurada,811213,112
811213250,Manglana,811213,112
811213260,Mayapur,811213,112
811213270,Neniya,811213,112
811213280,Netiyas,811213,112
811213290,Peeh,811213,112
811213300,Peelwa,811213,112
811213310,Peeplad,811213,112
811213320,Rabdiyad,811213,112
811213330,Rid,811213,112
811213340,Rohindi,811213,112
811213350,Roonija,811213,112
811213360,Taparwara,811213,112
811214010,Alniyawas,811214,112
811214020,Arniyala,811214,112
811214030,Bagar,811214,112
811214040,Barayli,811214,112
811214050,Bari Ghati,811214,112
811214060,Beejathal,811214,112
811214070,Bhawal,811214,112
811214080,Bherunda,811214,112
811214090,Chawadiya Kalan,811214,112
811214100,Chundiya,811214,112
811214110,Dhanipura,811214,112
811214120,Dodiyana,811214,112
811214130,Gawardi,811214,112
811214140,Jarau Kalan,811214,112
811214150,Jasnagar,811214,112
811214160,Jaswantabad,811214,112
811214170,Jatawas,811214,112
811214180,Jhintiya,811214,112
811214190,Kod,811214,112
811214200,Ladpura,811214,112
811214210,Lampolai,811214,112
811214220,Leeliya,811214,112
811214230,Medas,811214,112
811214240,Morikalan,811214,112
811214250,Mugdara,811214,112
811214260,Nimbola Biswa,811214,112
811214270,Padoo Kalan,811214,112
811214280,Padoo Khurd,811214,112
811214290,Riyan Bari,811214,112
811214300,Rohisa,811214,112
811214310,Sathana Kalan,811214,112
811214320,Sensra,811214,112
811214330,Soodwar,811214,112
811214340,Tehla,811214,112
811214350,Thanwala,811214,112
812001187,Municipal - Deoli,812001,120
812001010,Anwa,812001,120
812001020,Baloonda,812001,120
812001030,Banthali,812001,120
812001040,Baroli,812001,120
812001050,Beejwar,812001,120
812001060,Chandli,812001,120
812001070,Chandsinghpura,812001,120
812001080,Chandwar,812001,120
812001090,Charnet,812001,120
812001100,Dabarkalan,812001,120
812001110,Deoli,812001,120
812001120,Deorawas,812001,120
812001130,Dhuan Kalan,812001,120
812001140,Dooni,812001,120
812001150,Gaonri,812001,120
812001160,Geroli,812001,120
812001170,Ghar,812001,120
812001180,Gurai,812001,120
812001190,Hisampur,812001,120
812001200,Jooniya,812001,120
812001210,Kanwara,812001,120
812001220,Kaseer,812001,120
812001230,Khawaspura,812001,120
812001240,Malera,812001,120
812001250,Nagar Fort,812001,120
812001260,Nasirda,812001,120
812001270,Niwariya,812001,120
812001280,Panwar,812001,120
812001290,Polyara,812001,120
812001300,Rajkot,812001,120
812001310,Rajmahal,812001,120
812001320,Ramsagar,812001,120
812001330,Ratanpura,812001,120
812001340,Sandla,812001,120
812001350,Santhali,812001,120
812001360,Sanwatgarh,812001,120
812001370,Sitapura,812001,120
812001380,Thanwala,812001,120
812001390,Toda Ka Gothra,812001,120
812001400,Tokrawas,812001,120
812002228,Municipal - Malpura,812002,120
812002010,Antoli,812002,120
812002020,Awra,812002,120
812002030,Barol,812002,120
812002040,Budha Dewal,812002,120
812002050,Chabrana,812002,120
812002060,Chainpura,812002,120
812002070,Chandsen,812002,120
812002080,Chawandiya,812002,120
812002090,Deshma,812002,120
812002100,Dholi,812002,120
812002110,Diggi,812002,120
812002120,Doongri Kalan,812002,120
812002130,Ganwar,812002,120
812002140,Indoli,812002,120
812002150,Jharli,812002,120
812002160,Kacholiya,812002,120
812002170,Kadeela,812002,120
812002180,Kalmanda,812002,120
812002190,Kantoli,812002,120
812002200,Kirawal,812002,120
812002210,Kurad,812002,120
812002220,Lamba Hari Singh,812002,120
812002230,Lawa,812002,120
812002240,Malikpur,812002,120
812002250,Malpura( Rural),812002,120
812002260,Morla,812002,120
812002270,Nagar,812002,120
812002280,Pachewar,812002,120
812002290,Parli,812002,120
812002300,Rajpura,812002,120
812002310,Rindliya Bujurg,812002,120
812002320,Sindholiya,812002,120
812002330,Sitarampura,812002,120
812002340,Soda,812002,120
812002350,Soda Baori,812002,120
812002360,Teelanju,812002,120
812002370,Tordi,812002,120
812003266,Municipal - Niwai,812003,120
812003010,Bahar,812003,120
812003020,Bassi,812003,120
812003030,Beedoli,812003,120
812003040,Bharthala,812003,120
812003050,Chainpura,812003,120
812003060,Chanani,812003,120
812003070,Chatarbhujpura,812003,120
812003080,Churada,812003,120
812003090,Dahlod,812003,120
812003100,Dangarthal,812003,120
812003110,Datwas,812003,120
812003120,Dhani Jugalpura,812003,120
812003130,Gunsi,812003,120
812003140,Hanotiya Bujurg,812003,120
812003150,Hingoniya,812003,120
812003160,Jamdoli,812003,120
812003170,Jhilai,812003,120
812003180,Jodhpuriya,812003,120
812003190,Kareda Bujurg,812003,120
812003200,Khandewat,812003,120
812003210,Khandwa,812003,120
812003220,Khirgi,812003,120
812003230,Lalwari,812003,120
812003240,Luhara,812003,120
812003250,Mahapura @ Turkiya,812003,120
812003260,Moondiya,812003,120
812003270,Natwara,812003,120
812003280,Nohta,812003,120
812003290,Pahari,812003,120
812003300,Palei,812003,120
812003310,Raholi,812003,120
812003320,Rajwas,812003,120
812003330,Saidariya Khurd,812003,120
812003340,Seendra,812003,120
812003350,Shri  Rampura @ Nayagaon,812003,120
812003360,Sidra,812003,120
812003370,Siras,812003,120
812003380,Sirohi,812003,120
812003390,Sunara,812003,120
812003400,Teetoli @ Baragaon,812003,120
812003410,Vanasthali,812003,120
812004308,Municipal-Todaraisingh,812004,120
812004010,Aliyari,812004,120
812004020,Baori,812004,120
812004030,Barwas,812004,120
812004040,Basera,812004,120
812004050,Bassi,812004,120
812004060,Bhanwata,812004,120
812004070,Bhasoo,812004,120
812004080,Botunda,812004,120
812004090,Chhan Bassorya,812004,120
812004100,Dabar Doomba,812004,120
812004110,Datob,812004,120
812004120,Ganeti,812004,120
812004130,Gopalpura,812004,120
812004140,Hameerpur,812004,120
812004150,Indokiya,812004,120
812004160,Kanwarawas,812004,120
812004170,Khareda,812004,120
812004180,Kookar,812004,120
812004190,Kuhara Bujurg,812004,120
812004200,Lachhmipura,812004,120
812004210,Lamba Kalan,812004,120
812004220,Mandolai,812004,120
812004230,Mehroo,812004,120
812004240,Moondiya Kalan,812004,120
812004250,Mor,812004,120
812004260,Mor Bhatiyan,812004,120
812004270,Panwaliya,812004,120
812004280,Rindalya Rampura,812004,120
812004290,Sawariya,812004,120
812004300,Tharoli,812004,120
812004310,Uniyara Khurd,812004,120
812005999,Municipal - Tonk,812005,120
812005010,Arniyakedar,812005,120
812005020,Arniyamal,812005,120
812005030,Bagarwa,812005,120
812005040,Bagri,812005,120
812005050,Bamor,812005,120
812005060,Banwara,812005,120
812005070,Baroni,812005,120
812005080,Bharni,812005,120
812005090,Bor Khandi Kalan,812005,120
812005100,Chandlai,812005,120
812005110,Chhan,812005,120
812005120,Chogai,812005,120
812005130,Dakhiya,812005,120
812005140,Darda Hind,812005,120
812005150,Darda Turki,812005,120
812005160,Deoli,812005,120
812005170,Deopura,812005,120
812005180,Dodwari,812005,120
812005190,Fyawari,812005,120
812005200,Galod,812005,120
812005210,Ghas,812005,120
812005220,Hadi Kalan,812005,120
812005230,Harchandera,812005,120
812005240,Hatauna,812005,120
812005250,Janwali,812005,120
812005260,Jhirana,812005,120
812005270,Jola,812005,120
812005280,Kabra,812005,120
812005290,Kashipura,812005,120
812005300,Kathmana,812005,120
812005310,Kureda,812005,120
812005320,Lamba,812005,120
812005330,Lawadar,812005,120
812005340,Loharwara,812005,120
812005350,Mandawar,812005,120
812005360,Mehandwas,812005,120
812005370,Naner,812005,120
812005380,Nathri,812005,120
812005390,Nimahera,812005,120
812005400,Palra,812005,120
812005410,Parana,812005,120
812005420,Pasrotiya,812005,120
812005430,Peeploo,812005,120
812005440,Ranoli,812005,120
812005450,Sandera,812005,120
812005460,Sankhana,812005,120
812005470,Sohela,812005,120
812005480,Sonwa,812005,120
812005490,Soran,812005,120
812005500,Takholi,812005,120
812006391,Municipal-Uniara (M),812006,120
812006392,Municipal - Maliyon & Suriyon Ki Jhonpariyan,812006,120
812006393,Municipal - Uniara - I & Ii,812006,120
812006010,Aligarh,812006,120
812006020,Amli,812006,120
812006030,Balithal,812006,120
812006040,Banetha,812006,120
812006050,Bilaspur,812006,120
812006060,Bilota,812006,120
812006070,Bosariya,812006,120
812006080,Choru,812006,120
812006090,Deoli,812006,120
812006100,Dhikoliya,812006,120
812006110,Gothra,812006,120
812006120,Haidaripura,812006,120
812006130,Jhoondwa,812006,120
812006140,Kachrawata,812006,120
812006150,Kakod,812006,120
812006160,Khatoli,812006,120
812006170,Khelniya,812006,120
812006180,Khohlya,812006,120
812006190,Kunder,812006,120
812006200,Mandawara,812006,120
812006210,Mohammad Garh,812006,120
812006220,Mohammad Pura,812006,120
812006230,Pachala,812006,120
812006240,Palai,812006,120
812006250,Patoli,812006,120
812006260,Payga,812006,120
812006270,Phooleta,812006,120
812006280,Ranipura,812006,120
812006290,Rooppura,812006,120
812006300,Roopwas,812006,120
812006310,Shop,812006,120
812006320,Soothra,812006,120
812006330,Sureli,812006,120
810501427,Municipal-Bayana (M),810501,105
810501010,Bagren,810501,105
810501020,Bajna,810501,105
810501030,Barkhera,810501,105
810501040,Baroda,810501,105
810501050,Beerampura,810501,105
810501060,Bidyari,810501,105
810501070,Brahmawad,810501,105
810501080,Dehgawan,810501,105
810501090,Dhadren,810501,105
810501100,Farso,810501,105
810501110,Gazipur,810501,105
810501120,Gurdha Nadi,810501,105
810501130,Harnagar,810501,105
810501140,Jaisora,810501,105
810501150,Jaspura Moroli,810501,105
810501160,Kair,810501,105
810501170,Kalsara,810501,105
810501180,Kanawar,810501,105
810501190,Kapoora Malooka,810501,105
810501200,Karwari,810501,105
810501210,Khan Khera,810501,105
810501220,Khareri,810501,105
810501230,Kherli Gadasiya,810501,105
810501240,Khohra,810501,105
810501250,Khoot Khera,810501,105
810501260,Lahchora Kalan,810501,105
810501270,Mahloni,810501,105
810501280,Mahmadpura,810501,105
810501290,Mahrawar,810501,105
810501300,Milakpur,810501,105
810501310,Nahroli,810501,105
810501320,Naroli,810501,105
810501330,Nawli,810501,105
810501340,Palidang,810501,105
810501350,Parua,810501,105
810501360,Purabai Khera,810501,105
810501370,Salabad,810501,105
810501380,Samogar,810501,105
810501390,Seedpur,810501,105
810501400,Shahpur,810501,105
810501410,Shergarh,810501,105
810501420,Singhaniya,810501,105
810501430,Singhara,810501,105
810501440,Tarsooma,810501,105
810501450,Thana Dang,810501,105
810502473,Municipal-Deeg (M),810502,105
810502010,Aou,810502,105
810502020,Badangarh,810502,105
810502030,Badripur,810502,105
810502040,Bahaj,810502,105
810502050,Bandha Chauth,810502,105
810502060,Barai,810502,105
810502070,Baroli Chauth,810502,105
810502080,Bedham,810502,105
810502090,Chulera,810502,105
810502100,Dantlothi,810502,105
810502110,Dhamari,810502,105
810502120,Didawali,810502,105
810502130,Guhana,810502,105
810502140,Iklahra,810502,105
810502150,Jantoothar,810502,105
810502160,Jatoli Thoon,810502,105
810502170,Kakra,810502,105
810502180,Kasot,810502,105
810502190,Khera Brahman,810502,105
810502200,Khoh,810502,105
810502210,Khohri,810502,105
810502220,Korer,810502,105
810502230,Kuchawati,810502,105
810502240,Mawai,810502,105
810502250,Moroli,810502,105
810502260,Nigohi,810502,105
810502270,Panhori,810502,105
810502280,Paramdara,810502,105
810502290,Pasopa,810502,105
810502300,Pasta,810502,105
810502310,Samai,810502,105
810502320,Shyorawali,810502,105
810502330,Sinsini,810502,105
810502340,Siswara,810502,105
810502350,Songaon,810502,105
810502360,Toda,810502,105
810503510,Municipal-Kaman (M),810503,105
810503010,Anchwara,810503,105
810503020,Barauli Dhau,810503,105
810503030,Bhandara,810503,105
810503040,Bilang,810503,105
810503050,Bilond,810503,105
810503060,Chhichharwari,810503,105
810503070,Dhilawati,810503,105
810503080,Gaonri,810503,105
810503090,Garah Ajan,810503,105
810503100,Jhilpatti,810503,105
810503110,Jurhara,810503,105
810503120,Kanwara,810503,105
810503130,Lewra,810503,105
810503140,Luhesar,810503,105
810503150,Moonsepur,810503,105
810503160,Nandera,810503,105
810503170,Naunera,810503,105
810503180,Nogawan,810503,105
810503190,Olanda,810503,105
810503200,Pai,810503,105
810503210,Palla,810503,105
810503220,Sablana,810503,105
810503230,Sahera,810503,105
810503240,Satwas,810503,105
810503250,Sonokhar,810503,105
810503260,Sunhera,810503,105
810503270,Udaka,810503,105
810503280,Unchera,810503,105
810503290,Vaulkhera,810503,105
810504540,Municipal -Kumher (M),810504,105
810504010,Abhaurra,810504,105
810504020,Ajan,810504,105
810504030,Ajau,810504,105
810504040,Astavan,810504,105
810504050,Awar,810504,105
810504060,Baben,810504,105
810504070,Belara Kalan,810504,105
810504080,Bhatawali,810504,105
810504090,Birharu,810504,105
810504100,Dahra,810504,105
810504110,Dandoo,810504,105
810504120,Dhanwara,810504,105
810504130,Gudawali,810504,105
810504140,Gunsara,810504,105
810504150,Helak,810504,105
810504160,Koomha,810504,105
810504170,Lakhan,810504,105
810504180,Maharawar,810504,105
810504190,Pahua,810504,105
810504200,Pala,810504,105
810504210,Paprera,810504,105
810504220,Pichoomar,810504,105
810504230,Rarah,810504,105
810504240,Reethauthi,810504,105
810504250,Rund Helak,810504,105
810504260,Sabora,810504,105
810504270,Santrook,810504,105
810504280,Sent,810504,105
810504290,Sikrora,810504,105
810504300,Sogar,810504,105
810504310,Takha,810504,105
810504320,Talphara,810504,105
810504330,Tamrer,810504,105
810504340,Therawar,810504,105
810504350,Ubar,810504,105
810504360,Usrani,810504,105
810505577,Municipal-Nadbai (M),810505,105
810505010,Akhaigarh,810505,105
810505020,Atari,810505,105
810505030,Bachhamadi,810505,105
810505040,Bahramda,810505,105
810505050,Barauli Chhar,810505,105
810505060,Barauli Ran,810505,105
810505070,Bhadeera,810505,105
810505080,Dahra,810505,105
810505090,Enchera,810505,105
810505100,Gadauli,810505,105
810505110,Gagwana,810505,105
810505120,Gangroli,810505,105
810505130,Hantra,810505,105
810505140,Jahangeerpur,810505,105
810505150,Jharkai,810505,105
810505160,Kareeli,810505,105
810505170,Karhi,810505,105
810505180,Katara,810505,105
810505190,Kawai,810505,105
810505200,Khangri,810505,105
810505210,Khatauti,810505,105
810505220,Kheri Devisingh,810505,105
810505230,Lakhanpur,810505,105
810505240,Luhasa,810505,105
810505250,Mai,810505,105
810505260,Nam,810505,105
810505270,Nayabas,810505,105
810505280,Nyotha,810505,105
810505290,Paharsar,810505,105
810505300,Paraswara,810505,105
810505310,Pingora,810505,105
810505320,Piprau,810505,105
810505330,Raisees,810505,105
810505340,Roneeja,810505,105
810505350,Talchhera,810505,105
810505360,Unch,810505,105
810505370,Utarda,810505,105
810506615,Municipal -Nagar (M),810506,105
810506010,Alamshah,810506,105
810506020,Bas Burja,810506,105
810506030,Berroo,810506,105
810506040,Bhatpura,810506,105
810506050,Chirawal Mali,810506,105
810506060,Dawak,810506,105
810506070,Dunawal,810506,105
810506080,Fatehpur Kalan,810506,105
810506090,Gahankar,810506,105
810506100,Gangawak,810506,105
810506110,Gulpara,810506,105
810506120,Jaishri,810506,105
810506130,Jalalpur,810506,105
810506140,Jalooki,810506,105
810506150,Jhanjhar,810506,105
810506160,Kakrala,810506,105
810506170,Khakhawali,810506,105
810506180,Khesti,810506,105
810506190,Khohari,810506,105
810506200,Manota Kalan,810506,105
810506210,Moondoti,810506,105
810506220,Moraka,810506,105
810506230,Muriya,810506,105
810506240,Padalwas,810506,105
810506250,Palka,810506,105
810506260,Pendka,810506,105
810506270,Rasiya,810506,105
810506280,Sadhpuri,810506,105
810506290,Seekri,810506,105
810506300,Semla Kalan,810506,105
810506310,Semli,810506,105
810506320,Sihawali,810506,105
810506330,Sirthala,810506,105
810506340,Sundrawali,810506,105
810506350,Taraudar,810506,105
810506360,Teski,810506,105
810506370,Thoon,810506,105
810506380,Urki Dalla,810506,105
810507010,Bamanwari,810507,105
810507020,Bhaisera,810507,105
810507030,Bhori,810507,105
810507040,Bodoli,810507,105
810507050,Dhaulet,810507,105
810507060,Dheemri,810507,105
810507070,Gangora,810507,105
810507080,Ghatmeeka,810507,105
810507090,Ghoseenga,810507,105
810507100,Gopalgarh,810507,105
810507110,Jot Roohalla,810507,105
810507120,Jotri Peepal,810507,105
810507130,Kaithwara,810507,105
810507140,Kathaul,810507,105
810507150,Khandewla,810507,105
810507160,Kherli Manna,810507,105
810507170,Ladamka,810507,105
810507180,Ladlaka,810507,105
810507190,Maliki,810507,105
810507200,Matooki,810507,105
810507210,Moongaska,810507,105
810507220,Pahari,810507,105
810507230,Papra,810507,105
810507240,Pathrali,810507,105
810507250,Peepal Khera,810507,105
810507260,Ranph,810507,105
810507270,Sahsan,810507,105
810507280,Sanwler,810507,105
810507290,Satwari,810507,105
810507300,Saumka,810507,105
810508010,Andhiyari,810508,105
810508020,Bahra Rekhpura,810508,105
810508030,Barah Mafi,810508,105
810508040,Barigha,810508,105
810508050,Bhaisa,810508,105
810508060,Bhawanpura,810508,105
810508070,Chekora,810508,105
810508080,Dahina Gaon,810508,105
810508090,Daurda,810508,105
810508100,Dhana,810508,105
810508110,Dumriya,810508,105
810508120,Fatehpur,810508,105
810508130,Gahlau,810508,105
810508140,Ibrahimpur,810508,105
810508150,Jatmasi,810508,105
810508160,Jotroli,810508,105
810508170,Khan Surjapura,810508,105
810508180,Khanuan,810508,105
810508190,Kharera,810508,105
810508200,Khera Thakur,810508,105
810508210,Khudasa,810508,105
810508220,Kurka,810508,105
810508230,Madapura,810508,105
810508240,Mahalpur Choora,810508,105
810508250,Maloni,810508,105
810508260,Marauli,810508,105
810508270,Milsawa,810508,105
810508280,Mudhera,810508,105
810508290,Nabhera,810508,105
810508300,Nagla Beeja,810508,105
810508310,Naya Gaon,810508,105
810508320,Noharda,810508,105
810508330,Odel Gaddi,810508,105
810508340,Paharpur,810508,105
810508350,Pichoona,810508,105
810508360,Rudawal,810508,105
810508370,Rundh Rupbas,810508,105
810508380,Rupbas,810508,105
810508390,Sedpura,810508,105
810508400,Shahna,810508,105
810508410,Shakkarpur,810508,105
810508420,Sirrond,810508,105
810508430,Tehariya Mafi,810508,105
810508440,Uchchain,810508,105
810508450,Vinuan,810508,105
810509729,Municipal-Bharatpur (M),810509,105
810509730,Municipal - Sewar,810509,105
810509731,Municipal -Noh (Rural),810509,105
810509732,Municipal -Tonga (Rural),810509,105
810509010,Aghapur,810509,105
810509020,Bachhamandi,810509,105
810509030,Bahnera,810509,105
810509040,Bansi Khurd,810509,105
810509050,Bilauthi,810509,105
810509060,Chichana,810509,105
810509070,Chiksana,810509,105
810509080,Ekta,810509,105
810509090,Gaonri,810509,105
810509100,Ghusyari,810509,105
810509110,Hathaini,810509,105
810509120,Ikaran,810509,105
810509130,Jagheena,810509,105
810509140,Jatoli Rathman,810509,105
810509150,Jharoli,810509,105
810509160,Khadera,810509,105
810509170,Khemra,810509,105
810509180,Koomha,810509,105
810509190,Ludhabai,810509,105
810509200,Madarpur,810509,105
810509210,Madhoni,810509,105
810509220,Mahua,810509,105
810509230,Malah,810509,105
810509240,Moondota,810509,105
810509250,Moroli Kalan,810509,105
810509260,Murwara,810509,105
810509270,Par,810509,105
810509280,Peepla,810509,105
810509290,Phulwara,810509,105
810509300,Rundh Ikaran,810509,105
810509310,Sunari,810509,105
810509320,Tuhiya,810509,105
810509330,Undra,810509,105
810510766,Municipal-Bhusawar (M),810510,105
810510767,Municipal-Weir (M),810510,105
810510010,Alipur,810510,105
810510020,Amoli,810510,105
810510030,Babekhar,810510,105
810510040,Bachhren,810510,105
810510050,Bajhera Kalan,810510,105
810510060,Ballabhgarh,810510,105
810510070,Barauli,810510,105
810510080,Bhaiseena,810510,105
810510090,Bhootauli,810510,105
810510100,Chaintoli,810510,105
810510110,Chakdharsoni,810510,105
810510120,Chhonkarwara Kalan,810510,105
810510130,Deewali,810510,105
810510140,Dharsoni,810510,105
810510150,Gangroli,810510,105
810510160,Ghatri,810510,105
810510170,Gogera,810510,105
810510180,Govindpura,810510,105
810510190,Halena,810510,105
810510200,Hatauri,810510,105
810510210,Hateejar,810510,105
810510220,Itamda,810510,105
810510230,Jagjiwanpur,810510,105
810510240,Jahanpur,810510,105
810510250,Jeewad,810510,105
810510260,Jharonthi,810510,105
810510270,Kamalpura,810510,105
810510280,Lakhanpur,810510,105
810510290,Mainpura,810510,105
810510300,Moloni,810510,105
810510310,Moodiya Lalita,810510,105
810510320,Naiwara,810510,105
810510330,Naroli,810510,105
810510340,Nithar,810510,105
810510350,Pali,810510,105
810510360,Pathena,810510,105
810510370,Randheergarh,810510,105
810510380,Salempur Kala,810510,105
810510390,Salempur Khurd,810510,105
810510400,Samraya,810510,105
810510410,Sarsaina,810510,105
810510420,Sendhli,810510,105
810510430,Siras,810510,105
810510440,Suhans,810510,105
810510450,Suhari,810510,105
810510460,Umred,810510,105
810601814,Municipal-Bari,810601,106
810601010,Ajeetpur,810601,106
810601020,Aligarh,810601,106
810601030,Barpura,810601,106
810601040,Basai Dang,810601,106
810601050,Bijauli,810601,106
810601060,Chila Chaund,810601,106
810601070,Dhanora,810601,106
810601080,Dheemiri,810601,106
810601090,Garhi Khirana,810601,106
810601100,Garhi Sukkha,810601,106
810601110,Ibrahimpur,810601,106
810601120,Japawali,810601,106
810601130,Kanchanpur,810601,106
810601140,Kanspura,810601,106
810601150,Kasba Nagar,810601,106
810601160,Khanpur Maina,810601,106
810601170,Kudinna,810601,106
810601180,Lakhepura,810601,106
810601190,Marholi,810601,106
810601200,Matsoora,810601,106
810601210,Nagla Beedhora,810601,106
810601220,Nagla Dulhekhan,810601,106
810601230,Naksauda,810601,106
810601240,Neem Khera,810601,106
810601250,Nidhara,810601,106
810601260,Norha,810601,106
810601270,Pidawali,810601,106
810601280,Rudhera,810601,106
810601290,Rupaspur,810601,106
810601300,Saheri,810601,106
810601310,Sanaura,810601,106
810601320,Sewarpali,810601,106
810601330,Singorai,810601,106
810601340,Sonha,810601,106
810601350,Tontri,810601,106
810601360,Umreh,810601,106
810602010,Aangai,810602,106
810602020,Atarsooma,810602,106
810602030,Bagthar,810602,106
810602040,Banora,810602,106
810602050,Barai,810602,106
810602060,Barauli,810602,106
810602070,Baseri,810602,106
810602080,Bharkunjra,810602,106
810602090,Bharli,810602,106
810602100,Bijholi,810602,106
810602110,Boreli,810602,106
810602120,Chandrawali,810602,106
810602130,Davopura,810602,106
810602140,Dhaundh,810602,106
810602150,Dhaur,810602,106
810602160,Domai,810602,106
810602170,Ekta,810602,106
810602180,Golari,810602,106
810602190,Harjoopura,810602,106
810602200,Jarga,810602,106
810602210,Jheel,810602,106
810602220,Jhiri,810602,106
810602230,Kharoli,810602,106
810602240,Khidora,810602,106
810602250,Kunkuta,810602,106
810602260,Leelauti,810602,106
810602270,Madanpur,810602,106
810602280,Madasil,810602,106
810602290,Mamodhan,810602,106
810602300,Mau Gulawali,810602,106
810602310,Moorik,810602,106
810602320,Nadanpur,810602,106
810602330,Pabaini,810602,106
810602340,Pipron,810602,106
810602350,Rahrai,810602,106
810602360,Ratanpur,810602,106
810602370,Salempur,810602,106
810602380,Sarmathura,810602,106
810602390,Tajpura,810602,106
810602400,Timasiya,810602,106
810602410,Viloni,810602,106
810603892,Municipal-Dhaulpur (M),810603,106
810603893,Municipal -Sarkoli,810603,106
810603010,Basaineem,810603,106
810603020,Basaisamnta,810603,106
810603030,Beelpur,810603,106
810603040,Bhaisena,810603,106
810603050,Birondha,810603,106
810603060,Bishnoda,810603,106
810603070,Bothpura,810603,106
810603080,Bretha,810603,106
810603090,Dayeri,810603,106
810603100,Doobra,810603,106
810603110,Dubati,810603,106
810603120,Dulhara,810603,106
810603130,Firozpur,810603,106
810603140,Hinota,810603,106
810603150,Jatoli,810603,106
810603160,Kasimpur,810603,106
810603170,Khera,810603,106
810603180,Kotra,810603,106
810603190,Luhari,810603,106
810603200,Mangrol,810603,106
810603210,Maniyan,810603,106
810603220,Marha Bhau,810603,106
810603230,Moroli,810603,106
810603240,Nainokhar,810603,106
810603250,Odi,810603,106
810603260,Pachgaon,810603,106
810603270,Puraini Chhawanee,810603,106
810603280,Sadikpur,810603,106
810603290,Sarani,810603,106
810603300,Singhawali Bareh,810603,106
810603310,Tagawali,810603,106
810603320,Tanda,810603,106
810603330,Viparpur,810603,106
810604927,Municipal-Rajakhera,810604,106
810604928,Municipal -Jariha No. I,810604,106
810604929,Municipal -Jariha No. Ii,810604,106
810604930,Municipal -Mahadbar No. I,810604,106
810604931,Municipal -Mahadbar No. Ii,810604,106
810604010,Bajna,810604,106
810604020,Basai Gheeyaram,810604,106
810604030,Basai Kare,810604,106
810604040,Bintipura,810604,106
810604050,Cheelpura,810604,106
810604060,Devkhera,810604,106
810604070,Dhondhi Ka Pura,810604,106
810604080,Dihauli,810604,106
810604090,Farashpura,810604,106
810604100,Ganhaidi,810604,106
810604110,Hathwari,810604,106
810604120,Jalalpur,810604,106
810604130,Jasoopura,810604,106
810604140,Kherli,810604,106
810604150,Khurila,810604,106
810604160,Kotpura,810604,106
810604170,Lalpur,810604,106
810604180,Machhariya,810604,106
810604190,Mahadpura,810604,106
810604200,Marena,810604,106
810604210,Nadauli,810604,106
810604220,Nagar,810604,106
810604230,Nahila,810604,106
810604240,Sadapur,810604,106
810604250,Samauna,810604,106
810604260,Samor,810604,106
810604270,Shahpura,810604,106
810604280,Sikroda,810604,106
810604290,Silawat,810604,106
810604300,Singhawali Kalan,810604,106
810605010,Badhiyana,810605,106
810605020,Basai Nawab,810605,106
810605030,Chitaura,810605,106
810605040,Donari,810605,106
810605050,Garhi Chatola,810605,106
810605060,Kaithri,810605,106
810605070,Kanasil,810605,106
810605080,Kareempur,810605,106
810605090,Kolari,810605,106
810605100,Koluwa,810605,106
810605110,Kukra Makra,810605,106
810605120,Kurendha,810605,106
810605130,Malauni Khurd,810605,106
810605140,Maloni Panwar,810605,106
810605150,Manpur,810605,106
810605160,Marha Kankoli,810605,106
810605170,Moosalpur,810605,106
810605180,Nagla Harlal,810605,106
810605190,Nagla Khargpur,810605,106
810605200,Nidhaira Knlan,810605,106
810605210,Nunhera,810605,106
810605220,Piphera,810605,106
810605230,Piprauwa,810605,106
810605240,Puraini,810605,106
810605250,Rajaura Kalan,810605,106
810605260,Rajaura Khurd,810605,106
810605270,Sahroli,810605,106
810605280,Saipu,810605,106
810605290,Sakhwara,810605,106
810605300,Tahri,810605,106
810605310,Taneemo,810605,106
810701993,Municipal-Hindaun (M),810701,107
810701994,Municipal-Hindaun (Rural),810701,107
810701010,Akbarpur,810701,107
810701020,Alipura,810701,107
810701030,Bargawan,810701,107
810701040,Bhango,810701,107
810701050,Bhukrawali,810701,107
810701060,Chandangaon,810701,107
810701070,Chinayata,810701,107
810701080,Danalpur,810701,107
810701090,Dhahara,810701,107
810701100,Dhindora,810701,107
810701110,Gaoda Meena,810701,107
810701120,Gaonri,810701,107
810701130,Ghonsla,810701,107
810701140,Gunsar,810701,107
810701150,Hukmi Khera,810701,107
810701160,Irniya,810701,107
810701170,Jagar,810701,107
810701180,Jat Nagala,810701,107
810701190,Jatwara,810701,107
810701200,Jhareda,810701,107
810701210,Kachroli,810701,107
810701220,Karsoli,810701,107
810701230,Katkar,810701,107
810701240,Khareta,810701,107
810701250,Khera,810701,107
810701260,Kheri Hewat,810701,107
810701270,Kherli Goojar,810701,107
810701280,Kotri,810701,107
810701290,Kyarda Khurd,810701,107
810701300,Lahchora,810701,107
810701310,Mahoo Ibrahimpur,810701,107
810701320,Mahoo Khas,810701,107
810701330,Mandawara,810701,107
810701340,Mothiyapur,810701,107
810701350,Nagla Meena,810701,107
810701360,Palanpur,810701,107
810701370,Pali,810701,107
810701380,Pataunda,810701,107
810701390,Phulwara,810701,107
810701400,Rewai,810701,107
810701410,Sanet,810701,107
810701420,Sherpur,810701,107
810701430,Shri Mahaveer Jee,810701,107
810701440,Sikroda Meena,810701,107
810701450,Somala Ratra,810701,107
810701460,Suroth,810701,107
810701470,Todoopura,810701,107
810701480,Vajheda,810701,107
810701490,Vajna Kalan,810701,107
810701500,Vanki,810701,107
810701510,Vijaypura,810701,107
810701520,Wai Jatt,810701,107
810702047,Municipal-Karauli,810702,107
810702010,Atewa,810702,107
810702020,Beejalpur,810702,107
810702030,Bhavli,810702,107
810702040,Chainpur Barriya,810702,107
810702050,Chainpur Gadoli,810702,107
810702060,Danda,810702,107
810702070,Dukawali,810702,107
810702080,Fatehpur,810702,107
810702090,Gerai,810702,107
810702100,Gunesra,810702,107
810702110,Gurla,810702,107
810702120,Guwreda,810702,107
810702130,Harnagar,810702,107
810702140,Jahangeerpur,810702,107
810702150,Jamoora,810702,107
810702160,Kailadevi,810702,107
810702170,Karsai,810702,107
810702180,Kashipura,810702,107
810702190,Kheriya,810702,107
810702200,Khohri,810702,107
810702210,Khoobnagar,810702,107
810702220,Khooda,810702,107
810702230,Konder,810702,107
810702240,Kota,810702,107
810702250,Kota(Chhawar),810702,107
810702260,Lauhra,810702,107
810702270,Maholi,810702,107
810702280,Mamchari,810702,107
810702290,Manchi,810702,107
810702300,Masalpur,810702,107
810702310,Narayana,810702,107
810702320,Pareeta,810702,107
810702330,Piprani,810702,107
810702340,Raghuvanshi,810702,107
810702350,Rajor,810702,107
810702360,Rampur,810702,107
810702370,Ratiyapura,810702,107
810702380,Rod Kalan,810702,107
810702390,Rudhpura,810702,107
810702400,Saipur,810702,107
810702410,Saseri,810702,107
810702420,Seeloti,810702,107
810702430,Semarda,810702,107
810702440,Sengarpura,810702,107
810702450,Tarhati With Kanchanpur,810702,107
810702460,Tulsipura,810702,107
810703010,Bahadarpur,810703,107
810703020,Bhankri,810703,107
810703030,Bugdar,810703,107
810703040,Chandelipura,810703,107
810703050,Dargawan,810703,107
810703060,Dhoreta,810703,107
810703070,Garhi Ka Gaon,810703,107
810703080,Gurdah,810703,107
810703090,Karanpur,810703,107
810703100,Kased,810703,107
810703110,Langra,810703,107
810703120,Maharajpura,810703,107
810703130,Mandrail,810703,107
810703140,Mogepura,810703,107
810703150,Nanpur,810703,107
810703160,Needar,810703,107
810703170,Ond,810703,107
810703180,Pancholi,810703,107
810703190,Rahir,810703,107
810703200,Ranipura,810703,107
810703210,Rodhai,810703,107
810703220,Toda,810703,107
810703230,Watda,810703,107
810704010,Bagor,810704,107
810704020,Bara,810704,107
810704030,Baragaon,810704,107
810704040,Bardala,810704,107
810704050,Bheelapara,810704,107
810704060,Chirawanda,810704,107
810704070,Dalpura,810704,107
810704080,Dhahariya,810704,107
810704090,Dholeta,810704,107
810704100,Garhkhera,810704,107
810704110,Garhmora,810704,107
810704120,Gurha Chandraji,810704,107
810704130,Jeetkipur,810704,107
810704140,Kaima,810704,107
810704150,Kaimri,810704,107
810704160,Kemla,810704,107
810704170,Kunjela,810704,107
810704180,Maidhe Ka Pura,810704,107
810704190,Nadoti,810704,107
810704200,Pal,810704,107
810704210,Raisana,810704,107
810704220,Rajahera,810704,107
810704230,Ronsi,810704,107
810704240,Salawad,810704,107
810704250,Shahar,810704,107
810704260,Sop,810704,107
810704270,Talchida,810704,107
810704280,Tesgaon,810704,107
810704290,Timawa,810704,107
810705010,Amargarh,810705,107
810705020,Amarwar,810705,107
810705030,Aurach,810705,107
810705040,Bagida,810705,107
810705050,Bajna,810705,107
810705060,Baloti,810705,107
810705070,Bapoti,810705,107
810705080,Baroda,810705,107
810705090,Bhartoon,810705,107
810705100,Bookana,810705,107
810705110,Choragaon,810705,107
810705120,Dabra,810705,107
810705130,Daulatpura,810705,107
810705140,Dikoli Kalan,810705,107
810705150,Ekat,810705,107
810705160,Gajjupura,810705,107
810705170,Gothra,810705,107
810705180,Hariya Ka Mandir,810705,107
810705190,Haroti,810705,107
810705200,Inayati,810705,107
810705210,Jakhoda,810705,107
810705220,Jeerota,810705,107
810705230,Jorli,810705,107
810705240,Kachroda,810705,107
810705250,Kala Gurha,810705,107
810705260,Kherla,810705,107
810705270,Kurgaon,810705,107
810705280,Lediya,810705,107
810705290,Looloj,810705,107
810705300,Mahmadpur,810705,107
810705310,Narauli Dang,810705,107
810705320,Nibhaira,810705,107
810705330,Salempur,810705,107
810705340,Sapotra,810705,107
810706999,Municipal - Tobabhim,810706,107
810706010,Azizpur,810706,107
810706020,Balghat,810706,107
810706030,Bhajera,810706,107
810706040,Bhanakpura,810706,107
810706050,Bhandari,810706,107
810706060,Bhopur,810706,107
810706070,Bonl,810706,107
810706080,Deolen,810706,107
810706090,Dhawan,810706,107
810706100,Gorda,810706,107
810706110,Jagdishpura,810706,107
810706120,Jhareesa,810706,107
810706130,Jonl,810706,107
810706140,Kamalpura,810706,107
810706150,Kanjoli,810706,107
810706160,Kariri,810706,107
810706170,Katara Aziz,810706,107
810706180,Kheri,810706,107
810706190,Khohra,810706,107
810706200,Kirwara,810706,107
810706210,Kudhawal,810706,107
810706220,Lapawali,810706,107
810706230,Machri,810706,107
810706240,Mahmadpur,810706,107
810706250,Mahswa,810706,107
810706260,Manderoo,810706,107
810706270,Mannauj,810706,107
810706280,Matasoola,810706,107
810706290,Moondiya,810706,107
810706300,Morda,810706,107
810706310,Nangal Mandal,810706,107
810706320,Nangal Sherpur,810706,107
810706330,Nisoora,810706,107
810706340,Padampura,810706,107
810706350,Pahari,810706,107
810706360,Parla Khalsa,810706,107
810706370,Ranoli,810706,107
810706380,Sankarwara,810706,107
810706390,Sehrakhar,810706,107
810706400,Shekh Pura,810706,107
810706410,Singhniyan,810706,107
810706420,Tigriya,810706,107
810706430,Urdain,810706,107
810801010,Amawara,810801,108
810801020,Bairada,810801,108
810801030,Bamanwas Patti Kalan,810801,108
810801040,Bamanwas Patti Khurd,810801,108
810801050,Barnala,810801,108
810801060,Batoda,810801,108
810801070,Bhanwra,810801,108
810801080,Bichhauchh,810801,108
810801090,Bichpuri,810801,108
810801100,Binjari,810801,108
810801110,Chandanholi,810801,108
810801120,Dabar,810801,108
810801130,Doongarwara,810801,108
810801140,Gandal,810801,108
810801150,Goojar Barauda,810801,108
810801160,Goth,810801,108
810801170,Jahra,810801,108
810801180,Jeewad,810801,108
810801190,Kakrala,810801,108
810801200,Kherli,810801,108
810801210,Kohli Prempura,810801,108
810801220,Koyla,810801,108
810801230,Liwali,810801,108
810801240,Meena Koleta,810801,108
810801250,Morpa,810801,108
810801260,Naroli Chaur,810801,108
810801270,Phulwara,810801,108
810801280,Piplai,810801,108
810801290,Raneela,810801,108
810801300,Riwali,810801,108
810801310,Sancholi,810801,108
810801320,Shafipura,810801,108
810801330,Sitor,810801,108
810801340,Sukar,810801,108
810801350,Sumel,810801,108
810801360,Sundri,810801,108
810802010,Badaganv Sarwar,810802,108
810802020,Bagdoli,810802,108
810802030,Bans Torda,810802,108
810802040,Bapui,810802,108
810802050,Bhadoti,810802,108
810802060,Bhookha,810802,108
810802070,Bhted,810802,108
810802080,Bichchhi Dona,810802,108
810802090,Bonli,810802,108
810802100,Borda,810802,108
810802110,Chak Biloli,810802,108
810802120,Datooli,810802,108
810802130,Galad Kalan,810802,108
810802140,Gambheera,810802,108
810802150,Gotor,810802,108
810802160,Hathdoli,810802,108
810802170,Hindupura,810802,108
810802180,Jastana,810802,108
810802190,Jhanoon,810802,108
810802200,Jolanda,810802,108
810802210,Karel,810802,108
810802220,Khirni,810802,108
810802230,Kodyai,810802,108
810802240,Kolara,810802,108
810802250,Kushalpura,810802,108
810802260,Lakhanpur,810802,108
810802270,Maksoodanpura,810802,108
810802280,Malarna Chaur,810802,108
810802290,Malarna Doongar,810802,108
810802300,Mamdoli,810802,108
810802310,Mitrapura,810802,108
810802320,Moran,810802,108
810802330,Neemod,810802,108
810802340,Peepalda,810802,108
810802350,Peepalwara,810802,108
810802360,Rathod Nimod,810802,108
810802370,Sankra,810802,108
810802380,Sesa,810802,108
810802390,Taranpur,810802,108
810802400,Thadoli,810802,108
810802410,Udgaon,810802,108
810803010,Adalwara Kalan,810803,108
810803020,Balriya,810803,108
810803030,Banjari,810803,108
810803040,Bhagwatgarh,810803,108
810803050,Bhedola,810803,108
810803060,Chauth Ka Barwara,810803,108
810803070,Dahakwa,810803,108
810803080,Didayach,810803,108
810803090,Isarda,810803,108
810803100,Jhonpra,810803,108
810803110,Jola,810803,108
810803120,Khijoori,810803,108
810803130,Kushtala,810803,108
810803140,Mahapura,810803,108
810803150,Mui,810803,108
810803160,Pancholas,810803,108
810803170,Paondera,810803,108
810803180,Rajwana,810803,108
810803190,Rawanjna Chaur,810803,108
810803200,Rawanjna Doongar,810803,108
810803210,Sarsop,810803,108
810803220,Shiwar,810803,108
810803230,Tapur,810803,108
810804324,Municipal-Gangapur (M),810804,108
810804325,Municipal -Barh Saloda (Rural),810804,108
810804326,Municipal -Saloda (Rural),810804,108
810804010,Ahmadpur (Rural),810804,108
810804020,Amargarh,810804,108
810804030,Baglai,810804,108
810804040,Baman Baroda,810804,108
810804050,Barh Kalan,810804,108
810804060,Baroli,810804,108
810804070,Bucholai,810804,108
810804080,Chooli (Rural),810804,108
810804090,Hingotiya,810804,108
810804100,Hirapur,810804,108
810804110,Jeewli,810804,108
810804120,Khandeep,810804,108
810804130,Khanpur Baroda,810804,108
810804140,Khera Barh Ramgarh,810804,108
810804150,Khoontla Salauna,810804,108
810804160,Kunkata Kalan,810804,108
810804170,Mahanandpur Dyodha,810804,108
810804180,Mahu Kalan,810804,108
810804190,Meena Baroda,810804,108
810804200,Meri,810804,108
810804210,Mohcha,810804,108
810804220,Narayanpur,810804,108
810804230,Naugaon,810804,108
810804240,Paota,810804,108
810804250,Phulwara,810804,108
810804260,Piloda,810804,108
810804270,Raipur,810804,108
810804280,Rendayal Goojar,810804,108
810804290,Salempur,810804,108
810804300,Sewa,810804,108
810804310,Shiwala,810804,108
810804320,Syaroli,810804,108
810804330,Talawara,810804,108
810804340,Toksi,810804,108
810804350,Udai Kalan (Rural),810804,108
810804360,Udai Khurd,810804,108
810804370,Umri,810804,108
810804380,Wazeerpur,810804,108
810805010,Allapur,810805,108
810805020,Aniyala,810805,108
810805030,Axaygarh,810805,108
810805040,Bahrawanda Kalan,810805,108
810805050,Bahrawanda Khurd,810805,108
810805060,Baler,810805,108
810805070,Barnawada,810805,108
810805080,Bhoori Pahari,810805,108
810805090,Bichpuri Gujran,810805,108
810805100,Chhan,810805,108
810805110,Chitara,810805,108
810805120,Daulatpura,810805,108
810805130,Doongri,810805,108
810805140,Dumoda,810805,108
810805150,Gandawar,810805,108
810805160,Goth Bihari,810805,108
810805170,Gothra,810805,108
810805180,Halonda,810805,108
810805190,Khandar,810805,108
810805200,Khandewla,810805,108
810805210,Khidarpur Jadon,810805,108
810805220,Kosra With Chhareth Tod,810805,108
810805230,Kuredi,810805,108
810805240,Kyarda Kalan,810805,108
810805250,Lahsoda,810805,108
810805260,Mai Kalan,810805,108
810805270,Naypur,810805,108
810805280,Pali,810805,108
810805290,Phalodi,810805,108
810805300,Rampura,810805,108
810805310,Redawad,810805,108
810805320,Singor Kalan,810805,108
810805330,Talawara,810805,108
810805340,Todra,810805,108
810806399,Municipal-Sawai Madhopur (M),810806,108
810806400,Municipal -Alanpur (Rural),810806,108
810806401,Municipal -Jatwara Khurd,810806,108
810806402,Municipal -Sawai Madhopur (Rural),810806,108
810806010,Ajnoti,810806,108
810806020,Atoon Kalan,810806,108
810806030,Badolas,810806,108
810806040,Bhadlao,810806,108
810806050,Chakeri,810806,108
810806060,Chharoda,810806,108
810806070,Endwa,810806,108
810806080,Gambhira,810806,108
810806090,Jarawata,810806,108
810806100,Jatwara Kalan,810806,108
810806110,Jeenapur,810806,108
810806120,Karmoda,810806,108
810806130,Khatupura,810806,108
810806140,Khilchipur,810806,108
810806150,Kundera,810806,108
810806160,Lorwara,810806,108
810806170,Makholi,810806,108
810806180,Menpura,810806,108
810806190,Needarda,810806,108
810806200,Olwara,810806,108
810806210,Padana,810806,108
810806220,Ramri,810806,108
810806230,Ranwal,810806,108
810806240,Seloo,810806,108
810806250,Sherpur,810806,108
810806260,Shyampura,810806,108
810806270,Soorwal,810806,108
810806280,Sunari,810806,108
810101431,Municipal Bikaner,810101,101
810101432,Municipal Deshnoke,810101,101
810101010,Ambasar,810101,101
810101020,Badrasar,810101,101
810101030,Bambloo,810101,101
810101040,Barsingsar,810101,101
810101050,Dandoosar,810101,101
810101060,Garhwala,810101,101
810101070,Gusaisar,810101,101
810101080,Hemera,810101,101
810101090,Husangsar,810101,101
810101100,Jaimalsar,810101,101
810101110,Jalalsar,810101,101
810101120,Jalwali,810101,101
810101130,Jamsar,810101,101
810101140,Kalasar,810101,101
810101150,Kanasar,810101,101
810101160,Katariyasar,810101,101
810101170,Kawni,810101,101
810101180,Kesar Desar Jatan,810101,101
810101190,Khara,810101,101
810101200,Kilchoo Deodan,810101,101
810101210,Kolasar,810101,101
810101220,Lalamdesar,810101,101
810101230,Malasar,810101,101
810101240,Moondsar,810101,101
810101250,Nalbari,810101,101
810101260,Napasar,810101,101
810101270,Norang Desar,810101,101
810101280,Palana,810101,101
810101290,Pemasar,810101,101
810101300,Rajera,810101,101
810101310,Ramsar,810101,101
810101320,Ridmalsar Purohitan,810101,101
810101330,Runiya Barawas,810101,101
810101340,Saroopdesar,810101,101
810101350,Seenthal,810101,101
810101360,Serera,810101,101
810101370,Shobhasar,810101,101
810101380,Tejrasar,810101,101
810101390,Udai Ramsar,810101,101
810101400,Udasar,810101,101
810102473,Municipal Dungargarh,810102,101
810102010,Adsar,810102,101
810102020,Badela,810102,101
810102030,Bainisar,810102,101
810102040,Bana,810102,101
810102050,Bapeu,810102,101
810102060,Barjangsar,810102,101
810102070,Beegawas Ramsara,810102,101
810102080,Beejhansar,810102,101
810102090,Bigga,810102,101
810102100,Derajsar,810102,101
810102110,Dhaneru,810102,101
810102120,Dharmas,810102,101
810102130,Dheerdesar Chotiyan,810102,101
810102140,Dulchasar,810102,101
810102150,Dusarna Pandreekji,810102,101
810102160,Gusainsar Bara,810102,101
810102170,Indpalsar Sankhlan,810102,101
810102180,Jaisalsar,810102,101
810102190,Jakhasar,810102,101
810102200,Jalabsar,810102,101
810102210,Jodhasar,810102,101
810102220,Kalyansar Naya,810102,101
810102230,Kitasar Bhatiyan,810102,101
810102240,Lakhasar,810102,101
810102250,Likhma Desar,810102,101
810102260,Likhmisar Dikhnada,810102,101
810102270,Momasar,810102,101
810102280,Pundalsar,810102,101
810102290,Punrasar,810102,101
810102300,Rajedoo,810102,101
810102310,Riri,810102,101
810102320,Samandsar,810102,101
810102330,Sanwatsar,810102,101
810102340,Sattasar,810102,101
810102350,Sheruna,810102,101
810102360,Soniyasar Mithiya,810102,101
810102370,Sudsar,810102,101
810102380,Surjansar,810102,101
810102390,Thukariyasar,810102,101
810102400,Toliyasar,810102,101
810102410,Udrasar,810102,101
810102420,Upni,810102,101
810103010,14 Bd,810103,101
810103020,17 Kyd,810103,101
810103030,2 Kwm,810103,101
810103040,22 Kyd,810103,101
810103050,2Kld,810103,101
810103060,3 Pwm,810103,101
810103070,34 Kyd,810103,101
810103080,5 Kyd,810103,101
810103090,7 Phm,810103,101
810103100,8 Kyd,810103,101
810103110,Aaduri,810103,101
810103120,Amarpura,810103,101
810103130,Anandgarh,810103,101
810103140,Ballar,810103,101
810103150,Beriyawali,810103,101
810103160,Chhataragarh,810103,101
810103170,Daily Talai,810103,101
810103180,Dantaur,810103,101
810103190,Dhandi,810103,101
810103200,Gangajali,810103,101
810103210,Guluwali,810103,101
810103220,Karnisar Bhatiyan,810103,101
810103230,Kharwali,810103,101
810103240,Kundala,810103,101
810103250,Loonkhan,810103,101
810103260,Makeri,810103,101
810103270,Moti Garh,810103,101
810103280,Pahalwan Ka Bera,810103,101
810103290,Poogal,810103,101
810103300,Samdara (Nosera),810103,101
810103310,Satasar,810103,101
810103320,Shiv Nagar,810103,101
810103330,Siyasar Chaugan,810103,101
810103340,Tharoosar,810103,101
810104010,6-8 A.M. (Santosh Nagar),810104,101
810104020,999 Barsalpur,810104,101
810104030,Akasar,810104,101
810104040,Bajju Khalsa,810104,101
810104050,Bangarsar,810104,101
810104060,Barsalpur,810104,101
810104070,Beekampur,810104,101
810104080,Beethnokh,810104,101
810104090,Bhaloori,810104,101
810104100,Bhane Ka Gaon,810104,101
810104110,Bheloo,810104,101
810104120,Bholasar,810104,101
810104130,Bhoorasar,810104,101
810104140,Chandasar,810104,101
810104150,Chani,810104,101
810104160,Charanwala,810104,101
810104170,Dasori,810104,101
810104180,Dewdo Ki Dhani,810104,101
810104190,Diyatara,810104,101
810104200,Gajjewala,810104,101
810104210,Gajner,810104,101
810104220,Gariyala,810104,101
810104230,Girajsar,810104,101
810104240,Godoo,810104,101
810104250,Gogariyawala,810104,101
810104260,Gokal,810104,101
810104270,Gura,810104,101
810105020,Ajeetmana,810105,101
810105030,Arjunsar Station,810105,101
810105040,Baderan,810105,101
810105050,Baladesar,810105,101
810105060,Bamanwali,810105,101
810105070,Bhaderan,810105,101
810105080,Bheekhnera,810105,101
810105090,Chak Jor,810105,101
810105100,Dhani Pandusar,810105,101
810105110,Dheereran,810105,101
810105120,Garabdesar,810105,101
810105130,Gopalyan,810105,101
810105140,Hanseran,810105,101
810105150,Jaitpur,810105,101
810105160,Kaloo,810105,101
810105170,Kankarwala,810105,101
810105180,Kapoorisar,810105,101
810105190,Kelan,810105,101
810105200,Kharbara (3 Dl),810105,101
810105210,Kheenyera,810105,101
810105220,Khokharana,810105,101
810105230,Krishan Nagar,810105,101
810105240,Kujti,810105,101
810105250,Lunkaransar,810105,101
810105260,Mahadeowali,810105,101
810105270,Mahajan,810105,101
810105280,Makrasar,810105,101
810105290,Nathwana,810105,101
810105300,Peepera,810105,101
810105310,Rajasar @ Karnisar,810105,101
810105320,Rajasar Bhatiyan,810105,101
810105330,Rajpura Hudan,810105,101
810105340,Rambagh,810105,101
810105350,Raner Mai Damolai,810105,101
810105360,Rawansar,810105,101
810105370,Rojhan,810105,101
810105380,Sabniyan,810105,101
810105390,Sahajarasar,810105,101
810105400,Sansardesar,810105,101
810105410,Sehniwala,810105,101
810105420,Shekhsar,810105,101
810105430,Sherpura,810105,101
810105440,Sodhwali,810105,101
810105450,Suin,810105,101
810105460,Surnana,810105,101
810106230,Mainsar,810106,101
810106240,Masoori,810106,101
810106250,Morkhana,810106,101
810106260,Mukam,810106,101
810106270,Nokhagaon,810106,101
810106280,Raisar,810106,101
810106290,Rora,810106,101
810106300,Sadhasar,810106,101
810106310,Salundiya,810106,101
810106320,Siniyala,810106,101
810106330,Sinjguroo,810106,101
810106340,Somalsar,810106,101
810106350,Soor Pura,810106,101
810106360,Thawariya,810106,101
810106370,Udsar,810106,101
810107010,Bandhala,810107,101
810107020,Bandhra,810107,101
810107030,Bhadla,810107,101
810107040,Bhamatsar,810107,101
810107050,Chitana,810107,101
810107060,Dawa,810107,101
810107070,Desalsar,810107,101
810107080,Dharnok,810107,101
810107090,Dheengsari,810107,101
810107100,Hansasar,810107,101
810107110,Jaisingh Desar Magra,810107,101
810107120,Jangloo,810107,101
810107130,Jegala Panna Daroga,810107,101
810107140,Kahira,810107,101
810107150,Kakkoo,810107,101
810107160,Kanwlisar,810107,101
810107170,Kisnasar,810107,101
810107180,Koodsoo,810107,101
810107190,Nathoosar,810107,101
810107200,Panchoo,810107,101
810107210,Parwa,810107,101
810107220,Rasisar,810107,101
810107230,Ratriya,810107,101
810107240,Sadhoona,810107,101
810107250,Sainsar,810107,101
810107260,Sarunda,810107,101
810107270,Seelwa,810107,101
810107280,Sobhana,810107,101
810107290,Swaroopsar,810107,101
810107300,Udasar,810107,101
810201715,Municipal Bidasar,810201,102
810201010,Amarsar,810201,102
810201020,Badhsar,810201,102
810201030,Balera,810201,102
810201040,Bamboo,810201,102
810201050,Chadwas,810201,102
810201060,Dhadheru Bhamuwan,810201,102
810201070,Dhani Kalera,810201,102
810201080,Dunkar,810201,102
810201090,Gewarsar,810201,102
810201100,Ghantiyal Bari,810201,102
810201110,Iyara,810201,102
810201120,Jogalsar,810201,102
810201130,Kalyansar,810201,102
810201140,Katar Chhoti,810201,102
810201150,Lalgarh,810201,102
810201160,Luhara,810201,102
810201170,Parewara,810201,102
810201180,Sadoo Chhoti,810201,102
810201190,Sandwa,810201,102
810201200,Ten Desar,810201,102
810201210,Udwala,810201,102
810201220,Untalad,810201,102
810202738,Municipal Churu,810202,102
810202739,Municipal Ratannagar,810202,102
810202010,Asalkheri,810202,102
810202020,Balrasar Athoona,810202,102
810202030,Beenasar,810202,102
810202040,Bhamasi,810202,102
810202050,Boontiya,810202,102
810202060,Chalkoi Baneerotan,810202,102
810202070,Depalsar,810202,102
810202080,Dhadhar,810202,102
810202090,Dhadhariya Baneerotan,810202,102
810202100,Dudhwakhara,810202,102
810202110,Ghanghoo,810202,102
810202120,Ghantel,810202,102
810202130,Indrapura,810202,102
810202140,Jasasar,810202,102
810202150,Jasrasar,810202,102
810202160,Jhariya,810202,102
810202170,Jori Patta Satyun,810202,102
810202180,Karwasar,810202,102
810202190,Khandwa Patta Churu,810202,102
810202200,Khasoli,810202,102
810202210,Kheenwasar,810202,102
810202220,Kotwad Tal,810202,102
810202230,Lakhau,810202,102
810202240,Lalasar Banirotan,810202,102
810202250,Lohsana Bara,810202,102
810202260,Moleesar Bara,810202,102
810202270,Nakrasar,810202,102
810202280,Peetheesar,810202,102
810202290,Ribiya,810202,102
810202300,Sahjoosar,810202,102
810202310,Sahnali Chhoti,810202,102
810202320,Satra,810202,102
810202330,Shyopura,810202,102
810202340,Sirsala,810202,102
810202350,Thailasar,810202,102
810203775,Municipal Rajgarh,810203,102
810203010,Bairasar Chhota,810203,102
810203020,Beenjawas,810203,102
810203030,Bewad,810203,102
810203040,Bhagela,810203,102
810203050,Bhainsali,810203,102
810203060,Bheemsana,810203,102
810203070,Bhuwari,810203,102
810203080,Birmi Khalsa,810203,102
810203090,Chainpura Bara,810203,102
810203100,Chainpura Chhota,810203,102
810203110,Chand Gothi,810203,102
810203120,Dadrewa,810203,102
810203130,Dhandhal Lekhoo,810203,102
810203140,Dhani Bari,810203,102
810203150,Dhani Mauji,810203,102
810203160,Dhanothi Bari,810203,102
810203170,Dhigarla,810203,102
810203180,Dokwa,810203,102
810203190,Galar,810203,102
810203200,Ghanau,810203,102
810203210,Gothyan Bari,810203,102
810203220,Gugalwa,810203,102
810203230,Gulpura,810203,102
810203240,Hameerwas Bara,810203,102
810203250,Jaswantpura,810203,102
810203260,Kalana Tal,810203,102
810203270,Kalri,810203,102
810203280,Kanjan,810203,102
810203290,Khairoo Bari,810203,102
810203300,Khuddi,810203,102
810203310,Khyali,810203,102
810203320,Lakhlan,810203,102
810203330,Lambor Bari,810203,102
810203340,Mahlana Utrada,810203,102
810203350,Mundi Tal,810203,102
810203360,Naurangpura,810203,102
810203370,Nawan,810203,102
810203380,Neema,810203,102
810203390,Neshal,810203,102
810203400,Noohand,810203,102
810203410,Nyagal Chhoti,810203,102
810203420,Paharsar,810203,102
810203430,Ragha Bari,810203,102
810203440,Ragha Chhoti,810203,102
810203450,Rampura,810203,102
810203460,Ramsara Tal,810203,102
810203470,Ratanpura,810203,102
810203480,Sankhan Tal,810203,102
810203490,Sankhoo,810203,102
810203500,Seowa,810203,102
810203510,Sidhmukh,810203,102
810203520,Sulkhaniya Chhota,810203,102
810203530,Suratpura,810203,102
810203540,Tamba Kheri,810203,102
810203550,Thirpali Bari,810203,102
810203560,Vijaypura,810203,102
810204832,Municipal Rajaldesar,810204,102
810204833,Municipal Ratangarh,810204,102
810204010,Alsar,810204,102
810204020,Bachchharara Bara,810204,102
810204030,Beeramsar,810204,102
810204040,Bhanuda Bidawatan,810204,102
810204050,Bharpalsar Ladkhaniya,810204,102
810204060,Bhukhredi,810204,102
810204070,Binadesar Bidawatan,810204,102
810204080,Daudsar,810204,102
810204090,Gogasar,810204,102
810204100,Golsar,810204,102
810204110,Gorisar,810204,102
810204120,Jandwa,810204,102
810204130,Kangar,810204,102
810204140,Kanwari,810204,102
810204150,Kusum Desar,810204,102
810204160,Lachharsar,810204,102
810204170,Ladhasar,810204,102
810204180,Loha,810204,102
810204190,Loonchh,810204,102
810204200,Meloosar,810204,102
810204210,Menasar,810204,102
810204220,Nausariya,810204,102
810204230,Noonwa,810204,102
810204240,Pabusar,810204,102
810204250,Parihara,810204,102
810204260,Parsaneu,810204,102
810204270,Ratansara,810204,102
810204280,Ratnadesar,810204,102
810204290,Sangasar,810204,102
810204300,Seetsar,810204,102
810204310,Sikrali,810204,102
810204320,Simsiya Bidawatan,810204,102
810204330,Tidiyasar,810204,102
810205867,Municipal Sardarshahar,810205,102
810205010,Adsisar,810205,102
810205020,Ajeetsar,810205,102
810205030,Aspalsar Bara,810205,102
810205040,Bandhnau Utrada,810205,102
810205050,Bayla,810205,102
810205060,Beekamsara,810205,102
810205070,Bejasar,810205,102
810205080,Bhadasar Dikhnada,810205,102
810205090,Bhanipura,810205,102
810205100,Bhojasar Chhota,810205,102
810205110,Bhojoosar Upadhiyan,810205,102
810205120,Bilyoobas Rampura,810205,102
810205130,Boghera,810205,102
810205140,Bukansar Bara,810205,102
810205150,Bukansar Chhota,810205,102
810205160,Dalman,810205,102
810205170,Derajsar,810205,102
810205180,Dhani Pachera,810205,102
810205190,Dulrasar,810205,102
810205200,Hariyasar Gharsotan,810205,102
810205210,Jaisangsar,810205,102
810205220,Jaitasar,810205,102
810205230,Jaitsisar,810205,102
810205240,Jeewan Desar,810205,102
810205250,Kaklasar,810205,102
810205260,Kalyanpura Purohitan,810205,102
810205270,Keekasar,810205,102
810205280,Kheenwansar,810205,102
810205290,Malaksar,810205,102
810205300,Malsar,810205,102
810205310,Mehrasar Chachera,810205,102
810205320,Mehrasar Upadhiyan,810205,102
810205330,Mehri Rajviyan,810205,102
810205340,Melusar,810205,102
810205350,Nainasar,810205,102
810205360,Phogabas Bharthari,810205,102
810205370,Pichakarae Tal,810205,102
810205380,Pulasar,810205,102
810205390,Raipura,810205,102
810205400,Rajasar Beekan,810205,102
810205410,Ramsisar Bhedwaliya,810205,102
810205420,Rangaisar,810205,102
810205430,Ransisar,810205,102
810205440,Ratoosar,810205,102
810205450,Rooplisar,810205,102
810205460,Sadasar,810205,102
810205470,Sawai Bari,810205,102
810205480,Shimla,810205,102
810205490,Tolasar,810205,102
810205500,Udsar Lodera,810205,102
810206918,Municipal Bidasar,810206,102
810206919,Municipal Chhapar,810206,102
810206920,Municipal Sujangarh,810206,102
810206010,Abasar,810206,102
810206020,Baghsara Athuna,810206,102
810206030,Barabar,810206,102
810206040,Bhanisar Tejsinghotan,810206,102
810206050,Bhaseena,810206,102
810206060,Bheenwsar,810206,102
810206070,Bobasar Bidawatan,810206,102
810206080,Charla,810206,102
810206090,Gopalpura,810206,102
810206100,Gudabari,810206,102
810206110,Guleriya,810206,102
810206120,Harasar,810206,102
810206130,Jaitasar,810206,102
810206140,Jeeli,810206,102
810206150,Jogliya,810206,102
810206160,Kanoota,810206,102
810206170,Khariya Kaniram,810206,102
810206180,Khuri,810206,102
810206190,Lodsar,810206,102
810206200,Malasi,810206,102
810206210,Malsisar,810206,102
810206220,Mundra,810206,102
810206230,Murdakiya,810206,102
810206240,Norangsar,810206,102
810206250,Rajiyasar Meetha,810206,102
810206260,Randhisar,810206,102
810206270,Salasar,810206,102
810206280,Sarothiya,810206,102
810206290,Shobhasar,810206,102
810207950,Municipal Taranagar (M),810207,102
810207010,Alayla,810207,102
810207020,Anandsinghpura,810207,102
810207030,Baniyala,810207,102
810207040,Banya,810207,102
810207050,Bhaleri,810207,102
810207060,Bhanin,810207,102
809901010,1 Lsm (Banda Colony),809901,99
809901020,11 P (Patroda),809901,99
809901030,12 Nd,809901,99
809901040,12H (Hishyamaki),809901,99
809901050,14 Apd (Kamraniya),809901,99
809901060,15 A,809901,99
809901070,18 P,809901,99
809901080,2 Pgm,809901,99
809901090,20 Lm,809901,99
809901100,21 Sjm (Khokhrawali),809901,99
809901110,22 A,809901,99
809901120,27 A,809901,99
809901130,3 Nd,809901,99
809901140,30 Apd,809901,99
809901150,4 Ksm(Banda)(Sirajsar),809901,99
809901160,4 Lm,809901,99
809901170,4 Sps(Salempura),809901,99
809901180,54 Gb,809901,99
809901190,59 Gb (Ramsingpur),809901,99
809901200,6 P,809901,99
809901210,61 Gb,809901,99
809901220,65 Gb,809901,99
809901230,7 Sjm,809901,99
809901240,72 Gb,809901,99
809901250,74 Gb,809901,99
809901260,78 Gb,809901,99
809901270,8 K-B,809901,99
809901280,9 Lm,809901,99
809901290,90 Gb,809901,99
809902999,Municipal Ganganagar (M),809902,99
809902010,10 Z,809902,99
809902020,13 G Chhoti,809902,99
809902030,18 Z,809902,99
809902040,27 Gg,809902,99
809902050,2Ml,809902,99
809902060,3 C Chhoti,809902,99
809902070,3 E Village (Ct),809902,99
809902080,3 H Chhoti,809902,99
809902090,3 Y,809902,99
809902100,4 Hh (Mahiawali),809902,99
809902110,4 Ll (Dheegawali),809902,99
809902120,4 Z,809902,99
809902130,4Ml,809902,99
809902140,5 Ll,809902,99
809902150,5E (Rural),809902,99
809902160,8 Hh,809902,99
809902170,9 Ml Lathanwali,809902,99
809902180,9 Z,809902,99
809902190,Bakhtana (11 Q),809902,99
809902200,Burzwali (21 Gg),809902,99
809902210,Chunawarh (30 Gg),809902,99
809902220,Dolatpura (3 Q),809902,99
809902230,Dullapur Kere (5 D),809902,99
809902240,Govindpura (18 Gg),809902,99
809902250,Hindumalkot (7 B),809902,99
809902260,Hirnawali (18 Ml),809902,99
809902270,Jodhewala (28 Gg),809902,99
809902280,Kaliya (3 G),809902,99
809902290,Khawat Labana (2 F),809902,99
809902300,Khayaliwala (11 Lnp),809902,99
809902310,Koni (5 P),809902,99
809902320,Kotha (2 B),809902,99
809902330,Kundlwali (6 Lnp),809902,99
809902340,Madenra (7 D),809902,99
809902350,Mateeli Rathan (15 F),809902,99
809902360,Mirjewala (12 F),809902,99
809902370,Mohanpura (8 Y),809902,99
809902380,Netewala,809902,99
809902390,Orki (4 C),809902,99
809902400,Pakki (4 B),809902,99
809902410,Rohirawali (2 P),809902,99
809902420,Sadhuwali (1 D),809902,99
809902430,Saharanwali (5 G),809902,99
809902440,Sahib Singh Wala,809902,99
809902450,Sahuwala (3 F),809902,99
809902460,Sangatpura (8 H),809902,99
809902470,Shivpur (1 F),809902,99
809902480,Tatarsar,809902,99
809903010,1 Mlk-C,809903,99
809903020,1 Skm,809903,99
809903030,10 Dol,809903,99
809903040,10 Kd (Ravla Gaon),809903,99
809903050,12 Knd,809903,99
809903060,12 Mld-A,809903,99
809903070,13 Dol,809903,99
809903080,13 Md,809903,99
809903090,17 Knd A (Khanuwali),809903,99
809903100,17 Md-A,809903,99
809903110,19 Gd,809903,99
809903120,2 Gd-B,809903,99
809903130,2 Gm,809903,99
809903140,2 Kld (365 Head),809903,99
809903150,2 Km (Jeevandesar),809903,99
809903160,2 Mgm-B (Rojari),809903,99
809903170,2 Mld-A,809903,99
809903180,2 Str,809903,99
809903190,22 Rjd,809903,99
809903200,24As-C (Nai Gharsana Mandi),809903,99
809903210,2Rkm (Kundal),809903,99
809903220,3 Kd-A,809903,99
809903230,"3,4 Rsm",809903,99
809903240,4 Kpd,809903,99
809903250,5 Mld-A,809903,99
809903260,5 Psd,809903,99
809903270,6 Dd,809903,99
809903280,6 Zwm,809903,99
809903290,6Skm,809903,99
809903300,7 Knd-A,809903,99
809903310,7Mld,809903,99
809903320,8 Knd-B,809903,99
809903330,8 Psdb (Ravla Mandi),809903,99
809903340,9 Md (Satrana),809903,99
809903350,9 Psd-A,809903,99
809904094,Municipal Karanpur (M),809904,99
809904095,Municipal Kesrisinghpur (M),809904,99
809904010,10 O (Tejawala),809904,99
809904020,12 H Mohlan,809904,99
809904030,13 Ff (Manaksar),809904,99
809904040,14 Ff,809904,99
809904050,14 S (Majhiwala),809904,99
809904060,15 O,809904,99
809904070,2 Fc (Mukan),809904,99
809904080,2 Ffa,809904,99
809904090,2 M Phusewala,809904,99
809904100,2 Mm Dhariganwali,809904,99
809904110,2 W (Gurusar),809904,99
809904120,2 X,809904,99
809904130,25 F (Gulabeywala),809904,99
809904140,25 H (Dalpatsinghpur),809904,99
809904150,27 F Kaminpura,809904,99
809904160,3 O,809904,99
809904170,32 F Arayan,809904,99
809904180,36 H Naggi,809904,99
809904190,42 H,809904,99
809904200,43 Gg (Kharla),809904,99
809904210,46 F Moudan,809904,99
809904220,48 Gg (Srinagar),809904,99
809904230,50 F (Rupnagar),809904,99
809904240,52 Gg (Gulabewala),809904,99
809904250,56 F,809904,99
809904260,6 Fa (Radewala),809904,99
809904270,6 V Dhanoor,809904,99
809904280,61 F,809904,99
809904290,7 S 1 (Kikarwali),809904,99
809904300,8 V,809904,99
809904310,9 Fa (Majhiwala),809904,99
809904320,9 Ff (Badopal),809904,99
809904330,Malkana Kalan,809904,99
809904340,Malkanakhurad,809904,99
809904350,Tiba Motasar Khooni,809904,99
809905131,Municipal Gajsinghpur,809905,99
809905132,Municipal Padampur,809905,99
809905010,1 Eea-Ii (Ghamoodwali),809905,99
809905020,1 Ps,809905,99
809905030,11 Eea,809905,99
809905040,16 Bb,809905,99
809905050,19 Bb,809905,99
809905060,20 Bb,809905,99
809905070,23 Bb,809905,99
809905080,27 Gg (Ghudhduwala),809905,99
809905090,3 Eea (Farsewala),809905,99
809905100,3 Rb-A,809905,99
809905110,31 Rb (Faqirwali),809905,99
809905120,34 Lnp,809905,99
809905130,35 Bb,809905,99
809905140,39 Rb,809905,99
809905150,4 Bb,809905,99
809905160,4 Dd (Delwa),809905,99
809905170,4 Jj,809905,99
809905180,4 Nn (Chanana),809905,99
809905190,46 Rb (Rajpura),809905,99
809905200,5 Bb-A,809905,99
809905210,5 Kk,809905,99
809905220,51 Rb (Tamkot),809905,99
809905230,52 Lnp (Manjhuwas),809905,99
809905240,54 Lnp,809905,99
809905250,6 Rb (Jaloki),809905,99
809905260,69 Lnp,809905,99
809905270,7 Dd,809905,99
809905280,75 Lnp (Ratanpura),809905,99
809905290,8 Nn,809905,99
809905300,83 Lnp (Jodkiya),809905,99
809905310,9 Bb (Ratewala),809905,99
809905320,Binjh Bayala,809905,99
809905330,Jiwandesar,809905,99
809905340,Narsinghpura,809905,99
809905350,Ridmalsar Barani,809905,99
809905360,Sawantsar,809905,99
809906169,Municipal Raisinghnagar,809906,99
809906010,1 Mk-B (Udsar),809906,99
809906020,1 Nzp-A (Bajuwala),809906,99
809906030,10 Tk,809906,99
809906040,11 Tk,809906,99
809906050,12 Nrd (Bishanpura Sigdan),809906,99
809906060,13 Sad (Satjanda),809906,99
809906070,13 Tk (Jagatsinghwala),809906,99
809906080,15 Ptd-A (Sameja),809906,99
809906090,16 Ps,809906,99
809906100,2 Iwm (Sardarpurabika),809906,99
809906110,21/23 Np (Thandi),809906,99
809906120,22 Ps,809906,99
809906130,22 Ptd-B,809906,99
809906140,23 Rb (Sangrana),809906,99
809906150,27 Ps (Likhmewala),809906,99
809906160,3 Ffb (Thadewala),809906,99
809906170,3 Mk,809906,99
809906180,30 Ps-A (Bishanpura),809906,99
809906190,32 Ps-A (Sanwantsar),809906,99
809906200,36 Np (Nanuwala),809906,99
809906210,4 Sad (Malsar),809906,99
809906220,43 Ps,809906,99
809906230,48 Np (Bagicha),809906,99
809906240,5 Np (Dabala Khurd),809906,99
809906250,5 Tk,809906,99
809906260,56 Rb (Ganguwala),809906,99
809906270,59 Np (Shayamgarh),809906,99
809906280,6 Fd (Khyaliwala),809906,99
809906290,6 Jkm,809906,99
809906300,6 Lpm,809906,99
809906310,60 Rb (Kikarwali),809906,99
809906320,66 Rb,809906,99
809906330,68 Np,809906,99
809906340,7 Ps,809906,99
809906350,71 Rb,809906,99
809906360,75 Np,809906,99
809906370,78 Rb (Fojuwala),809906,99
809906380,79 Rb-B (Bhadawawala),809906,99
809906390,84 Rb-B (Lakhahakam),809906,99
809906400,9/10  Ksd (Mohkamwala),809906,99
809906410,Bhompura,809906,99
809906420,Kararwali,809906,99
809906430,Khata,809906,99
809906440,Lalgarh Vishnoiyan (4 Ffb),809906,99
809906450,Luhara,809906,99
809906460,Mukalawa,809906,99
809906470,Thakari,809906,99
809907217,Municipal Sadulshahar,809907,99
809907010,10 Sds (Khatsajawar),809907,99
809907020,15 Sds (Duda Khinchar),809907,99
809907030,16 Ksd (Alipura),809907,99
809907040,9 Krw (Karadwala),809907,99
809907050,Baghsar,809907,99
809907060,Baharampura Bodla,809907,99
809907070,Banwali,809907,99
809907080,Budharwali,809907,99
809907090,Chakmaharajka,809907,99
809907100,Chhapanwali,809907,99
809907110,Choudhary Chetram Wala( 15 Spm),809907,99
809907120,Dharamsinghwala,809907,99
809907130,Dungarsinghpura,809907,99
809907140,Gaddarkhera,809907,99
809907150,Ganeshgarh,809907,99
809907160,Hakamabad,809907,99
809907170,Khairoowala,809907,99
809907180,Kilawali,809907,99
809907190,Ladhuwala,809907,99
809907200,Lalgarh,809907,99
809907210,Mammadkhera,809907,99
809907220,Manfulsinghwala,809907,99
809907230,Manniwali,809907,99
809907240,Morjand Khari,809907,99
809907250,Narayangarh,809907,99
809907260,Noorpura,809907,99
809907270,Panniwali,809907,99
809907280,Rotanwala,809907,99
809907290,Sardarpura Jivan,809907,99
809907300,Takhhajara,809907,99
809907310,Takhranwali,809907,99
809908249,Municipal Vijainagar (M),809908,99
809908010,1 Msd,809908,99
809908020,10 As,809908,99
809908030,10 Sarkari,809908,99
809908040,12 Gb,809908,99
809908050,15 Bld-A ( Ratnewala),809908,99
809908060,16 As (Koopali),809908,99
809908070,17 Gb,809908,99
809908080,2 Gb,809908,99
809908090,24 Gb,809908,99
809908100,28 Gb,809908,99
809908110,29 Gb (Shivpuri),809908,99
809908120,3 Ksd,809908,99
809908130,3 Sad (Masaniwala),809908,99
809908140,4 Bld,809908,99
809908150,4 Jsd (Boogiya),809908,99
809909070,19 Stb (Ramsara Jakhdan),809909,99
809909080,2 Fdm (Sadakwala),809909,99
809909090,2 Mnwm (Manewala),809909,99
809909100,2 Sgm (Bhagwansar),809909,99
809909110,3 Nrd-A (Nirwana),809909,99
809909120,4 Ksr,809909,99
809909130,7 Sgm,809909,99
809909140,8 Shpd,809909,99
809909150,9 Fdm (Fareedsar),809909,99
809909160,9 Sgm (Sardargarh),809909,99
809909170,Beermana,809909,99
809909180,Bhagwangarh,809909,99
809909190,Bhairoonpura,809909,99
809909200,Bhojewala,809909,99
809909210,Deidaspura,809909,99
809909220,Eta,809909,99
809909230,Ghamandiya,809909,99
809909240,Gopalsar,809909,99
809909250,Gudli,809909,99
809909260,"Gurusar
Modiya",809909,99
809909270,Hardaswali Barani,809909,99
809909280,Jyankidaswala,809909,99
809909290,Kardoo,809909,99
809909300,Maler,809909,99
809909310,Manaksar,809909,99
809909320,Mokalsar,809909,99
809909330,Padampura,809909,99
809909340,Raghunathpura,809909,99
809909350,Rajiyasar St.,809909,99
809909360,Rajpura Piperan,809909,99
809909370,Rangmahal,809909,99
809909380,Rayanwali,809909,99
809909390,Sanghar,809909,99
809909400,Sardarpura Bika,809909,99
809909410,Sardarpura Khartha,809909,99
809909420,Singrasar,809909,99
809909430,Somansar,809909,99
809909440,Thethar,809909,99
809909450,Thukrana,809909,99
809909460,Udaipur Godaran,809909,99
810001326,Municipal Bhadra,810001,100
810001010,Ajeetpura,810001,100
810001020,Alayla,810001,100
810001030,Anoopshahar,810001,100
810001040,Bhadi,810001,100
810001050,Bhanai,810001,100
810001060,Bhangarh,810001,100
810001070,Bhangwa,810001,100
810001080,Bharwana,810001,100
810001090,Bheerani,810001,100
810001100,Bhojasar,810001,100
810001110,Biran,810001,100
810001120,Bojhala,810001,100
810001130,Chariya Gandhi (6Sdr),810001,100
810001140,Chhani Badi,810001,100
810001150,Dabri,810001,100
810001160,Dobhi,810001,100
810001170,Doongrana,810001,100
810001180,Gadhara,810001,100
810001190,Gadhi Chhani (8Jsl),810001,100
810001200,Gandhi Budhi,810001,100
810001210,Gheu,810001,100
810001220,Jananna,810001,100
810001230,Jatan,810001,100
810001240,Jhansal,810001,100
810001250,Jogiwala,810001,100
810001260,Kalana,810001,100
810001270,Kanau,810001,100
810001280,Karanpura,810001,100
810001290,Khachwana,810001,100
810001300,Kirara Bara,810001,100
810001310,Kunji,810001,100
810001320,Mahrana,810001,100
810001330,Malkhera,810001,100
810001340,Malsisar,810001,100
810001350,Mothsaran,810001,100
810001360,Munasari,810001,100
810001370,Mundariya Bara,810001,100
810001380,Nathrana,810001,100
810001390,Ninan,810001,100
810001400,Niyangal,810001,100
810001410,Rajpura,810001,100
810001420,Ramgathiya,810001,100
810001430,Raslana,810001,100
810001440,Sahoowala,810001,100
810001450,Sangara,810001,100
810001460,Sardar Gathiya,810001,100
810001470,Sherara,810001,100
810001480,Sooratpura,810001,100
810001490,Utradabas,810001,100
810002376,Municipal Hanumangarh,810002,100
810002010,30 Ssw,810002,100
810002020,31 Ssw,810002,100
810002030,Amarpura Thedi,810002,100
810002040,Araiyawali,810002,100
810002050,Bahlol Nagar,810002,100
810002060,Bhompura,810002,100
810002070,Chakjawala (Singhwala),810002,100
810002080,Chohilawali,810002,100
810002090,Dholipal,810002,100
810002100,Fatehgarh,810002,100
810002110,Hirnawali,810002,100
810002120,Jhambar,810002,100
810002130,Jhandawali,810002,100
810002140,Jodkiya,810002,100
810002150,Kishanpura Dikhnada,810002,100
810002160,Kohala,810002,100
810002170,Lakhuwali,810002,100
810002180,Mainawali,810002,100
810002190,Makkasar,810002,100
810002200,Manuka,810002,100
810002210,Matoriyawali Dhani,810002,100
810002220,Munda,810002,100
810002230,Nawa,810002,100
810002240,Norangdesar,810002,100
810002250,Pacca Bhadwa,810002,100
810002260,Pacca Sarana,810002,100
810002270,Ramsara Narain,810002,100
810002280,Ranjitpura,810002,100
810002290,Rodawali,810002,100
810002300,Sateepura,810002,100
810002310,Sehjipura,810002,100
810002320,Srinagar,810002,100
810002330,Uttamsinghwala,810002,100
810003999,Municipal Nohar,810003,100
810003010,22 Ntr,810003,100
810003020,Ararki,810003,100
810003030,Bar Beerana,810003,100
810003040,Barwali,810003,100
810003050,Bhangooli,810003,100
810003060,Bhograna,810003,100
810003070,Bhookarka,810003,100
810003080,Birkali,810003,100
810003090,Chak Sardarpura,810003,100
810003100,Dalpatpura,810003,100
810003110,Deeplana,810003,100
810003120,Deidas,810003,100
810003130,Dhandhela,810003,100
810003140,Dhansiya,810003,100
810003150,Dheel Ki Jatan,810003,100
810003160,Fefhana,810003,100
810003170,Gogamar,810003,100
810003180,Gorkhana,810003,100
810003190,Gudiya,810003,100
810003200,Jabrasar,810003,100
810003210,Jasana,810003,100
810003220,Kansar,810003,100
810003230,Khuiyan,810003,100
810003240,Kikrali,810003,100
810003250,Lakhasar,810003,100
810003260,Lalanawas Dikhnada,810003,100
810003270,Lalanawas Utrada,810003,100
810003280,Lalaniya,810003,100
810003290,Malwani,810003,100
810003300,Mandarpura,810003,100
810003310,Meghana,810003,100
810003320,Nanau,810003,100
810003330,Nimla,810003,100
810003340,Padampura,810003,100
810003350,Pandusar,810003,100
810003360,Parleeka,810003,100
810003370,Pichkarai,810003,100
810003380,Ramgarh,810003,100
810003390,Ramsara,810003,100
810003400,Ratanpura,810003,100
810003410,Sheorani,810003,100
810003420,Sirangsar,810003,100
810003430,Sonri,810003,100
810003440,Thalarka,810003,100
810003450,Tidiyasar,810003,100
810003460,Topariya,810003,100
810003470,Ujjalwas,810003,100
810004458,Municipal Pilibanga,810004,100
810004010,18 Spd,810004,100
810004020,Aayalkee,810004,100
810004030,Amarpura Rathan,810004,100
810004040,Baropal,810004,100
810004050,Dablibas Chugta,810004,100
810004060,Dablibas Kutubh,810004,100
810004290,Rampura,810004,100
810004300,Sarababawala,810004,100
810004310,Surawali,810004,100
810004320,Umewala,810004,100
810005491,Municipal Rawatsar,810005,100
810005010,15-16 Kwd,810005,100
810005020,22 Ag,810005,100
810005030,25 Rwd Lalpura,810005,100
810005040,29 Dwd,810005,100
810005050,4 Cym,810005,100
810005060,4 Dwm,810005,100
810005070,99 Rd,810005,100
810005080,Baramsar,810005,100
810005090,Bhakhrawali,810005,100
810005100,Bherusari,810005,100
810005110,Bisarasar,810005,100
810005120,Chaiya,810005,100
810005130,Daniasar,810005,100
810005140,Dhandhusar,810005,100
810005150,Dhannasar,810005,100
810005160,Gandhali,810005,100
810005170,Hardaswali,810005,100
810005180,Jhaidasar,810005,100
810005190,Kanwani,810005,100
810005200,Kelaniya,810005,100
810005210,Khedasari,810005,100
810005220,Khoda,810005,100
810005230,Mahela,810005,100
810005240,Malasar,810005,100
810005250,Modunagar,810005,100
810005260,Moter,810005,100
810005270,Naiyasar,810005,100
810005280,Nirwal,810005,100
810005290,Nyolakhi,810005,100
810005300,Pallu,810005,100
810005310,Poharka,810005,100
810005320,Purabsar,810005,100
810005330,Rampura Matoria,810005,100
810005340,Sardarpura,810005,100
810006526,Municipal Sangaria,810006,100
810006010,Amarpura Jalu,810006,100
810006020,Bhagatpura,810006,100
810006030,Bhakharawali,810006,100
810006040,Bolawali,810006,100
810006050,Chak Heera Singh Wala,810006,100
810006060,Deengarh,810006,100
810006070,Dhaban,810006,100
810006080,Fatehpur,810006,100
810006090,Haripura,810006,100
810006100,Indergarh,810006,100
810006110,Inderpura,810006,100
810006120,Jandwala Sikhan,810006,100
810006130,Kikarwali,810006,100
810006140,Kishanpura Utrada,810006,100
810006150,Leelawali,810006,100
810006160,Malarampura,810006,100
810006170,Manaksar,810006,100
810006180,Morjand Shikhan,810006,100
810006190,Nagarana,810006,100
810006200,Nathwana,810006,100
810006210,Nukera,810006,100
810006220,Rasuwala,810006,100
810006230,Ratanpura,810006,100
810006240,Santpura,810006,100
810006250,Shahpini,810006,100
810006260,Singhpura,810006,100
810007010,2 Ksp,810007,100
810007020,4 Ksp,810007,100
810007030,Bashir,810007,100
810007040,Beharwala,810007,100
810007050,Chahuwali,810007,100
810007060,Chandurwali,810007,100
810007070,Dabli Khurd,810007,100
810007080,Dablikalan,810007,100
810007090,Gudia,810007,100
810007100,Kharakheda,810007,100
810007110,Khinaniyan,810007,100
810007120,Kul Chander,810007,100
810007130,Malladkheda,810007,100
810007140,Maseetawali,810007,100
810007150,Meharwali,810007,100
810007160,Mirjawali Mer,810007,100
810007170,Naiwala,810007,100
810007180,Panniwali,810007,100
810007190,Pirkamadia,810007,100
810007200,Rampura Or Ramsara,810007,100
810007210,Rathikhera,810007,100
810007220,Sabuaana,810007,100
810007230,Saharani,810007,100
810007240,Salemgarh Masani,810007,100
810007250,Saliwala,810007,100
810007260,Shereka,810007,100
810007270,Silwala Khurd,810007,100
810007280,Surewala,810007,100
810007290,Talwara Jheel,810007,100
810007300,Tibbi,810007,100
810401010,Alampur,810401,104
810401020,Babariya,810401,104
810401030,Babera,810401,104
810401040,Baberi,810401,104
810401050,Bahram Ka Bas,810401,104
810401060,Balawas,810401,104
810401070,Bamanwas,810401,104
810401080,Bas Dayal,810401,104
810401090,Bhaggoo Ka Bas,810401,104
810401100,Bhoopsera,810401,104
810401110,Bilali,810401,104
810401120,Buteri,810401,104
810401130,Chatarpura,810401,104
810401140,Chheend,810401,104
810401150,Choola,810401,104
810401160,Deosan,810401,104
810401170,Giroodi,810401,104
810401180,Goonta,810401,104
810401190,Gyanpura,810401,104
810401200,Hajipur,810401,104
810401210,Hameerpur,810401,104
810401220,Harsora,810401,104
810401230,Holawas,810401,104
810401240,Kasba Bansur,810401,104
810401250,Khera,810401,104
810401260,Khohri,810401,104
810401270,Lekri,810401,104
810401280,Loyati,810401,104
810401290,Mahanpur,810401,104
810401300,Majra Aheer,810401,104
810401310,Mothooka,810401,104
810401320,Nangal Lakha,810401,104
810401330,Naya Bas,810401,104
810401340,Neemoochana,810401,104
810401350,Rampur,810401,104
810401360,Rasnali,810401,104
810401370,Ratanpura @ Karana,810401,104
810401380,Sabalpur,810401,104
810401390,Shahpur,810401,104
810401400,Shyampura,810401,104
810402623,Municipal-Behror,810402,104
810402010,Anantpura,810402,104
810402020,Bardod,810402,104
810402030,Basai,810402,104
810402040,Bhagwari Khurd,810402,104
810402050,Boodhwal,810402,104
810402060,Dahmi,810402,104
810402070,Dhoondhariya,810402,104
810402080,Gadoj,810402,104
810402090,Gandala,810402,104
810402100,Goonti,810402,104
810402110,Gujarwas,810402,104
810402120,Hameedpur,810402,104
810402130,Jaguwas,810402,104
810402140,Jainpurwas,810402,104
810402150,Jakhrana Kalan,810402,104
810402160,Jat Gaonra,810402,104
810402170,Kankar Dopa,810402,104
810402180,Karoda,810402,104
810402190,Khohar,810402,104
810402200,Khohri,810402,104
810402210,Kohrana,810402,104
810402220,Maharajwas,810402,104
810402230,Manchal,810402,104
810402240,Mohammadpur Gujar,810402,104
810402250,Nagal Khodiya,810402,104
810402260,Pahari,810402,104
810402270,Ramsinghpura,810402,104
810402280,Riwali,810402,104
810402290,Sherpur,810402,104
810402300,Taseeng,810402,104
810403654,Municipal-Kherli,810403,104
810403010,Adoli,810403,104
810403020,Arruwa,810403,104
810403030,Bahrampur,810403,104
810403040,Bahtoo Kalan,810403,104
810403050,Barodakan,810403,104
810403060,Baseth,810403,104
810403070,Berka,810403,104
810403080,Bhanokhar,810403,104
810403090,Dantiya,810403,104
810403100,Daroda,810403,104
810403110,Doroli,810403,104
810403120,Garoo,810403,104
810403130,Ishrota,810403,104
810403140,Jadla,810403,104
810403150,Jahadoo,810403,104
810403160,Jatwara,810403,104
810403170,Kalwari,810403,104
810403180,Kathoomar,810403,104
810403190,Khera Kalyanpur,810403,104
810403200,Khera Meda,810403,104
810403210,Kherli Rel,810403,104
810403220,Khoh,810403,104
810403230,Khonkhar,810403,104
810403240,Maithna,810403,104
810403250,Masari,810403,104
810403260,Mathura Hera,810403,104
810403270,Nahar Khohra,810403,104
810403280,Natoj,810403,104
810403290,Noorpur,810403,104
810403300,Reta,810403,104
810403310,Roneeja Than,810403,104
810403320,Sahari,810403,104
810403330,Salwari,810403,104
810403340,Samoochi,810403,104
810403350,Sonkh,810403,104
810403360,Sonkhar,810403,104
810403370,Sonkhari,810403,104
810403380,Tasai,810403,104
810403390,Teekri,810403,104
810403400,Tigariya,810403,104
810403410,Titpuri,810403,104
810403420,Toda,810403,104
810404697,Municipal-Khairthal,810404,104
810404010,Bagheri Kalan,810404,104
810404020,Baghora,810404,104
810404030,Bahadurpur Patti Joriya,810404,104
810404040,Bahadurpur Patti Meeran,810404,104
810404050,Ballabhgram,810404,104
810404060,Bambora,810404,104
810404070,Bas Kripalnagar,810404,104
810404080,Bhajera,810404,104
810404090,Brisangpur,810404,104
810404100,Chikani,810404,104
810404110,Dhamookar,810404,104
810404120,Dongra,810404,104
810404130,Ganj,810404,104
810404140,Ghasoli,810404,104
810404150,Ismalpur,810404,104
810404160,Jeelota,810404,104
810404170,Karoli,810404,104
810404180,Khanpur Mewan,810404,104
810404190,Kishangarh Bas,810404,104
810404200,Kithoor,810404,104
810404210,Kolgaon,810404,104
810404220,Langarwas,810404,104
810404230,Machh Roli,810404,104
810404240,Mahond,810404,104
810404250,Mahrampur,810404,104
810404260,Mancha,810404,104
810404270,Meerka,810404,104
810404280,Moosa Khera,810404,104
810404290,Mothooka,810404,104
810404300,Nagla Raisees,810404,104
810404310,Noor Nagar,810404,104
810404320,Patan Mewan,810404,104
810404330,Rata Khurd,810404,104
810404340,Rayabka,810404,104
810404350,Sirmoli,810404,104
810404360,Tarwala,810404,104
810405010,Baghana,810405,104
810405020,Bagheri Khurd,810405,104
810405030,Beelaheri,810405,104
810405040,Bhonkar,810405,104
810405050,Burhi Bawal,810405,104
810405060,Gheekaka,810405,104
810405070,Gunsar,810405,104
810405080,Harsoli,810405,104
810405090,Ikrotiya,810405,104
810405100,Jatiyana,810405,104
810405110,Joriya,810405,104
810405120,Kanharka,810405,104
810405130,Khanpur Aheer,810405,104
810405140,Kotkasim,810405,104
810405150,Kutubpur,810405,104
810405160,Ladpur,810405,104
810405170,Makdawa,810405,104
810405180,Nangal Saliya,810405,104
810405190,Pataliya,810405,104
810405200,Patan Aheer,810405,104
810405210,Pur,810405,104
810405220,Teuwas,810405,104
810405230,Tiganwa,810405,104
810405240,Ujoli,810405,104
810406010,Badka,810406,104
810406020,Baroda Meo,810406,104
810406030,Berla,810406,104
810406040,Bhainsdawat,810406,104
810406050,Bichgaon,810406,104
810406060,Boontoli,810406,104
810406070,Butiyana,810406,104
810406080,Chidwai,810406,104
810406090,Chimrawali Gaod,810406,104
810406100,Deenar,810406,104
810406110,Deewli,810406,104
810406120,Dongri,810406,104
810406130,Gandoora,810406,104
810406140,Ghat,810406,104
810406150,Gothra,810406,104
810406160,Govindgarh (C.T.),810406,104
810406170,Harsana,810406,104
810406180,Hasanpur,810406,104
810406190,Indpur,810406,104
810406200,Iteda,810406,104
810406210,Jawli,810406,104
810406220,Jhalatala,810406,104
810406230,Khedamangal Singh,810406,104
810406240,Khera Mahmood,810406,104
810406250,Khohra Malawali,810406,104
810406260,Khudiyana,810406,104
810406270,Laxmangarh,810406,104
810406280,Lilee,810406,104
810406290,Malpur,810406,104
810406300,Mojpur,810406,104
810406310,Moliya,810406,104
810406320,Nangal Khanjadi,810406,104
810406330,Naswari,810406,104
810406340,Nizamnagar,810406,104
810406350,Nyana,810406,104
810406360,Phahri,810406,104
810406370,Ramwas,810406,104
810406380,Ronpur,810406,104
810406390,Saidampur,810406,104
810406400,Sehra,810406,104
810406410,Semla Khurd,810406,104
810406420,Shahadka,810406,104
810406430,Sorai,810406,104
810406440,Talra,810406,104
810406450,Todanagar,810406,104
810407010,Ajarka,810407,104
810407020,Badheen,810407,104
810407030,Balloowas,810407,104
810407040,Basni,810407,104
810407050,Bawad,810407,104
810407060,Beejwad Chauhan,810407,104
810407070,Behroj,810407,104
810407080,Behror Jat,810407,104
810407090,Bhanot,810407,104
810407100,Bhoongara Aheer,810407,104
810407110,Chandpur,810407,104
810407120,Darbarpur,810407,104
810407130,Gadoowas,810407,104
810407140,Gopipura,810407,104
810407150,Hatoondi,810407,104
810407160,Jalawas,810407,104
810407170,Jasai,810407,104
810407180,Jeendoli,810407,104
810407190,Karni Kot,810407,104
810407200,Khanpur Aheer,810407,104
810407210,Khareta,810407,104
810407220,Majri Khola,810407,104
810407230,Manka,810407,104
810407240,Mator,810407,104
810407250,Menpur,810407,104
810407260,Mundanwara Kalan,810407,104
810407270,Mundawar,810407,104
810407280,Nangali Ojha,810407,104
810407290,Palawa,810407,104
810407300,Peepli,810407,104
810407310,Pehal,810407,104
810407320,Rajwara,810407,104
810407330,Ranoth,810407,104
810407340,Rasgan,810407,104
810407350,Sarai Kalan,810407,104
810407360,Seel Gaon,810407,104
810407370,Shamda,810407,104
810407380,Shyopur,810407,104
810407390,Sihali Khurd,810407,104
810407400,Sodawas,810407,104
810407410,Sorkha Kalan,810407,104
810407420,Tatarpur,810407,104
810407430,Ulaheri,810407,104
810408010,Akleempur,810408,104
810408020,Bichpuri,810408,104
810408030,Dabadwas,810408,104
810408040,Daulatsinghpura,810408,104
810408050,Dausod,810408,104
810408060,Doomroli,810408,104
810408070,Fauladpur,810408,104
810408080,Gheeloth,810408,104
810408090,Giglana,810408,104
810408100,Googal Kota,810408,104
810408110,Hudiya Kalan,810408,104
810408120,Jonaycha Kalan,810408,104
810408130,Jonaycha Khurd,810408,104
810408140,Kanhawas,810408,104
810408150,Kathuwas,810408,104
810408160,Kayasa,810408,104
810408170,Khundroth,810408,104
810408180,Kolila Joga,810408,104
810408190,Kuteena,810408,104
810408200,Mahtawas,810408,104
810408210,Majari Kalan,810408,104
810408220,Majra,810408,104
810408230,Mandhan,810408,104
810408240,Nanagwas,810408,104
810408250,Neemrana,810408,104
810408260,Partapur,810408,104
810408270,Pratapsinghpura,810408,104
810408280,Raiwana,810408,104
810408290,Rodwal,810408,104
810408300,Salarpur,810408,104
810408310,Santo,810408,104
810408320,Shahjahanpur,810408,104
810408330,Shriyani,810408,104
810409879,Municipal-Rajgarh,810409,104
810409010,Alei,810409,104
810409020,Baldeogarh,810409,104
810409030,Beeghota,810409,104
810409040,Bhajeda,810409,104
810409050,Dhamred,810409,104
810409060,Dheeroda,810409,104
810409070,Digawara,810409,104
810409080,Dubbi,810409,104
810409090,Firozpur Jageer,810409,104
810409100,Gola Ka Bas,810409,104
810409110,Khoh,810409,104
810409120,Kleshan,810409,104
810409130,Koondla,810409,104
810409140,Mallana,810409,104
810409150,Motiwara,810409,104
810409160,Nathalwara,810409,104
810409170,Nayagaon Bolka,810409,104
810409180,Neemla,810409,104
810409190,Palwa,810409,104
810409200,Rajgarh (Rural),810409,104
810409210,Rajor,810409,104
810409220,Rajpur Bara,810409,104
810409230,Sakat,810409,104
810409240,Shri Chandpura,810409,104
810409250,Surer,810409,104
810409260,Syaluta,810409,104
810409270,Tahla,810409,104
810409280,Talab,810409,104
810409290,Thana,810409,104
810409300,Tilwar,810409,104
810409310,Toda Jaisinghpura,810409,104
810410010,Alawara,810410,104
810410020,Bagar Meo,810410,104
810410030,Bagar Rajput,810410,104
810410040,Bahala,810410,104
810410050,Bamboli,810410,104
810410060,Beejwa,810410,104
810410070,Bhajeet,810410,104
810410080,Chauma,810410,104
810410090,Cheerwa,810410,104
810410100,Choroti Pahar,810410,104
810410110,Danwari,810410,104
810410120,Desula,810410,104
810410130,Dohli,810410,104
810410140,Garhi  Dhaneta,810410,104
810410150,Ghegholi,810410,104
810410160,Goondpur,810410,104
810410170,Hajipur,810410,104
810410180,Jatpur,810410,104
810410190,Kakrali,810410,104
810410200,Kesroli,810410,104
810410210,Kheri,810410,104
810410220,Kherli Saiyad,810410,104
810410230,Khilora,810410,104
810410240,Khoh,810410,104
810410250,Khohra Karmali,810410,104
810410260,Khunteta Kalan,810410,104
810410270,Lalawandi,810410,104
810410280,Milakpur,810410,104
810410290,Moonpur,810410,104
810410300,Mubarikpur,810410,104
810410310,Nagli Megha,810410,104
810410320,Nangla Banjeerka,810410,104
810410330,Naugawan,810410,104
810410340,Neekach,810410,104
810411180,Patan,810411,104
810411190,Pinan,810411,104
810411200,Pragpura,810411,104
810411210,Rajpur Chhota,810411,104
810411220,Rampura,810411,104
810411230,Reni,810411,104
810411240,Saloli,810411,104
810411250,Tahtara,810411,104
810411260,Vabeli,810411,104
810412010,Agar,810412,104
810412020,Ajabgarh,810412,104
810412030,Ajabpura,810412,104
810412040,Angari,810412,104
810412050,Bamanwas Chaugan,810412,104
810412060,Bamanwas Kankar,810412,104
810412070,Basai Jogiyan,810412,104
810412080,Bhangdoli,810412,104
810412090,Bhoodiyawas,810412,104
810412100,Bhooriyawas,810412,104
810412110,Chandpuri,810412,104
810412120,Duhar Chaugan,810412,104
810412130,Dwarapur,810412,104
810412140,Garh Basai,810412,104
810412150,Garhi,810412,104
810412160,Gurha,810412,104
810412170,Harner,810412,104
810412180,Jhiri,810412,104
810412190,Kharkhari Kalan,810412,104
810412200,Kishori,810412,104
810412210,Kolahera,810412,104
810412220,Kyara,810412,104
810412230,Lalpura,810412,104
810412240,Malootana,810412,104
810412250,Mundawara,810412,104
810412260,Nangal Bani,810412,104
810412270,Narayanpur,810412,104
810412280,Nathoosar,810412,104
810412290,Padak Chhapli,810412,104
810412300,Piplai,810412,104
810412310,Pratapgarh,810412,104
810412320,Saleta,810412,104
810412330,Samra,810412,104
810412340,Seeli Baori,810412,104
810412350,Thanagazi,810412,104
810412360,Vijaypura,810412,104
810413016,Municipal-Bhiwadi,810413,104
810413017,Municipal-Tijara,810413,104
810413010,Baghor,810413,104
810413020,Bhindoosi,810413,104
810413030,Bichhala,810413,104
810413040,Burera,810413,104
810413050,Chawandi Kalan,810413,104
810413060,Chooharpur,810413,104
810413070,Fakaruddinka,810413,104
810413080,Gahankhar,810413,104
810413090,Gothra,810413,104
810413100,Guwalda,810413,104
810413110,Hameeraka,810413,104
810413120,Hasanpur Mafi,810413,104
810413130,Heengwahera,810413,104
810413140,Ishroda,810413,104
810413150,Jairoli,810413,104
810413160,Jhiwana,810413,104
810413170,Jojaka,810413,104
810413180,Joriya,810413,104
810413190,Kamalpur,810413,104
810413200,Karenda,810413,104
810413210,Khalilpuri,810413,104
810413220,Khidarpur,810413,104
810413230,Luhadera,810413,104
810413240,Mahesara,810413,104
810413250,Maliyar Jatt,810413,104
810413260,Maseet,810413,104
810413270,Mayapur,810413,104
810413280,Meethiyawas,810413,104
810413290,Milakpur Turk,810413,104
810413300,Mundana,810413,104
810413310,Nibaheri,810413,104
810413320,Palpur,810413,104
810413330,Phullabas,810413,104
810413340,Rabhana,810413,104
810413350,Rai Khera,810413,104
810413360,Roopbas,810413,104
810413370,Salarpur,810413,104
810413380,Sare Kalan,810413,104
810413390,Sarhheta,810413,104
810413400,Shahbad,810413,104
810413410,Tapookra,810413,104
810413420,Tatarpur,810413,104
810413430,Thara,810413,104
810413440,Virampur,810413,104
810414062,Municipal-Alwar,810414,104
810414010,Akbarpur,810414,104
810414020,Bader,810414,104
810414030,Bakhtpura,810414,104
810414040,Baleta,810414,104
810414050,Barkhera,810414,104
810414060,Beejawar,810414,104
810414070,Belaka (Og),810414,104
810414080,Bhadoli,810414,104
810414090,Bhandwara,810414,104
810414100,Bharkol,810414,104
810414110,Bhoogar,810414,104
810414120,Chandoli,810414,104
810414130,Dadar,810414,104
810414140,Dhahalawas,810414,104
810414150,Dhakpuri,810414,104
810414160,Diwakari,810414,104
810414170,Ghatla,810414,104
810414180,Hajipur,810414,104
810414190,Haldeena,810414,104
810414200,Jamalpur,810414,104
810414210,Jatiyana,810414,104
810414220,Kalsara,810414,104
810414230,Kasba Dahra,810414,104
810414240,Kerwawal,810414,104
810414250,Kesharpur,810414,104
810414260,Leeli,810414,104
810414270,Madhogarh,810414,104
810414280,Mahwa Khurd,810414,104
810414290,Mala Khera,810414,104
810414300,Mohabbatpur,810414,104
810414310,Naithla,810414,104
810414320,Pala,810414,104
810414330,Palkhari,810414,104
810414340,Parsa Ka Bas,810414,104
810414350,Poonkhar,810414,104
810414360,Prithvipura,810414,104
810414370,Sahori,810414,104
810414380,Salpur,810414,104
810414390,Shahpur,810414,104
810414400,Toolera,810414,104
810414410,Umren,810414,104
810901104,Municipal-Bandikui,810901,109
810901010,Abhaneri,810901,109
810901020,Anantwara,810901,109
810901030,Arniya,810901,109
810901040,Badiyal Kalan,810901,109
810901050,Badiyal Khurd,810901,109
810901060,Baijupara,810901,109
810901070,Balahera,810901,109
810901080,Bandikui Jageer(Rural),810901,109
810901090,Baswa,810901,109
810901100,Bhandeda,810901,109
810901110,Bhanwata,810901,109
810901120,Biwai,810901,109
810901130,Chandera,810901,109
810901140,Delari,810901,109
810901150,Dhanawar,810901,109
810901160,Dhigariya Bhim,810901,109
810901170,Dwarapura,810901,109
810901180,Echeri,810901,109
810901190,Gadarwara Goojaran,810901,109
810901200,Golara,810901,109
810901210,Gullana,810901,109
810901220,Gurha Ashikpura,810901,109
810901230,Gurha Katla,810901,109
810901240,Gurhaliya,810901,109
810901250,Hingota,810901,109
810901260,Jhajhi Rampura,810901,109
810901270,Karnawar,810901,109
810901280,Kheri,810901,109
810901290,Kolana,810901,109
810901300,Kolwa,810901,109
810901310,Lotwara,810901,109
810901320,Mau Khurd,810901,109
810901330,Muhi,810901,109
810901340,Mund Ghisya,810901,109
810901350,Nandera,810901,109
810901360,Nangal Jhamarwara,810901,109
810901370,Nihalpura,810901,109
810901380,Panditpura,810901,109
810901390,Peechupara Kalan,810901,109
810901400,Peechupara Khurd,810901,109
810901410,Pratappura,810901,109
810901420,Pundarpara,810901,109
810901430,Ralawata,810901,109
810901440,Sodala,810901,109
810901450,Syalawas Kalan,810901,109
810901460,Un Baragaon,810901,109
810902151,Municipal-Dausa,810902,109
810902010,Bane Ka Barkhera,810902,109
810902020,Bapi,810902,109
810902030,Bhandarej,810902,109
810902040,Bhankri,810902,109
810902050,Bishanpura,810902,109
810902060,Boroda,810902,109
810902070,Chandrana,810902,109
810902080,Chawandeda,810902,109
810902090,Dausa Kalan,810902,109
810902100,Dausa Khurd,810902,109
810902110,Ganeshpura,810902,109
810902120,Gothra,810902,109
810902130,Jasota,810902,109
810902140,Jirota Khurd,810902,109
810902150,Jopara,810902,109
810902160,Kableshwar,810902,109
810902170,Kalakho,810902,109
810902180,Kali Pahari,810902,109
810902190,Kalota,810902,109
810902200,Khairwal,810902,109
810902210,Khuri Kalan,810902,109
810902220,Kundal,810902,109
810902230,Mahansara Khurd,810902,109
810902240,Mahsara Kalan,810902,109
810902250,Nangal Bersi,810902,109
810902260,Nangal Chapa,810902,109
810902270,Ralawata,810902,109
810902280,Sainthal,810902,109
810902290,Sindoli,810902,109
810902300,Surajpura,810902,109
810902310,Titarwara Kalan,810902,109
810903183,Municipal-Lalsot,810903,109
810903010,Amrabad,810903,109
810903020,Bagri,810903,109
810903030,Beechha,810903,109
810903040,Bidarkha,810903,109
810903050,Bilona Kalan,810903,109
810903060,Bilona Khurd,810903,109
810903070,Chandsen,810903,109
810903080,Chonriyawas,810903,109
810903090,Daulatpura,810903,109
810903100,Deoli,810903,109
810903110,Didwana,810903,109
810903120,Digo,810903,109
810903130,Dob Jageer,810903,109
810903140,Doongarpur,810903,109
810903150,Gangalyawas,810903,109
810903160,Hamlyawala,810903,109
810903170,Hodayali,810903,109
810903180,Indawa,810903,109
810903190,Jhanpda,810903,109
810903200,Kallawas Khalsa,810903,109
810903210,Kaloowas,810903,109
810903220,Kankariya,810903,109
810903230,Khatoombar,810903,109
810903240,Khatwa,810903,109
810903250,Khemawas,810903,109
810903260,Kherla Khurd,810903,109
810903270,Kishorpura,810903,109
810903280,Koliwara,810903,109
810903290,Lalpura,810903,109
810903300,Mahariya,810903,109
810903310,Mandawari,810903,109
810903320,Mirzapura,810903,109
810903330,Nayabas,810903,109
810903340,Nirjharna,810903,109
810903350,Nizampura,810903,109
810903360,Palunda,810903,109
810903370,Patti Kishorpura,810903,109
810903380,Rahuwas,810903,109
810903390,Rajoli,810903,109
810903400,Ramgarh Pachwara,810903,109
810903410,Salempura,810903,109
810903420,Sanwasa,810903,109
810903430,Shivsinghpura,810903,109
810903440,Shreema,810903,109
810903450,Shyampura Kalan,810903,109
810903460,Sonar,810903,109
810903470,Suratpura,810903,109
810903480,Talab Gaon,810903,109
810903490,Toda Thekla,810903,109
810904010,Alooda,810904,109
810904020,Baijwari,810904,109
810904030,Baniyana,810904,109
810904040,Baragaon,810904,109
810904050,Chharera,810904,109
810904060,Churiyawas,810904,109
810904070,Dharanwas,810904,109
810904080,Dhigariya,810904,109
810904090,Dugrawata,810904,109
810904100,Hapawas,810904,109
810904110,Hingotiya,810904,109
810904120,Khanpura,810904,109
810904130,Khanwas,810904,109
810904140,Khawa Raoji,810904,109
810904150,Lahri Ka Was,810904,109
810904160,Lawan,810904,109
810904170,Malwas,810904,109
810904180,Nangal Govind,810904,109
810904190,Nangal Rajawatan,810904,109
810904200,Paparda,810904,109
810904210,Pyariwas,810904,109
810904220,Rajwas,810904,109
810904230,Shyalawas,810904,109
810904240,Singwara,810904,109
810904250,Thoomri,810904,109
810905010,Aund Meena,810905,109
810905020,Balaheri,810905,109
810905030,Banawar,810905,109
810905040,Baragaon,810905,109
810905050,Dhand,810905,109
810905060,Dhol Khera,810905,109
810905070,Gagwana,810905,109
810905080,Gahnoli,810905,109
810905090,Garh Himmat Singh,810905,109
810905100,Gazipur,810905,109
810905110,Hadiya,810905,109
810905120,Haldena,810905,109
810905130,Hurla,810905,109
810905140,Jatwara,810905,109
810905150,Kamalpur,810905,109
810905160,Kesra,810905,109
810905170,Kherla Bujurg,810905,109
810905180,Kherla Gadali,810905,109
810905190,Khonchpuri,810905,109
810905200,Kot,810905,109
810905210,Mahwa,810905,109
810905220,Mandawar,810905,109
810905230,Nahida,810905,109
810905240,Norangwara,810905,109
810905250,Pakhar,810905,109
810905260,Palanhera,810905,109
810905270,Pali,810905,109
810905280,Paota,810905,109
810905290,Patoli,810905,109
810905300,Raipur Hq. Teekri Kilanot,810905,109
810905310,Ramgarh,810905,109
810905320,Raseedpur,810905,109
810905330,Reendli,810905,109
810905340,Saipur,810905,109
810905350,Salempur,810905,109
810905360,Salimpur,810905,109
810905370,Samleti,810905,109
810905380,Santha,810905,109
810905390,Shahadpur,810905,109
810905400,Talchiri,810905,109
810905410,Thekra,810905,109
810905420,Tudiyana,810905,109
810905430,Ukroond,810905,109
810905440,Wara Bujurg,810905,109
810906010,Achalpura,810906,109
810906020,Bairawanda,810906,109
810906030,Baseri,810906,109
810906040,Bawanpara,810906,109
810906050,Brahman Bairada,810906,109
810906060,Chandera,810906,109
810906070,Chhokarwara,810906,109
810906080,Dolika,810906,109
810906090,Dubbi,810906,109
810906100,Frashpura,810906,109
810906110,Gandrawa,810906,109
810906120,Gangadwari,810906,109
810906130,Geejgarh,810906,109
810906140,Ghoomana,810906,109
810906150,Gumanpura,810906,109
810906160,Heengwa,810906,109
810906170,Jaisinghpura,810906,109
810906180,Kailai,810906,109
810906190,Kalakho,810906,109
810906200,Kalwan,810906,109
810906210,Karori,810906,109
810906220,Kundera Doongar,810906,109
810906230,Lanka,810906,109
810906240,Manpur,810906,109
810906250,Mariyada,810906,109
810906260,Meena Seemla,810906,109
810906270,Mohchingpura,810906,109
810906280,Nahar Khorra,810906,109
810906290,Namner,810906,109
810906300,Nandri,810906,109
810906310,Nihalpura,810906,109
810906320,Pancholi,810906,109
810906330,Peelori,810906,109
810906340,Peepalki,810906,109
810906350,Ranoli,810906,109
810906360,Shekhpura,810906,109
810906370,Sikandara,810906,109
810906380,Sikrai,810906,109
810906390,Theekariya,810906,109
810906400,Torda,810906,109
810906410,Udaipura,810906,109
811001343,Municipal-Harmada,811001,110
811001344,Municipal-Jaipur,811001,110
811001345,Municipal-Machera,811001,110
811001346,Municipal-Neendar,811001,110
811001010,Achrol,811001,110
811001020,Akedadoongar (Ct),811001,110
811001030,Akhepura,811001,110
811001040,Bagwada,811001,110
811001050,Beelpur,811001,110
811001060,Bilonchi,811001,110
811001070,Chandwaji,811001,110
811001080,Chhaprari,811001,110
811001090,Chitanukalan,811001,110
811001100,Daulatpura,811001,110
811001110,Dhand,811001,110
811001120,Kant,811001,110
811001130,Kanwarpura,811001,110
811001140,Khora Meena,811001,110
811001150,Kookas,811001,110
811001160,Labana,811001,110
811001170,Lakher,811001,110
811001180,Manpura Mancheri,811001,110
811001190,Nagal Susawatan,811001,110
811001200,Roondal,811001,110
811001210,Shyampura,811001,110
811001220,Sirohi,811001,110
811002010,Anatpura,811002,110
811002020,Bagrana (Ct) Ward No.-0001,811002,110
811002030,Bainara,811002,110
811002040,Banskhoh,811002,110
811002050,Barwa,811002,110
811002060,Bassi,811002,110
811002070,Bhateri,811002,110
811002080,Bhoorla,811002,110
811002090,Boorthal,811002,110
811002100,Danau Kalan,811002,110
811002110,Deogaon,811002,110
811002120,Doodhali,811002,110
811002130,Garh,811002,110
811002140,Hansmahal,811002,110
811002150,Himmatpura,811002,110
811002160,Jatwara,811002,110
811002170,Jeetawala,811002,110
811002180,Jhar,811002,110
811002190,Kanota,811002,110
811002200,Karangarh,811002,110
811002210,Kashipura,811002,110
811002220,Khatepura,811002,110
811002230,Khijuriya Brahmnan,811002,110
811002240,Kunthra Khurd,811002,110
811002250,Lalgarh,811002,110
811002260,Madhogarh,811002,110
811002270,Manoharpura,811002,110
811002280,Mansar Kheri,811002,110
811002290,Mohanpura,811002,110
811002300,Moondli,811002,110
811002310,Palawala Jatan,811002,110
811002320,Parasoli,811002,110
811002330,Patan,811002,110
811002340,Phalyawas,811002,110
811002350,Rajpura Patalwas,811002,110
811002360,Ramratanpura,811002,110
811002370,Ramsar Palawala,811002,110
811002380,Sambhariya,811002,110
811002390,Shyampura Kachauliya,811002,110
811002400,Sumel,811002,110
811002410,Tahatara,811002,110
811002420,Todabhata,811002,110
811002430,Toonga,811002,110
811002440,Vijaypura,811002,110
811003413,Municipal-Chaksu,811003,110
811003010,Ajairajpura @ Dehlala,811003,110
811003020,Akodiya,811003,110
811003030,Balloopura,811003,110
811003040,Bara Padampura  @ Maksoodanpura,811003,110
811003050,Barkhera,811003,110
811003060,Barli,811003,110
811003070,Barodiya,811003,110
811003080,Chandlai,811003,110
811003090,Chhadel Kalan,811003,110
811003100,Garoodwasi,811003,110
811003110,Girdharilalpura,811003,110
811003120,Harinarayanpura,811003,110
811003130,Jhapda Kalan,811003,110
811003140,Kadera,811003,110
811003150,Kareda Khurd,811003,110
811003160,Kathawala,811003,110
811003170,Kheraraniwas,811003,110
811003180,Kot Khawada,811003,110
811003190,Kothoon,811003,110
811003200,Kumhariyawas,811003,110
811003210,Mahadeopura,811003,110
811003220,Mandaliyan Meda,811003,110
811003230,Narpatpura @ Haripura,811003,110
811003240,Nimodiya,811003,110
811003250,Radoli,811003,110
811003260,Ramnagar,811003,110
811003270,Roopaheri Kalan,811003,110
811003280,Roopaheri Khurd With Bapugaon,811003,110
811003290,Sawai Madhosinghpura,811003,110
811003300,Shivdaspura,811003,110
811003310,Surajpura @ Tootoli,811003,110
811003320,Tamariya,811003,110
811003330,Teetriya,811003,110
811003340,Thali,811003,110
811003350,Theekariya Goojran,811003,110
811003360,Theekariya Meenan,811003,110
811003370,Toomli Ka Bas,811003,110
811004451,Municipal-Phulera,811004,110
811004010,Aidan Ka Bas,811004,110
811004020,Akhepura,811004,110
811004030,Akoda,811004,110
811004040,Asalpur,811004,110
811004050,Bardoti Shyami Ki Dhani,811004,110
811004060,Beegolao,811004,110
811004070,Bichoon,811004,110
811004080,Biharipura,811004,110
811004090,Bobas,811004,110
811004100,Boraj,811004,110
811004110,Chainpura,811004,110
811004120,Dantri,811004,110
811004130,Dhamana,811004,110
811004140,Dhandhonli,811004,110
811004150,Dhani Boraj,811004,110
811004160,Dhinda,811004,110
811004170,Dudu,811004,110
811004180,Gadota,811004,110
811004190,Gagardoo,811004,110
811004200,Gahlota,811004,110
811004210,Gainji,811004,110
811004220,Gangati Kalan,811004,110
811004230,Gidani,811004,110
811004240,Gurha Bairsal,811004,110
811004250,Habaspura,811004,110
811004260,Harsauli,811004,110
811004270,Hirnoda,811004,110
811004280,Jhag,811004,110
811004290,Jharna,811004,110
811004300,Kanchroda,811004,110
811004310,Kheriram,811004,110
811004320,Khuriyal,811004,110
811004330,Korseena,811004,110
811004340,Mahlan,811004,110
811004350,Mamana,811004,110
811004360,Mangalwara,811004,110
811004370,Marwa,811004,110
811004380,Mauzamabad,811004,110
811004390,Mokhampura,811004,110
811004400,Nanan,811004,110
811004410,Narayana,811004,110
811004420,Parasoli,811004,110
811004430,Rahlana,811004,110
811004440,Raseeli,811004,110
811004450,Rojri,811004,110
811004460,Sakhoon,811004,110
811004470,Sali,811004,110
811004480,Sanwali,811004,110
811004490,Sawarda,811004,110
811004500,Sewa,811004,110
811004510,Shardulpura,811004,110
811004520,Shri Rampura,811004,110
811004530,Sirohi Kalan,811004,110
811004540,Sunadiya,811004,110
811004550,Sursinghpura,811004,110
811004560,Ugariyawas,811004,110
811004570,Ursewa,811004,110
811005509,Municipal-Chomu,811005,110
811005010,Aleesar,811005,110
811005020,Amarpura,811005,110
811005030,Anantpura (Jait),811005,110
811005040,Anatpura (Chi),811005,110
811005050,Astikalan,811005,110
811005060,Bhutera,811005,110
811005070,Chithwari,811005,110
811005080,Devthala,811005,110
811005090,Dhoblai,811005,110
811005100,Dhodhsar,811005,110
811005110,Dola Ka Bas,811005,110
811005120,Fatehpura,811005,110
811005130,Ghinoi,811005,110
811005140,Govindgarh,811005,110
811005150,Harota,811005,110
811005160,Hasteda,811005,110
811005170,Hathnoda,811005,110
811005180,Itawa Bhopji,811005,110
811005190,Jaisinghpura,811005,110
811005200,Jaitpura,811005,110
811005210,Jatanwali,811005,110
811005220,Kaladera,811005,110
811005230,Khejroli,811005,110
811005240,Kishanpura,811005,110
811005250,Kushalpura,811005,110
811005260,Loharwara,811005,110
811005270,Mahar Kalan,811005,110
811005280,Malikpur,811005,110
811005290,Mandha Bhinda,811005,110
811005300,Morija,811005,110
811005310,Nangal Bharda,811005,110
811005320,Nangal Govind,811005,110
811005330,Nangal Kalan,811005,110
811005340,Nangal Koju,811005,110
811005350,Niwana,811005,110
811005360,Samod,811005,110
811005370,Sandarsar,811005,110
811005380,Singod Kalan,811005,110
811005390,Singod Khurd,811005,110
811005400,Tankarda,811005,110
811005410,Tigariya,811005,110
811005420,Udaipuriya,811005,110
811005430,Udgwar @ Gudalya,811005,110
811005440,Vijaysinghpura,811005,110
811005450,Vimalpura,811005,110
811006010,Anoppura,811006,110
811006020,Barna,811006,110
811006030,Bhatton Ki Gali,811006,110
811006040,Bichpari,811006,110
811006050,Biharipura,811006,110
811006060,Boodthal,811006,110
811006070,Chatarpura,811006,110
811006080,Chonp,811006,110
811006090,Deogudha,811006,110
811006100,Durga Ka Bas,811006,110
811006110,Jahota,811006,110
811006120,Jairampura,811006,110
811006130,Jaisinghpura Shekhawatan,811006,110
811006140,Jalsoo,811006,110
811007100,Booj,811007,110
811007110,Chawandiya,811007,110
811007120,Dagarwara,811007,110
811007130,Dhamsya,811007,110
811007140,Dhaula,811007,110
811007150,Dhoola Raoji,811007,110
811007160,Gathwari,811007,110
811007170,Indragarh,811007,110
811007180,Jaichand Pura,811007,110
811007190,Jamwa Ramgarh,811007,110
811007200,Kela Ka Bas,811007,110
811007210,Kharkara,811007,110
811007220,Khawa Raniji,811007,110
811007230,Lali,811007,110
811007240,Lalwas,811007,110
811007250,Langareeywas,811007,110
811007260,Manhagi,811007,110
811007270,Manota,811007,110
811007280,Mathasoola,811007,110
811007290,Nangal Tulsidas,811007,110
811007300,Natata,811007,110
811007310,Nayla,811007,110
811007320,Neemla,811007,110
811007330,Newar,811007,110
811007340,Papar,811007,110
811007350,Phootolao,811007,110
811007360,Rahori,811007,110
811007370,Raipur,811007,110
811007380,Raisar,811007,110
811007390,Rajpurwas Tala,811007,110
811007400,Ramyanwala,811007,110
811007410,Roopwas,811007,110
811007420,Saipura,811007,110
811007430,Saiwar,811007,110
811007440,Samred Kalan,811007,110
811007450,Sankotra,811007,110
811007460,Tala,811007,110
811007470,Thali,811007,110
811007480,Thaulai,811007,110
811007490,Toda Meena,811007,110
811008633,Municipal-Badarwas,811008,110
811008634,Municipal-Bararama,811008,110
811008635,Municipal-Bindayaka,811008,110
811008636,Municipal-Bishnawala,811008,110
811008637,Municipal-Charan Nadi,811008,110
811008638,Municipal-Dhauwas,811008,110
811008639,Municipal-Gajsinghpura,811008,110
811008640,Municipal-Girdharipura,811008,110
811008641,Municipal-Gokulpura,811008,110
811008642,Municipal-Harnathpura,811008,110
811008643,Municipal-Heerapura,811008,110
811008644,Municipal-Jaipur,811008,110
811008645,Municipal-Jaipuriyon Ka Bas,811008,110
811008646,Municipal-Jaisinghpura Khor,811008,110
811008647,Municipal-Jamdoli,811008,110
811008648,Municipal-Kanakpura,811008,110
811008649,Municipal-Kilangarh,811008,110
811008650,Municipal-Maharajpura,811008,110
811008651,Municipal-Manpura Sarwa,811008,110
811008652,Municipal-Meenawala,811008,110
811008653,Municipal-Mukandpura,811008,110
811008654,Municipal-Nangal Jaisa Bohra,811008,110
811008655,Municipal-Nanoosar,811008,110
811008656,Municipal-Panchyawala,811008,110
811008657,Municipal-Sirsi,811008,110
811008658,Municipal-Siwar,811008,110
811008010,Begas,811008,110
811008020,Bhambhori,811008,110
811008030,Boytawala,811008,110
811008040,Dhankya,811008,110
811008050,Durjaniyawas,811008,110
811008060,Fatehpura,811008,110
811008070,Hathod,811008,110
811008080,Kalwar,811008,110
811008090,Manchwa,811008,110
811008100,Manda Bhopawas,811008,110
811008110,Mundiya Ramsar,811008,110
811008120,Neemera,811008,110
811008130,Niwaroo,811008,110
811008140,Pachar,811008,110
811008150,Peethawas,811008,110
811008160,Sarna Chaur,811008,110
811008170,Sarna Doongar,811008,110
811008180,Shyosinghpura @ Shyopura,811008,110
811009677,Municipal-Kotputli,811009,110
811009010,Amai,811009,110
811009020,Banar,811009,110
811009030,Baneti,811009,110
811009040,Basai,811009,110
811009050,Bhaloji,811009,110
811009060,Chaturbhuj,811009,110
811009070,Chimanpura,811009,110
811009080,Deota,811009,110
811009090,Gonera,811009,110
811009100,Gopalpura,811009,110
811009110,Gordhanpura,811009,110
811009120,Jaisinghpura,811009,110
811009130,Kalyanpura Kalan,811009,110
811009140,Kalyanpura Khurd,811009,110
811009150,Kansli,811009,110
811009160,Kanwarpura,811009,110
811009170,Keshwana Rajput,811009,110
811009180,Kharab,811009,110
811009190,Kherki Veerbhan,811009,110
811009200,Koojota,811009,110
811009210,Mohanpura,811009,110
811009220,Molahera,811009,110
811009230,Nangal Panditpura,811009,110
811009240,Nareda,811009,110
811009250,Paniyala,811009,110
811009260,Raikaranpura,811009,110
811009270,Ramsinghpura,811009,110
811009280,Sangtera,811009,110
811009290,Saroond,811009,110
811009300,Shuklawas,811009,110
811009310,Sundarpura,811009,110
811010010,Barnagar,811010,110
811010020,Bhainslana,811010,110
811010030,Bhankhari,811010,110
811010040,Bhonawas,811010,110
811010050,Bhuree Bharaj,811010,110
811010060,Buchara,811010,110
811010070,Dantil,811010,110
811010080,Dwarikapura,811010,110
811010090,Fatehpura Khurd,811010,110
811010100,Jodhpura,811010,110
811010110,Karaudi,811010,110
811010120,Karoli,811010,110
811010130,Khelna,811010,110
811010140,Kooner,811010,110
811010150,Lada Ka Was,811010,110
811010160,Mandha,811010,110
811010170,Pachhodala,811010,110
811010180,Panditpura,811010,110
811010190,Paota,811010,110
811010200,Pathreri,811010,110
811010210,Pragpura,811010,110
811010220,Prem Nagar,811010,110
811010230,Purushottampura,811010,110
811010240,Rajnauta,811010,110
811010250,Sudarpura,811010,110
811010260,Taskola,811010,110
811010270,Torda Goojran,811010,110
811010280,Tulsipura,811010,110
811011010,Bhankrota,811011,110
811011020,Chakwara,811011,110
811011030,Chandama Kalan,811011,110
811011040,Chauru,811011,110
811011050,Chittora,811011,110
811011060,Dabich,811011,110
811011070,Didawata,811011,110
811011080,Dosra,811011,110
811011090,Gohandi,811011,110
811011100,Harsooliya,811011,110
811011110,Jhadla,811011,110
811011120,Kansel,811011,110
811011130,Kishorpura,811011,110
811011140,Ladana,811011,110
811011150,Lasariya,811011,110
811011160,Madhorajpura,811011,110
811011170,Mandawari,811011,110
811011180,Mandi,811011,110
811011190,Mandor,811011,110
811011200,Mani,811011,110
811011210,Mendwas,811011,110
811011220,Mohabbat Pura,811011,110
811011230,Mohanpura Prathvisingh,811011,110
811011240,Nareda,811011,110
810306140,Dhigal,810306,103
810306150,Doomra,810306,103
810306160,Dundlod,810306,103
810306170,Ghoribara Khurd,810306,103
810306180,Gothra,810306,103
810306190,Jakhal,810306,103
810306200,Jejusar,810306,103
810306210,Jhajhar,810306,103
810306220,Kairu,810306,103
810306230,Kari,810306,103
810306240,Kaseru,810306,103
810306250,Khiror,810306,103
810306260,Kolsiya,810306,103
810306270,Kumawas,810306,103
810306280,Lohargal,810306,103
810306290,Mandasi,810306,103
810306300,Mohanbari,810306,103
810306310,Nawalri,810306,103
810306320,Niwai,810306,103
810306330,Pabana ( Rural ),810306,103
810306340,Parasrampura,810306,103
810306350,Poojari Ki Dhani,810306,103
810306360,Ranasar,810306,103
811501140,Kaludi,811501,115
811501150,Kanana,811501,115
811501160,Khattu,811501,115
811501170,Kher,811501,115
811501180,Kitnod,811501,115
811501190,Kitpala,811501,115
811501200,Majiwala,811501,115
811501210,Mandapura,811501,115
811501220,Mewanagar,811501,115
811501230,Mungda,811501,115
811501240,Pachpadra,811501,115
811501250,Parloo,811501,115
811501260,Sarana,811501,115
811501270,Sinali Jageer,811501,115
811501280,Tapra,811501,115
811501290,Tilwada,811501,115
811502673,Municipal - Barmer,811502,115
811502010,Adarsh Chawa,811502,115
811502020,Ati,811502,115
811502030,Balau,811502,115
811502040,Balera,811502,115
811502050,Barmer Agor,811502,115
811502060,Barmer City (Rural),811502,115
811502070,Barmer Magra,811502,115
811502080,Bhadresh Gandhau,811502,115
811502090,Bola,811502,115
811502100,Booth Jetmal,811502,115
811502110,Chooli,811502,115
811502120,Doodaberi,811502,115
811502130,Garal,811502,115
811502140,Hathitala,811502,115
811502150,Jakhdon Ki Dhani,811502,115
811502160,Jalipa,811502,115
811502170,Jasai,811502,115
811502180,Joona Patrasar,811502,115
811502190,Kagau,811502,115
811502200,Mahabar,811502,115
811502210,Maroodi,811502,115
811502220,Meethra,811502,115
811502230,Murtaala Gala,811502,115
811502240,Nand,811502,115
811502250,Rani Gaon,811502,115
811502260,Sanawara,811502,115
811502270,Sura Charnan,811502,115
811502280,Undkha,811502,115
811502290,Vishala,811502,115
811502300,Vishala Agor,811502,115
811503704,Municipal - Sutharon Ki Dhani,811503,115
811512210,Sajjan Ka Par,811512,115
811512220,Setrau,811512,115
811512230,Sihani,811512,115
811512240,Surali,811512,115
811512250,Tamliyar,811512,115
811513010,Ajeet (Doodon Ka Bara),811513,115
811513020,Bamaseen,811513,115
811513030,Bhalaron Ka Bara,811513,115
811513040,Dheedhas,811513,115
811513050,Jethantari,811513,115
811513060,Karmawas,811513,115
811513070,Khandap,811513,115
811513080,Khejariyali,811513,115
811513090,Kotri,811513,115
811513100,Lalana,811513,115
811513110,Majal,811513,115
811513120,Rakhi,811513,115
811513130,Rampura,811513,115
811513140,Rani Deshipura,811513,115
811513150,Ratri,811513,115
811513160,Samdari,811513,115
811513170,Samdari Station,811513,115
811513180,Sanwarda,811513,115
811513190,Sarwari,811513,115
812701030,Bagli,812701,127
812701040,Balupa,812701,127
812701050,Bambooliya Kalan,812701,127
812701060,Binayaka,812701,127
812701070,Borda,812701,127
812701080,Dheepri (Chambal),812701,127
812701090,Dungarli,812701,127
812701100,Durjanpura,812701,127
812701110,Ganeshganj,812701,127
812701120,Genta,812701,127
812701130,Itawa,812701,127
812701140,Jaloda Khatiyan,812701,127
812701150,Jatwara,812701,127
812701160,Jorawarpura,812701,127
812701170,Kakrawada,812701,127
812701180,Karwar,812701,127
812701190,Kethoda,812701,127
812701200,Khatauli,812701,127
812701210,Khyawada,812701,127
812701220,Laxmipura,812701,127
812701230,Luhawad,812701,127
812701240,Navnera,812701,127
812701250,Neemola,812701,127
812701260,Peepalda Kalan,812701,127
812701270,Rajopa,812701,127
812701280,Ranodiya,812701,127
812701290,Shahnawada,812701,127
812701300,Talab,812701,127
812702223,Municipal Ramganj Mandi,812702,127
812702010,Alod,812702,127
812702020,Aranya Kalan,812702,127
812702030,Barodiya Kalan,812702,127
812702040,Budhkhan,812702,127
812702050,Chechat (Ct),812702,127
812702060,Deoli Kalan,812702,127
812702070,Deoli Khurd,812702,127
812702080,Dharnawad,812702,127
812702090,Gadiya,812702,127
812702100,Ghatoli,812702,127
812702110,Goyanda,812702,127
812702120,Hathiya Kheri,812702,127
812702130,Hiriya Kheri,812702,127
812702140,Julmi,812702,127
812702150,Khairabad (Ct),812702,127
812702160,Kheemach,812702,127
812702170,Khera Rudhda,812702,127
812702180,Kherli,812702,127
812702190,Kookara Khurd,812702,127
812702200,Kudayla,812702,127
812702210,Kumbhkot (Ct),812702,127
812702220,Lakhariya,812702,127
812702230,Laxmipura,812702,127
812702240,Madanpura,812702,127
812702250,Manda,812702,127
812702260,Modak (Ct),812702,127
812702270,Peepa Kheri,812702,127
812702280,Pipalda,812702,127
812702290,Reenchhariya,812702,127
812702300,Sahrawada,812702,127
812702310,Salawad Khurd,812702,127
812702320,Salera Khurd,812702,127
812702330,Satalkheri (Ct),812702,127
812702340,Suket (Ct),812702,127
812702350,Udpura (Ct),812702,127
812702360,Undwa,812702,127
812703260,Municipal Kaithoon,812703,127
812703261,Municipal Kota,812703,127
812703010,Alniya,812703,127
812703020,Arand Khera,812703,127
812703030,Baniyani,812703,127
812703040,Bhanwariya,812703,127
812703050,Bhimpura,812703,127
812703060,Borabas,812703,127
812703070,Dolya,812703,127
812703080,Gandi Phali,812703,127
812703090,Godalyaheri,812703,127
811011250,Nimera,811011,110
811011260,Pachala,811011,110
811011270,Pahariya,811011,110
811011280,Parwan,811011,110
811011290,Peepla,811011,110
811011300,Phagi,811011,110
811011310,Renwal Manji,811011,110
811011320,Rotwara,811011,110
811011330,Sawai Jaisinghpura,811011,110
811012770,Municipal-Jobner,811012,110
811012771,Municipal-Kishangarh Renwal,811012,110
811012772,Municipal-Sambhar,811012,110
811012010,Anantpura,811012,110
811012020,Baberwalan Ki Dhani,811012,110
811012030,Badhal,811012,110
811012040,Bagawas,811012,110
811012050,Basri Khurd,811012,110
811012060,Bassi Naga,811012,110
811012070,Bhadwa,811012,110
811012080,Bhainsawa,811012,110
811012090,Bhainslana,811012,110
811012100,Bhojpura Kalan,811012,110
811012110,Dehra,811012,110
811012120,Dhani Nagan,811012,110
811012130,Doongarsi Ka Bas,811012,110
811012140,Doongri Kalan,811012,110
811012150,Doongri Khurd,811012,110
811012160,Dyodhi,811012,110
811012170,Harsoli,811012,110
811012180,Hingoniya,811012,110
811012190,Itawa,811012,110
811012200,Jaisinghpura,811012,110
811012210,Jorpura Jobner,811012,110
811012220,Jorpura Sundariyabas,811012,110
811012230,Kalakh,811012,110
811012240,Karansar,811012,110
811012250,Kazipura,811012,110
811012260,Khandel,811012,110
811012270,Khejrawas,811012,110
811012280,Kheri Milak,811012,110
811012290,Kudiyon Ka Bas,811012,110
811012300,Lalasar,811012,110
811012310,Loharwara,811012,110
811012320,Looniyawas,811012,110
811012330,Malikpura,811012,110
811012340,Manda Bhimsingh,811012,110
811012350,Moondoti,811012,110
811012360,Moondwara,811012,110
811013833,Municipal-Chak Karol,811013,110
811013834,Municipal-Chak Matashoola,811013,110
811013835,Municipal-Chatarawala,811013,110
811013836,Municipal-Dehlawas,811013,110
811013837,Municipal-Ganpatpura,811013,110
811013838,Municipal-Ganpatpura Chak No.1,811013,110
811013839,Municipal-Ganpatpura Chak No.2,811013,110
811013840,Municipal-Golyawas,811013,110
811013841,Municipal-Govindpura,811013,110
811013842,Municipal-Govindpura Rohpara,811013,110
811013843,Municipal-Hajyawala,811013,110
811013844,Municipal-Hasampura Bas Bhankrot,811013,110
811013845,Municipal-Hirapura,811013,110
811013846,Municipal-Indrapuri,811013,110
811013847,Municipal-Jagatpura,811013,110
811013848,Municipal-Jaipur,811013,110
811013849,Municipal-Jaipura,811013,110
811013850,Municipal-Jhujharpura Mendla,811013,110
811013851,Municipal-Jotrawala,811013,110
811013852,Municipal-Kalyanpura,811013,110
811013853,Municipal-Kalyanpura Khatipura,811013,110
811013854,Municipal-Keshopura,811013,110
811013855,Municipal-Kho Rebariyan,811013,110
811013856,Municipal-Khori,811013,110
811013857,Municipal-Kokawas,811013,110
811013858,Municipal-Lakhesara,811013,110
811013859,Municipal-Looniyawas,811013,110
811013860,Municipal-Madrampura,811013,110
811013861,Municipal-Mahal,811013,110
811013862,Municipal-Mangyawas,811013,110
811013863,Municipal-Manoharpura,811013,110
811013864,Municipal-Murlipura @ Mishra Ka Barh,811013,110
811013865,Municipal-Nagariyawala,811013,110
811013866,Municipal-Nandkishorpura Manya,811013,110
811013867,Municipal-Narsinghpura Raksa,811013,110
811013868,Municipal-Ramnagariya,811013,110
811013869,Municipal-Ramsinghpura Bas Sanga,811013,110
811013870,Municipal-Ramsinghpura Dhaulai,811013,110
811013871,Municipal-Ramsinghpura Rampura,811013,110
811013872,Municipal-Saipura,811013,110
811013873,Municipal-Shikarpura,811013,110
811013874,Municipal-Shri Govindpura,811013,110
811013875,Municipal-Shyopur,811013,110
811013876,Municipal-Singarpura,811013,110
811013877,Municipal-Sitapura,811013,110
811013878,Municipal-Sriramgopalpura Bhoj,811013,110
811013879,Municipal-Srirampurabas Bhankrot,811013,110
811013880,Municipal-Sukhiya,811013,110
811013881,Municipal-Teelawala,811013,110
811013882,Municipal-Udaipur Gilhariya,811013,110
811013010,Ajairajpura,811013,110
811013020,Asawala,811013,110
811013030,Awaniya,811013,110
811013040,Bari Ka Bas,811013,110
811013050,Beelwa Kalan,811013,110
811013060,Bhambhoriya,811013,110
811013070,Bhapura,811013,110
811013080,Dahmi Kalan,811013,110
811013090,Dantli,811013,110
811013100,Goner,811013,110
811013110,Harchandpura @ Deoliya,811013,110
811013120,Jagannathpura,811013,110
811013130,Jaisinghpura,811013,110
811013140,Kalwara,811013,110
811013150,Kapoorawala,811013,110
811013160,Lakhana,811013,110
811013170,Mahapura,811013,110
811013180,Mandau,811013,110
811013190,Mohanpura,811013,110
811013200,Muhana,811013,110
811013210,Narsinghpura,811013,110
811013220,Neota,811013,110
811013230,Pawaliya,811013,110
811013240,Purshottampura @ Dadiya,811013,110
811013250,Rampura Unti,811013,110
811013260,Shri Ram Ki Nangal,811013,110
811013270,Thikariya,811013,110
811013280,Vidhani,811013,110
811013290,Watika,811013,110
811014912,Municipal-Shahpur,811014,110
811014010,Amarsar,811014,110
811014020,Barijori,811014,110
811014030,Bilandarpur,811014,110
811014040,Chharsa,811014,110
811014050,Chimanpura,811014,110
811014060,Devan,811014,110
811014070,Devipura,811014,110
811014080,Dhanota,811014,110
811014090,Dhaoli,811014,110
811014100,Ghasipura,811014,110
811014110,Govindpura Basri,811014,110
811014120,Hanutiya,811014,110
811014130,Hanutpura,811014,110
811014140,Jagatpura,811014,110
811014150,Kant,811014,110
811014160,Kareeri,811014,110
811014170,Khoralardhani,811014,110
811014180,Khori,811014,110
811014190,Mahar Khurd,811014,110
811014200,Manoharpur,811014,110
811014210,Murlipura,811014,110
811014220,Nathawala,811014,110
811014230,Nawalpura,811014,110
811014240,Nayabas,811014,110
811014250,Nayan,811014,110
811014260,Nithara,811014,110
811014270,Radawas,811014,110
811014280,Saiwar,811014,110
811014290,Surana,811014,110
811014300,Todi,811014,110
811014310,Udawala,811014,110
811014320,Vidara,811014,110
811014330,Vishangarh,811014,110
811015946,Municipal-Shahpur,811015,110
811015947,Municipal-Viratnagar,811015,110
811015010,Amloda,811015,110
811015020,Antela,811015,110
811015030,Badodiya,811015,110
811015040,Bagawas Ahiran,811015,110
811015050,Bagawas Churasi,811015,110
811015060,Bajrangpura,811015,110
811015070,Beelwari,811015,110
811015080,Bhabroo,811015,110
811015090,Bhamod,811015,110
811015100,Chhapra Khurd,811015,110
811015110,Chheetoli,811015,110
811015120,Dhani Gaiskan,811015,110
811015130,Govindpura Dhabai,811015,110
811015140,Jaisinghpura,811015,110
811015150,Jaje Kalan,811015,110
811015160,Jawanpura,811015,110
811015170,Jodhoola,811015,110
811015180,Kairli,811015,110
811015190,Kuhada,811015,110
811015200,Luhakana Kalan,811015,110
811015210,Med,811015,110
811015220,Norang Pura,811015,110
811015230,Palri,811015,110
811015240,Papra,811015,110
811015250,Poorawala,811015,110
811015260,Rampura,811015,110
810301200,Kaliyasar,810301,103
810301210,Kant,810301,103
810301220,Kodesar,810301,103
810301230,Kolinda,810301,103
810301240,Ladusar,810301,103
810301250,Loona,810301,103
810301260,Mahansar,810301,103
810301270,Malsisar,810301,103
810301280,Niradhanu,810301,103
810301290,Patoda,810301,103
810301300,Pilani Khurd,810301,103
810301310,Rampura,810301,103
810301320,Sonasar,810301,103
810301330,Tamkor,810301,103
810301340,Tanee,810301,103
810302010,Badbar,810302,103
810302020,Bhainsawata Khurd,810302,103
810302030,Bhaloth,810302,103
810302040,Bhir,810302,103
810302050,Buhana,810302,103
810302060,Dhadhot Kalan,810302,103
810302070,Dhana,810302,103
810302080,Dhani Bhaloth,810302,103
810302090,Dhulwa,810302,103
811806050,Bar,811806,118
811806060,Birantiya Kalan,811806,118
811806070,Birantiya Khurd,811806,118
811806080,Boontiwas,811806,118
811806090,Chang,811806,118
811806100,Chitar,811806,118
811806110,Deepawas,811806,118
811806120,Deoli Kalan,811806,118
811806130,Giri,811806,118
811806140,Hajiwas,811806,118
811806150,Jhala Ki Chauki,811806,118
811806160,Jhoontha,811806,118
811806170,Kalab Kalan,811806,118
811806180,Kalaliya,811806,118
811806190,Kanuja,811806,118
811806200,Kot Kirana,811806,118
811806210,Kushalpura,811806,118
811806220,Leelamba,811806,118
811806230,Mohra Kalan,811806,118
811806240,Nanana,811806,118
811806250,Nimbera Kalan,811806,118
811806260,Pachanpura,811806,118
811806270,Peepaliya Kalan,811806,118
811806280,Pratapgarh,811806,118
811806290,Raipur,811806,118
812705040,Barod,812705,127
812705050,Bhanda Hera,812705,127
812705060,Bhauran,812705,127
812705070,Bislai,812705,127
812705080,Budhadeet,812705,127
812705090,Choma Maliyan,812705,127
812705100,Digod,812705,127
812705110,Doongarjya,812705,127
812705120,Gadhepan,812705,127
812705130,Jhargaon,812705,127
812705140,Khairoola,812705,127
812705150,Kherli Tawran,812705,127
812705160,Kishorpura,812705,127
812705170,Kotra Deepsingh,812705,127
812705180,Kotsuwan,812705,127
812705190,Lakh Saneeja,812705,127
812705200,Madanpura,812705,127
812705210,Mandawara,812705,127
812705220,Moondla,812705,127
812705230,Morpa,812705,127
812705240,Nimoda,812705,127
812705250,Notara,812705,127
812705260,Polai Kalan,812705,127
812705270,Rel,812705,127
812705280,Sarola,812705,127
813001220,Sapetiya,813001,130
813001230,Shobhagpura,813001,130
813001240,Thoor,813001,130
813001250,Wati,813001,130
813002733,Municipal - Bhinder (M),813002,130
813002734,Municipal - Boliyon Ka Sah (M),813002,130
813002735,Municipal - Gopalpura (M),813002,130
813002736,Municipal - Kanor (B) (M),813002,130
813002737,Municipal - Kanor (M),813002,130
813002010,Adinda,813002,130
813002020,Akola,813002,130
813002030,Amarpura,813002,130
813002040,Amarpura Jageer,813002,130
813002050,Bagar,813002,130
813002060,Balathal,813002,130
813002070,Bansra,813002,130
813002080,Bargaon,813002,130
813002090,Baroriya,813002,130
813002100,Batharda Kalan,813002,130
813002110,Batharda Khurd,813002,130
813002120,Bhatewar,813002,130
813002130,Bhopa Khera,813002,130
813002140,Chargadiya,813002,130
813002150,Daroli,813002,130
813003020,Amarpura,813003,130
813003030,Bachhar,813003,130
813003040,Baleecha,813003,130
813003050,Baran,813003,130
813003060,Barapal,813003,130
813003070,Bedwas (Rural),813003,130
813003080,Bhoiyon Ki Pancholi,813003,130
813003090,Bujra,813003,130
813003100,Chanawada,813003,130
813003110,Chukariya,813003,130
813003120,Dakan Kotra,813003,130
813003130,Debari,813003,130
813003140,Dewali,813003,130
813003150,Dodawali,813003,130
813003160,Jawar,813003,130
813003170,Jawla,813003,130
813003180,Kalarwas,813003,130
813003190,Kanpur,813003,130
813003200,Kaya,813003,130
813003210,Khajoori,813003,130
813003220,Lakarwas,813003,130
813003230,Manwa Khera (Rural),813003,130
813003240,Matoon,813003,130
813003250,Nai,813003,130
813003260,Padoona,813003,130
810302100,Doomoli Kalan,810302,103
810302110,Doomoli Khurd,810302,103
810302120,Gada Khera,810302,103
810302130,Ghardana Kalan,810302,103
810302140,Ghardana Khurd,810302,103
810302150,Ghaseda,810302,103
810302160,Gujarwas,810302,103
810302170,Gunti,810302,103
810302180,Heerwa,810302,103
810302190,Jhanjha,810302,103
810302200,Jharoda,810302,103
810302210,Kajlan,810302,103
810302220,Kalakhari,810302,103
810302230,Khandwa,810302,103
810302240,Khanpur,810302,103
810302250,Kuharwas,810302,103
810302260,Lambi Aheer,810302,103
810302270,Mankdo,810302,103
810302280,Moi Sadda,810302,103
810302290,Muradpur,810302,103
810302300,Pacheri Kalan,810302,103
810302310,Pacheri Khurd,810302,103
810302320,Panthroli,810302,103
810302330,Puhaniya,810302,103
810302340,Raipur (Aheeran),810302,103
810302350,Santor,810302,103
810302360,Sanwlod,810302,103
810302370,Shahpur,810302,103
810302380,Shyampura,810302,103
810302390,Singhana,810302,103
810302400,Sohli,810302,103
810302410,Sultana Ahiran,810302,103
810302420,Thali,810302,103
810302430,Udamandi,810302,103
810303055,Municipal-Chirawa,810303,103
810303010,Alipur,810303,103
810303020,Ardawata,810303,103
810303030,Badangarh,810303,103
810303040,Bajawa,810303,103
810303050,Bakhtawarpura,810303,103
810303060,Bhamerwasi,810303,103
810303070,Bhukana,810303,103
810303080,Budaniya,810303,103
810303090,Chandana,810303,103
810303100,Dhatarwala,810303,103
810303110,Gadaniya,810303,103
810303120,Gothra Lamba,810303,103
810303130,Gothra Nooniya,810303,103
810303140,Gowla,810303,103
810303150,Keharpura Kalan,810303,103
810303160,Khudana,810303,103
810303170,Kishopura,810303,103
810303180,Kithana,810303,103
810303190,Lamba,810303,103
810303200,Mandrela,810303,103
810303210,Narhar,810303,103
810303220,Nari,810303,103
810303230,Ojtu,810303,103
810303240,Sari,810303,103
810303250,Shyopura,810303,103
810303260,Solana,810303,103
810303270,Sultana,810303,103
810303280,Tigiyas,810303,103
810304084,Municipal-Baggar,810304,103
810304085,Municipal-Mandawa,810304,103
810304086,Municipal-Nagar Parishad Jhunjhunun,810304,103
810304010,Abusar,810304,103
810304020,Ajari Kalan,810304,103
810304030,Ajeetgarh,810304,103
810304040,Bahadurwas,810304,103
810304050,Bakra,810304,103
810304060,Bas Nanag,810304,103
810304070,Beebasar,810304,103
810304080,Bhadunda Khurd,810304,103
810304090,Bhadundakalan,810304,103
810304100,Bharoo,810304,103
810304110,Bheemsar,810304,103
810304120,Bhojasar,810304,103
810304130,Bishanpura,810304,103
810304140,Budana,810304,103
810304150,Churi Chatarpura,810304,103
810304160,Derwala,810304,103
810304170,Hanumanpura,810304,103
810304180,Indali,810304,103
810304190,Islampur,810304,103
810304200,Jei Pahari,810304,103
810304210,Kasimpura,810304,103
810304220,Khajpur Naya,810304,103
810304230,Kuharoo,810304,103
810304240,Kulod Kalan,810304,103
810304250,Lalpur,810304,103
810304260,Mahradasi,810304,103
810304270,Makhar,810304,103
810304280,Nayasar,810304,103
810304290,Nooan,810304,103
810304300,Patusari,810304,103
810304310,Pratappura,810304,103
810304320,Purohiton Ki Dhani,810304,103
810304330,Seegra,810304,103
810304340,Shekhsar,810304,103
810304350,Siriyasar Kalan,810304,103
810304360,Udawas,810304,103
810304370,Wahidpura,810304,103
810305124,Municipal-Khetri,810305,103
810305010,Babai,810305,103
810305020,Barau,810305,103
810305030,Basai,810305,103
810305040,Beelwa,810305,103
810305050,Besarda,810305,103
810305060,Charawas,810305,103
810305070,Dada Fatehpura,810305,103
810305080,Dalelpura,810305,103
810305090,Doodhwa Nangliya,810305,103
810305100,Gadrata,810305,103
810305110,Gorir,810305,103
810305120,Gothra (C.T.),810305,103
810305130,Hardiya,810305,103
810305140,Jasrapur,810305,103
810305150,Kalota,810305,103
810305160,Kankariya,810305,103
810305170,Kharkhara,810305,103
810305180,Loyal,810305,103
810305190,Madhogarh,810305,103
810305200,Mandri,810305,103
810305210,Manota ( Jatan ),810305,103
810305220,Manota Kalan,810305,103
810305230,Mehara Jatoowas,810305,103
810305240,Nalpur,810305,103
810305250,Nangaliya,810305,103
810305260,Nangli Saledisingh,810305,103
810305270,Nanoowali Baori,810305,103
810305280,Norangpura,810305,103
810305290,Papurana,810305,103
810305300,Rajota,810305,103
810305310,Ram Kumarpura,810305,103
810305320,Rasoolpur,810305,103
810305330,Rawan,810305,103
810305340,Sanjay Nagar,810305,103
810305350,Sephara Gunwar,810305,103
810305360,Shimla,810305,103
810305370,Sihor,810305,103
810305380,Tateeja,810305,103
810305390,Thathwari,810305,103
810305400,Tiba,810305,103
810305410,Tyonda,810305,103
810306166,Municipal-Mukandgarh,810306,103
810306167,Municipal-Nawalgarh,810306,103
810306010,Bagoriya Ki Dhani,810306,103
810306020,Barwasi,810306,103
810306030,Basawa,810306,103
810306040,Bay,810306,103
810306050,Birol,810306,103
810306060,Bugala,810306,103
810306070,Chelasi,810306,103
810306080,Chirana,810306,103
810306090,Deogaon ( Noona ),810306,103
810306100,Devipura,810306,103
810306110,Dhaka Ki Dhani,810306,103
810306120,Dhania Nawalgarh,810306,103
810306130,Dhewa Ki Dhani,810306,103
810306370,Sotwara,810306,103
810306380,Todpura,810306,103
810306390,Togra Kalan,810306,103
810306400,Tonk Chhilari,810306,103
810307208,Municipal-Pilani,810307,103
810307209,Municipal-Surajgarh,810307,103
810307999,Municipal-Vidyavihar,810307,103
810307010,Adooka,810307,103
810307020,Agwana Khurd,810307,103
810307030,Badsari Ka Bas,810307,103
810307040,Baloda,810307,103
810307050,Bangothri Kalan,810307,103
810307060,Beri,810307,103
810307070,Berla,810307,103
810307080,Bhaothari,810307,103
810307090,Bhgina,810307,103
810307100,Dalmiyon Ki Dhani,810307,103
810307110,Deorod,810307,103
810307120,Dheegariya,810307,103
810307130,Doodwa,810307,103
810307140,Dulaniya,810307,103
810307150,Farat,810307,103
810307160,Ghandawa,810307,103
810307170,Ghumansar Kalan,810307,103
810307180,Hameenpur,810307,103
810307190,Jakhod,810307,103
810307200,Jeeni,810307,103
810307210,Jherli,810307,103
810307220,Kajra,810307,103
810307230,Kakora,810307,103
810307240,Kherla,810307,103
810307250,Khudaniya,810307,103
810307260,Kirhwana,810307,103
810307270,Kuloth Kalan,810307,103
810307280,Lakhoo,810307,103
810307290,Leekhwa,810307,103
810307300,Lotiya,810307,103
810307310,Mahpalwas,810307,103
810307320,Morwa,810307,103
810307330,Peepli,810307,103
810307340,Pilod,810307,103
810307350,Sehi Kalan,810307,103
810307360,Sujdola,810307,103
810307370,Swami Sehi,810307,103
810307380,Ureeka,810307,103
810308249,Municipal-Udaipurwati,810308,103
810308010,Bagoli,810308,103
810308020,Bagora,810308,103
810308030,Bajawa,810308,103
810308040,Bamlas,810308,103
810308050,Baragaon,810308,103
810308060,Bhatiwar,810308,103
810308070,Bhorki,810308,103
810308080,Chanwara,810308,103
810308090,Chhaosari,810308,103
810308100,Chhapoli,810308,103
810308110,Chhau,810308,103
810308120,Dhamora,810308,103
810308130,Dhani Bhorki (Hq. Gadhwalon Ka Bas),810308,103
810308140,Duriya,810308,103
810308150,Gudha Bavani (Hq.Khedaro Ki Dhani),810308,103
810308160,Gudha Gorji,810308,103
810308170,Gura,810308,103
810308180,Hansalsar,810308,103
810308190,Indrapura,810308,103
810308200,Jahaz,810308,103
810308210,Jodhpura,810308,103
810308220,Kakrana,810308,103
810308230,Ked With Gopalpura,810308,103
810308240,Kishorpura,810308,103
810308250,Mainpura,810308,103
810308260,Manaksas,810308,103
810308270,Mandawara,810308,103
810308280,Nangal,810308,103
810308290,Natas,810308,103
810308300,Neori,810308,103
810308310,Pachlangi,810308,103
810308320,Papra Khurd,810308,103
810308330,Ponkh,810308,103
810308340,Posana,810308,103
810308350,Raghunathpura,810308,103
810308360,Sarai,810308,103
810308370,Seethal,810308,103
810308380,Singnor,810308,103
810308390,Teetanwar,810308,103
810308400,Todi,810308,103
811101999,Municipal-Losal,811101,111
811101010,Aloda,811101,111
811101020,Bajyawas,811101,111
811101030,Banathala,811101,111
811101040,Banoora,811101,111
811101050,Bay,811101,111
811101060,Bharija,811101,111
811101070,Bheema,811101,111
811101080,Bheerana,811101,111
811101090,Chainpura,811101,111
811101100,Chak,811101,111
811101110,Dansroli,811101,111
811101120,Danta,811101,111
811101130,Dheengpur,811101,111
811101140,Dholasari,811101,111
811101150,Doodwa,811101,111
811101160,Dookiya,811101,111
811101170,Ganora,811101,111
811101180,Gowati,811101,111
811101190,Jana,811101,111
811101200,Kankra,811101,111
811101210,Karad,811101,111
811101220,Khachariya Was,811101,111
811101230,Khandelsar,811101,111
811101240,Khatoo Shyamji,811101,111
811101250,Khood,811101,111
811101260,Khora,811101,111
811101270,Kochhor,811101,111
811101280,Kuli,811101,111
811101290,Ladpur,811101,111
811101300,Lamiyan,811101,111
811101310,Likhma Ka Bas,811101,111
811101320,Madni,811101,111
811101330,Mandha,811101,111
811101340,Mandha (Surera),811101,111
811101350,Mei,811101,111
811101360,Motlawas,811101,111
811101370,Mundiyawas,811101,111
811101380,Pachar,811101,111
811101390,Raiwasa,811101,111
811101400,Ralawata,811101,111
811101410,Ramgarh,811101,111
811101420,Reta,811101,111
811101430,Roopgarh,811101,111
811101440,Sami,811101,111
811101450,Sangalya,811101,111
811101460,Sulyawas,811101,111
811101470,Surera,811101,111
811102010,Anokhoo,811102,111
811102020,Badalwas,811102,111
811102030,Badhadar,811102,111
811102040,Bhairoopura,811102,111
811102050,Bhoowala,811102,111
811102060,Bidoli,811102,111
811102070,Binjasi,811102,111
811102080,Bosana,811102,111
811102090,Dhod,811102,111
811102100,Doogoli,811102,111
811102110,Doojod,811102,111
811102120,Fatehpura,811102,111
811102130,Gothra Bhookran,811102,111
811102140,Gothra Tagalan,811102,111
811102150,Jerthi,811102,111
811102160,Jheegar Chhoti,811102,111
811102170,Kanwarpura,811102,111
811102180,Kasli,811102,111
811102190,Khakholi,811102,111
811102200,Kirdoli,811102,111
811102210,Kudan,811102,111
811102220,Losal Chhoti,811102,111
811102230,Mandawara,811102,111
811102240,Mandota,811102,111
811102250,Mordoonga,811102,111
811102260,Mundwara,811102,111
811102270,Nagwa,811102,111
811102280,Netarwas,811102,111
811102290,Palthana,811102,111
811102300,Pewa,811102,111
811102310,Pooranpura,811102,111
811102320,Puran Bari,811102,111
811102330,Raseedpura,811102,111
811102340,Sanwaloda Dhaylan,811102,111
811102350,Sanwaloda Purohitan,811102,111
811102360,Sarwari,811102,111
811102370,Sewa,811102,111
811102380,Sewad Bari,811102,111
811102390,Shahpura,811102,111
811102400,Shyampura,811102,111
811102410,Sihot Bari,811102,111
811102420,Sihot Chhoti,811102,111
811102430,Singrawat,811102,111
811103381,Municipal-Fatehpur,811103,111
811103382,Municipal-Ramgarh,811103,111
811103383,Municipal - Fatehpur,811103,111
811103384,Municipal - Ramgarh,811103,111
811103010,Athwas,811103,111
811103020,Balod Chhoti,811103,111
811103030,Bathod,811103,111
811103040,Beswa,811103,111
811103050,Bheechri,811103,111
811103060,Bibipur Chhota,811103,111
811103070,Biraniya,811103,111
811103080,Dantru,811103,111
811103090,Deenwaladkhani,811103,111
811103100,Dewas,811103,111
811103110,Dhandhan,811103,111
811103120,Gangyasar,811103,111
811103130,Garinda,811103,111
811103140,Godiya Bara,811103,111
811103150,Hirna,811103,111
811103160,Hudera,811103,111
811103170,Kayamsar,811103,111
811103180,Khotiya,811103,111
811103190,Mandela Bara,811103,111
811103200,Nabipura,811103,111
811103210,Nayabas,811103,111
811103220,Palas,811103,111
811103230,Rohal Sahabsar,811103,111
811103240,Rosawa,811103,111
811103250,Sahnoosar,811103,111
811103260,Takhalsar,811103,111
811103270,Thedi,811103,111
811103280,Theemoli,811103,111
811103290,Tihawali,811103,111
811104414,Municipal -Khandela,811104,111
811104010,Baori,811104,111
811104020,Barsinghpura,811104,111
811104030,Basri,811104,111
811104040,Bhadwari,811104,111
811104050,Burja Ki Dhani,811104,111
811104060,Chaukri,811104,111
811104070,Dayra (Rural),811104,111
811104080,Dhalyavas,811104,111
811104090,Dhani Gumansingh,811104,111
811104100,Doodhwalon Ka Bas,811104,111
811104110,Dulhepura,811104,111
811104120,Gokul Ka Bas,811104,111
811104130,Govindpura,811104,111
811104140,Gurara,811104,111
811104150,Hardas Ka Bas,811104,111
811104160,Hathideh,811104,111
811104170,Jairampura,811104,111
811104180,Jajod,811104,111
811104190,Jharli,811104,111
811104200,Jugalpura,811104,111
811104210,Kalyanpura (Thoi),811104,111
811104220,Kanwat,811104,111
811104230,Karadka,811104,111
811104240,Kasarda,811104,111
811104250,Kerpura,811104,111
811104260,Khatundra,811104,111
811104270,Kotri Luharwas,811104,111
811104280,Lakhani,811104,111
811104290,Loharwara,811104,111
811104300,Mahron Ki Dhani (Rural),811104,111
811104310,Malikpura,811104,111
811104320,Nimera,811104,111
811104330,Paniharwas,811104,111
811104340,Pujari Ka Bas,811104,111
811104350,Ralawata,811104,111
811104360,Rampura,811104,111
811104370,Royal,811104,111
811104380,Sujana,811104,111
811104390,Theekariya @ Raisinghpura,811104,111
811104400,Thoi,811104,111
811105455,Municipal-Lachhmangarh,811105,111
811105010,Alakhpura Bogan,811105,111
811105020,Badusar,811105,111
811105030,Bagri,811105,111
811105040,Balaran,811105,111
811105050,Bathoth,811105,111
811105060,Batranau,811105,111
811105070,Beedasar,811105,111
811105080,Beerodi Bari,811105,111
811105090,Bhilunda,811105,111
811105100,Bhojasar Bara,811105,111
811105110,Bhuma Bara,811105,111
811105120,Churi Miyan,811105,111
811105130,Dhahar Ka Bas,811105,111
811105140,Dhanani,811105,111
811105150,Dishnau,811105,111
811105160,Doodwa,811105,111
811105170,Ganeri,811105,111
811105180,Garoda,811105,111
811105190,Ghiraniya (Bara),811105,111
811105200,Hameerpura,811105,111
811105210,Jajod,811105,111
811105220,Jasrasar,811105,111
811105230,Kachhwa,811105,111
811105240,Kheenwasar,811105,111
811105250,Kheri Radan,811105,111
811105260,Khuri Bari,811105,111
811105270,Kumas Jageer,811105,111
811105280,Kumas Jatan,811105,111
811105290,Lalasi,811105,111
811105300,Mangloona,811105,111
811105310,Mirand,811105,111
811105320,Narodara (Rural),811105,111
811105330,Nechhwa,811105,111
811105340,Palri,811105,111
811105350,Patoda,811105,111
811105360,Rahnawa,811105,111
811105370,Rajas,811105,111
811105380,Rajpur,811105,111
811105390,Rulyana Mali,811105,111
811105400,Rulyani,811105,111
811105410,Singodara,811105,111
811105420,Suthoth,811105,111
811105430,Sutod,811105,111
811105440,Tiroki Bari,811105,111
811106500,Municipal-Neem-Ka-Thana,811106,111
811106010,Aagri,811106,111
811106020,Agawari,811106,111
811106030,Basri Khurd,811106,111
811106040,Bhagega,811106,111
811106050,Bhoodoli,811106,111
811106060,Chala,811106,111
811106070,Cheeplata,811106,111
811106080,Deepawas,811106,111
811106090,Dehrajohri Wali,811106,111
811106100,Ganeshwar,811106,111
811106110,Ganwari,811106,111
811106120,Godawas,811106,111
811106130,Govindpura,811106,111
811106140,Guhala,811106,111
811106150,Heera Nagar,811106,111
811106160,Jheerana,811106,111
811106170,Jugalpura,811106,111
811106180,Khadra,811106,111
811106190,Khatkar,811106,111
811106200,Kishorpura,811106,111
811106210,Kotra,811106,111
811106220,Kurbara,811106,111
811106230,Mahawa,811106,111
811106240,Mandoli,811106,111
811106250,Mankri,811106,111
811106260,Mawanda Kalan,811106,111
811106270,Mawanda Khurd,811106,111
811106280,Mawanda Railway Station,811106,111
811106290,Napawali,811106,111
811106300,Narsingh Puri,811106,111
811106310,Natha Ki Nangal,811106,111
811106320,Naya Bas,811106,111
811106330,Peethalpur,811106,111
811106340,Peetham Puri,811106,111
811106350,Puranabas,811106,111
811106360,Raipur Jageer,811106,111
811106370,Sakray,811106,111
811106380,Sanwal Pura Tanwran,811106,111
811106390,Sirohi,811106,111
811106400,Tatera,811106,111
811106410,Theekariya,811106,111
811107010,Balloo Pura,811107,111
811107020,Bega Ki Nangal,811107,111
811107030,Bihar,811107,111
811107040,Bihari Pur,811107,111
811107050,Chhaja Ki Nangal,811107,111
811107060,Dabla,811107,111
811107070,Dalpat Pura,811107,111
811107080,Dareeba,811107,111
811107090,Dayal Ki Nangal,811107,111
811107100,Dokan,811107,111
811107110,Doonga Ki Nangal,811107,111
811107120,Ghasi Pura,811107,111
811107130,Hasampur,811107,111
811107140,Jeelo,811107,111
811107150,Ladi Ka Bas,811107,111
811107160,Mokalwas Jhareenda,811107,111
811107170,Mothooka,811107,111
811107180,Nyorana,811107,111
811107190,Patan,811107,111
811107200,Raipur Patan,811107,111
811107210,Rajpura,811107,111
811107220,Ramsinghpura,811107,111
811107230,Shyalodara,811107,111
811107240,Shyam Pura,811107,111
811107250,Toda,811107,111
811108567,Municipal-Sikar,811108,111
811108010,Abhaipura,811108,111
811108020,Badhala Ki Dhani,811108,111
811108030,Baidh Ki Dhani,811108,111
811108040,Bajor,811108,111
811108050,Beri,811108,111
811108060,Bhadwasi,811108,111
811108070,Chainpura,811108,111
811108080,Chandpura(Rural),811108,111
811108090,Dadiya,811108,111
811108100,Daulatpura,811108,111
811108110,Dharamshala,811108,111
811108120,Gokulpura,811108,111
811108130,Gungara,811108,111
811108140,Harsh,811108,111
811108150,Jurathra,811108,111
811108160,Katrathal,811108,111
811108170,Kishanpura,811108,111
811108180,Koleera,811108,111
811108190,Kudli,811108,111
811108200,Kushalpura,811108,111
811108210,Ladhana,811108,111
811108220,Malkera,811108,111
811108230,Nani,811108,111
811108240,Palasara,811108,111
811108250,Palsana,811108,111
811108260,Piprali,811108,111
811108270,Purohit Ka Bas,811108,111
811108280,Radha Kishanpura(Rural),811108,111
811108290,Raghunathgarh,811108,111
811108300,Rajpura,811108,111
811108310,Ranoli,811108,111
811108320,Sangarwa,811108,111
811108330,Sheeshyoo,811108,111
811108340,Shivsinghpura (Og),811108,111
811108350,Shyamgarh,811108,111
811108360,Shyampura,811108,111
811108370,Singhasan,811108,111
811108380,Sujawas,811108,111
811108390,Tarpura,811108,111
811109607,Municipal-Reengus,811109,111
811109608,Municipal-Sri Madhopur,811109,111
811109010,Abhawas,811109,111
811109020,Ajeetgarh,811109,111
811109030,Anatpura,811109,111
811109040,Arniya,811109,111
811109050,Aspura,811109,111
811109060,Bagariyavas,811109,111
811109070,Bharni,811109,111
811109080,Chomu Purohitan,811109,111
811109090,Dadiyarampura,811109,111
811109100,Divrala,811109,111
811109110,Garh Taknet,811109,111
811109120,Hanspur,811109,111
811109130,Hathora,811109,111
811109140,Jaitusar,811109,111
811109150,Jorawar Nagar,811109,111
811109160,Jugrajpura,811109,111
811109170,Kalyanpura,811109,111
811109180,Kancharra @ Kanchanpur,811109,111
811109190,Kotri (Shimarla),811109,111
811109200,Kotri Dhaylan,811109,111
811109210,Lapuwa,811109,111
811109220,Lisariya,811109,111
811109230,Mahroli,811109,111
811109240,Malakali,811109,111
811109250,Mau,811109,111
811109260,Mundru,811109,111
811109270,Nangal,811109,111
811109280,Nathoosar,811109,111
811109290,Patwari Ka Bas,811109,111
811109300,Phootala,811109,111
811109310,Sargoth,811109,111
811109320,Shimarla Jageer,811109,111
811109330,Sihori,811109,111
811109340,Tapilya,811109,111
811501643,Municipal - Balotra,811501,115
811501010,Akarli Bakshiram,811501,115
811501020,Asada,811501,115
811501030,Asotra,811501,115
811501040,Bheemarlai,811501,115
811501050,Bithuja,811501,115
811501060,Budiwara,811501,115
811501070,Chandesara,811501,115
811501080,Doodhwa,811501,115
811501090,Gol Station,811501,115
811501100,Gopdi,811501,115
811501110,Jagsa,811501,115
811501120,Janiyana,811501,115
811501130,Jasol,811501,115
811503010,Adarsh Dhoondha,811503,115
811503020,Akdara,811503,115
811503030,Bandra,811503,115
811503040,Batadoo,811503,115
811503050,Baytoo Bheemji,811503,115
811503060,Baytoo Bhopji,811503,115
811503070,Baytoo Chimanji,811503,115
811503080,Baytoo Panji,811503,115
811503090,Bhadkha,811503,115
811503100,Bheemra,811503,115
811503110,Bhurtiya,811503,115
811503120,Chhitar Ka Par,811503,115
811503130,Choukhla,811503,115
811503140,Dhoondha,811503,115
811503150,Hudo Ki Dhani,811503,115
811503160,Jhak,811503,115
811503170,Kapoordi,811503,115
811503180,Khariya Tala,811503,115
811503190,Kheempsar,811503,115
811503200,Khotho Ki Dhani (Bhadasar),811503,115
811503210,Koloo,811503,115
811503220,Kosariya,811503,115
811503230,Loonara,811503,115
811503240,Madhasar,811503,115
811503250,Madpura Barwala,811503,115
811503260,Moondhon Ki Dhani,811503,115
811503270,Nagoniyon Dhatarwalon Ki Dhani,811503,115
811503280,Panawara,811503,115
811503290,Rohili,811503,115
811503300,Sigoriya,811503,115
811504010,Aakora,811504,115
811504020,Antiya,811504,115
811504030,Bawri Kalan,811504,115
811504040,Bhojriya,811504,115
811504050,Bijrar,811504,115
811504060,Booth Rathoran,811504,115
811504070,Chohtan,811504,115
811504080,Dedoosar,811504,115
811504090,Dharasar,811504,115
811504100,Dhok,811504,115
811504110,Goliyar,811504,115
811504120,Gumane Ka Tala,811504,115
811504130,Jaisar,811504,115
811504140,Kairnada,811504,115
811504150,Kaprau,811504,115
811504160,Kelnor,811504,115
811504170,Konra,811504,115
811504180,Mate Ka Tala,811504,115
811504190,Mitharaoo,811504,115
811504200,Nawatala Jaitmalan,811504,115
811504210,Ramzan Ki Gafan,811504,115
811504220,Ratasar,811504,115
811504230,Sanau,811504,115
811504240,Sobhala Jetmalan,811504,115
811504250,Taratara,811504,115
811504260,Taratara Math,811504,115
811504270,Uparla,811504,115
811505010,Alamsar,811505,115
811505020,Ami Mohammad Shahki Basti,811505,115
811505030,Bachhraoo,811505,115
811505040,Bamnor Ameershah,811505,115
811505050,Beenjasar,811505,115
811505060,Bhooniya,811505,115
811505070,Bisaraniya,811505,115
811505080,Buran Ka Tala,811505,115
811505090,Deengarh,811505,115
811505100,Dhanaoo,811505,115
811505110,Gohar Ka Tala,811505,115
811505120,Isrol,811505,115
811505130,Itada,811505,115
811505140,Kitnoriya,811505,115
811505150,Leelsar,811505,115
811505160,Meethe Ka Tala,811505,115
811505170,Nawatala Rathoran,811505,115
811505180,Nehron Ki Nadi,811505,115
811505190,Netrar,811505,115
811505200,Pawariya,811505,115
811505210,Phagloo Ka Tala,811505,115
811505220,Pokrasar,811505,115
811505230,Rabasar,811505,115
811505240,Saiyon Ka Tala,811505,115
811505250,Sanwa,811505,115
811505260,Saroope Ka Tala,811505,115
811505270,Shri Ramwala,811505,115
811505280,Sodiyar,811505,115
811505290,Talsar,811505,115
811506010,Arniyali,811506,115
811506020,Bhali Khal,811506,115
811506030,Bhalisar,811506,115
811506040,Bhilon Ki Dhani Kalan,811506,115
811506050,Bhimthal,811506,115
811506060,Borcharnan,811506,115
811506070,Chainpura,811506,115
811506080,Daboi,811506,115
811506090,Dhorimanna,811506,115
811506100,Doodhu,811506,115
811506110,Jambheji Ka Mandir,811506,115
811506120,Khari,811506,115
811506130,Khoome Ki Beri,811506,115
811506140,Koja,811506,115
811506150,Koliyana,811506,115
811506160,Loharwa,811506,115
811506170,Lookhu,811506,115
811506180,Mangta,811506,115
811506190,Meethra Khurd,811506,115
811506200,Megwalon Ka Tala,811506,115
811506210,Mehloo,811506,115
811506220,Nedinadi,811506,115
811506230,Ranasar Kallan,811506,115
811506240,Rohila,811506,115
811506250,Shobhala Jetmal,811506,115
811506260,Sudaberi,811506,115
811506270,Udasar,811506,115
811507010,Aasari,811507,115
811507020,Balewa,811507,115
811507030,Bandasar,811507,115
811507040,Bandhara,811507,115
811507050,Beejawal,811507,115
811507060,Chetrori,811507,115
811507070,Gadraoad@Ber Seeng Desar,811507,115
811507080,Girab,811507,115
811507090,Harsani,811507,115
811507100,Jaisindhar Gaon,811507,115
811507110,Jaisindhar Station,811507,115
811507120,Jhankali,811507,115
811507130,Khabdala,811507,115
811507140,Khalife Ki Baori @ Medusar,811507,115
811507150,Khaniyani,811507,115
811507160,Kharchi,811507,115
811507170,Khudani,811507,115
811507180,Phogera,811507,115
811507190,Ranasar,811507,115
811507200,Ratreri Kalan,811507,115
811507210,Rawatsar,811507,115
811507220,Redana,811507,115
811507230,Rohidaala,811507,115
811507240,Rohiri,811507,115
811507250,Shahdad Ka Par,811507,115
811507260,Sundra,811507,115
811507270,Tamlor,811507,115
811507280,Tanumanji,811507,115
811508010,Cheebi,811508,115
811508020,Chiriya,811508,115
811508030,Gira,811508,115
811508040,Hira Ki Dhani,811508,115
811508050,Jajwa,811508,115
811508060,Jakhara,811508,115
811508070,Kanor,811508,115
811508080,Kasumbla Bhatiyan,811508,115
811508090,Kharapar,811508,115
811508100,Kharda Bharat Singh,811508,115
811508110,Khokhar,811508,115
811508120,Khokhar East,811508,115
811508130,Khokhar Paschim,811508,115
811508140,Kumpliya,811508,115
811508150,Lapundara Barthan,811508,115
811508160,Pareu,811508,115
811508170,Pooniyon Ka Tala,811508,115
811508180,Rateu,811508,115
811508190,Santra,811508,115
811508200,Sawau Moolraj,811508,115
811508210,Sawau Padam Singh,811508,115
811508220,Shahar,811508,115
811508230,Sohara,811508,115
811509010,Aalpura,811509,115
811509020,Amliyala,811509,115
811509030,Ankhiyan,811509,115
811509040,Band,811509,115
811509050,Banta,811509,115
811509060,Barasan,811509,115
811509070,Beri Gaon,811509,115
811509080,Bhakharpura,811509,115
811509090,Bhedana,811509,115
811509100,Chootoo,811509,115
811509110,Dabad,811509,115
811509120,Dedawas Jageer,811509,115
811509130,Dhola Nada,811509,115
811509140,Gandhav Kallan,811509,115
811509150,Goliya Jetmal,811509,115
811509160,Gudhamalani,811509,115
811509170,Kharwa,811509,115
811509180,Khudala,811509,115
811509190,Loonwa Jageer,811509,115
811509200,Malpura,811509,115
811509210,Mangle Ki Beri,811509,115
811509220,Mokhawa Khurd,811509,115
811509230,Nagar,811509,115
811509240,Naya Nagar,811509,115
811509250,Nokhra,811509,115
811509260,Peeprali,811509,115
811509270,Ramji Ka Golphanta,811509,115
811509280,Ranasar Khurd,811509,115
811509290,Ratanpura,811509,115
811509300,Roli,811509,115
811509310,Sindhaswa Harniyan,811509,115
811510010,Araba Chauhanan,811510,115
811510020,Balau Jati,811510,115
811510030,Bhandiyawas,811510,115
811510040,Chhachharlai Kalan,811510,115
811510050,Deoriya,811510,115
811510060,Dhani Sankhala,811510,115
811510070,Doli Kalla,811510,115
811510080,Gangawas,811510,115
811510090,Gharoi Charnan,811510,115
811510100,Godawas,811510,115
811510110,Gwalnada,811510,115
811510120,Kalyanpur,811510,115
811510130,Kankrala,811510,115
811510140,Korna,811510,115
811510150,Kudi,811510,115
811510160,Mandli,811510,115
811510170,Mool Ki Dhani,811510,115
811510180,Newari,811510,115
811510190,Rewada Maiya,811510,115
811510200,Rorwa Kalan,811510,115
811510210,Sarwadi,811510,115
811510220,Thob,811510,115
811510230,Thumbli,811510,115
811510240,Umarlai Jageer,811510,115
811511010,Badnawa Jageer,811511,115
811511020,Bagawas,811511,115
811511030,Baniyawas,811511,115
811511040,Bhagvanpura,811511,115
811511050,Bhakharsar,811511,115
811511060,Chilanadi,811511,115
811511070,Durgapura,811511,115
811511080,Kalewa,811511,115
811511090,Kesarpura,811511,115
811511100,Khanouda,811511,115
811511110,Navatala,811511,115
811511120,Nawoda Bera,811511,115
811511130,Nayapura,811511,115
811511140,Okatiya Bera,811511,115
811511150,Patodi,811511,115
811511160,Reenchholi,811511,115
811511170,Sagaranari,811511,115
811511180,Sajiyali Padamsingh,811511,115
811511190,Sajiyali Roopji Raja Beri,811511,115
811511200,Sambhara,811511,115
811511210,Simarkhiya,811511,115
811512010,Abhe Ka Par,811512,115
811512020,Babuguleriya,811512,115
811512030,Bhachbhar,811512,115
811512040,Bheende Ka Par,811512,115
811512050,Boothiya,811512,115
811512060,Chadar Mandroop,811512,115
811512070,Chari,811512,115
811512080,Derasar,811512,115
811512090,Gagriya,811512,115
811512100,Gangala,811512,115
811512110,Gardiya,811512,115
811512120,Hathma,811512,115
811512130,Indrohi,811512,115
811512140,Kantal Ka Par,811512,115
811512150,Khadeen,811512,115
811512160,Khara Rathoran,811512,115
811512170,Khariya Rathoran,811512,115
811512180,Padhariya,811512,115
811512190,Pandhikapar,811512,115
811512200,Ramsar,811512,115
811513200,Sewali,811513,115
811513210,Silor,811513,115
811514010,Arti,811514,115
811514020,Bakhasar,811514,115
811514030,Bamarla,811514,115
811514040,Bawarwala,811514,115
811514050,Beesasar,811514,115
811514060,Bhal Gaon,811514,115
811514070,Bhanwar,811514,115
811514080,Bhanwariya,811514,115
811514090,Bherudi,811514,115
811514100,Boli,811514,115
811514110,Chicharasar,811514,115
811514120,Ekal,811514,115
811514130,Gangasara,811514,115
811514140,Gira,811514,115
811514150,Gora,811514,115
811514160,Harpaliya,811514,115
811514170,Hathla,811514,115
811514180,Janpaliya,811514,115
811514190,Jharpa,811514,115
811514200,Kartiya,811514,115
811514210,Kekar,811514,115
811514220,Kundanpura,811514,115
811514230,Lakrasar,811514,115
811514240,Nawapura,811514,115
811514250,Nawatala Bakhasar,811514,115
811514260,Ogala,811514,115
811514270,Pandhi Ka Niwan,811514,115
811514280,Panoriya,811514,115
811514290,Phagliya,811514,115
811514300,Poonjasar,811514,115
811514310,Salriya,811514,115
811514320,Sanwlasi,811514,115
811514330,Sarla,811514,115
811514340,Sata,811514,115
811514350,Serwa,811514,115
811514360,Sherpur,811514,115
811514370,Shobhala Darsan,811514,115
811514380,Sonari,811514,115
811514390,Tarla,811514,115
811515010,Aakli,811515,115
811515020,Arang,811515,115
811515030,Balai,811515,115
811515040,Balasar,811515,115
811515050,Bhiyar,811515,115
811515060,Bisoo Kalan,811515,115
811515070,Chochra,811515,115
811515080,Dharwi Kalan,811515,115
811515090,Dharwi Khurd,811515,115
811515100,Goonga,811515,115
811515110,Harwa,811515,115
811515120,Hathisingh Ka Gaon,811515,115
811515130,Jhanphli Kalan,811515,115
811515140,Junejon Ki Basti,811515,115
811515150,Kanasar,811515,115
811515160,Kashmir,811515,115
811515170,Kotra,811515,115
811515180,Mokhab Kalan,811515,115
811515190,Mungeriya,811515,115
811515200,Nagarda,811515,115
811515210,Neembala,811515,115
811515220,Poshal,811515,115
811515230,Rajbera,811515,115
811515240,Rajdal,811515,115
811515250,Sheo,811515,115
811515260,Swami Ka Gaon,811515,115
811515270,Undoo,811515,115
811516010,Adel,811516,115
811516020,Ariniyali Mahechan,811516,115
811516030,Beriwala Tala,811516,115
811516040,Bhata,811516,115
811516050,Bhooka Bhagatsingh,811516,115
811516060,Bilasar,811516,115
811516070,Borwa,811516,115
811516080,Chandon Ki Dhani,811516,115
811516090,Chawa,811516,115
811516100,Dakhan,811516,115
811516110,Dandali,811516,115
811516120,Dhanwa,811516,115
811516130,Ed Sindari,811516,115
811516140,Galaberi,811516,115
811516150,Gangasara,811516,115
811516160,Hodoo,811516,115
811516170,Joona Meetha Khera,811516,115
811516180,Kadanari,811516,115
811516190,Kamthai,811516,115
811516200,Karna,811516,115
811516210,Khara Mahechan,811516,115
811516220,Kharntiya,811516,115
811516230,Khudasa,811516,115
811516240,Koshloo,811516,115
811516250,Kudla,811516,115
811516260,Lohidi,811516,115
811516270,Lolawa,811516,115
811516280,Lookhon Ki Dhani,811516,115
811516290,Motisara,811516,115
811516300,Nakora,811516,115
811516310,Naya Somesara,811516,115
811516320,Neembal Kot,811516,115
811516330,Nehron Ki Dhani,811516,115
811516340,Nosar,811516,115
811516350,Panyla Kalan,811516,115
811516360,Panyla Khurd,811516,115
811516370,Ramsar Ka Kua,811516,115
811516380,Rawatsar,811516,115
811516390,Sanjata,811516,115
811516400,Sanpa Manji,811516,115
811516410,Sara,811516,115
811516420,Sarli,811516,115
811516430,Sarnon Ka Tala,811516,115
811516440,Sarnoo Chimanji,811516,115
811516450,Sarnoo Panji,811516,115
811516460,Seo Niyala,811516,115
811516470,Shivkar,811516,115
811516480,Sindari Charnan,811516,115
811516490,Sindari Chaseera,811516,115
811517010,Annpurna Nagar,811517,115
811517020,Beranari,811517,115
811517030,Bhagwa,811517,115
811517040,Dewandi,811517,115
811517050,Dharna,811517,115
811517060,Dheera,811517,115
811517070,Goliya,811517,115
811517080,Gura,811517,115
811517090,Indrana,811517,115
811517100,Itwaya,811517,115
811517110,Kankhi,811517,115
811517120,Kathari,811517,115
811517130,Kundal,811517,115
811517140,Kuseep,811517,115
811517150,Mahilawas,811517,115
811517160,Mawri,811517,115
811517170,Meli,811517,115
811517180,Mithora,811517,115
811517190,Mokalsar,811517,115
811517200,Moothali,811517,115
811517210,Motisara,811517,115
811517220,Padardi Kalan,811517,115
811517230,Padroo,811517,115
811517240,Paun,811517,115
811517250,Ramniya,811517,115
811517260,Sela,811517,115
811517270,Siner,811517,115
811517280,Siwana,811517,115
811517290,Thapan,811517,115
811401135,Municipal - Jaisalmer,811401,114
811401010,Ajasar,811401,114
811401020,Amar Sagar,811401,114
811401030,Askandra,811401,114
811401040,Away,811401,114
811401050,Bada Bag,811401,114
811401060,Badoda Gaon,811401,114
811401070,Bahla,811401,114
811401080,Baramsar,811401,114
811401090,Basanpeer Jooni,811401,114
811401100,Bharewala,811401,114
811401110,Bhoo,811401,114
811401120,Bodana,811401,114
811401130,Boha,811401,114
811401140,Chandhan,811401,114
811401150,Chhatrel,811401,114
811401160,Chinnoo,811401,114
811401170,Dabla,811401,114
811401180,Dewa,811401,114
811401190,Dhaysar,811401,114
811401200,Hameera,811401,114
811401210,Jaloowala,811401,114
811401220,Jawahar Nagar,811401,114
811401230,Kanod Rawlotan,811401,114
811401240,Kathodi,811401,114
811401250,Keeta,811401,114
811401260,Kheenwsar,811401,114
811401270,Kheeya,811401,114
811401280,Madasar,811401,114
811401290,Mohangarh,811401,114
811401300,Mokla,811401,114
811401310,Nachana,811401,114
811401320,Nehdai,811401,114
811401330,Nokh,811401,114
811401340,Panche Ka Tala,811401,114
811401350,Parewar,811401,114
811401360,Pithala,811401,114
811401370,Roopsi,811401,114
811401380,Satyaya,811401,114
811401390,Shaktinagar,811401,114
811401400,Sorhakor,811401,114
811401410,Sultana,811401,114
811401420,Tadana,811401,114
811401430,Tawariwala,811401,114
811402010,Adbala,811402,114
811402020,Baiya,811402,114
811402030,Bandha,811402,114
811402040,Bersiyala,811402,114
811402050,Bida,811402,114
811402060,Chelak,811402,114
811402070,Chhatangar,811402,114
811402080,Dangri,811402,114
811402090,Dav,811402,114
811402100,Dedha,811402,114
811402110,Devikot,811402,114
811402120,Devra,811402,114
811402130,Dhanana,811402,114
811402140,Fateh Garh,811402,114
811402150,Harnau,811402,114
811402160,Jhijhaniyali,811402,114
811402170,Kanoi,811402,114
811402180,Kapuriya,811402,114
811402190,Khoohri,811402,114
811402200,Khuiyala,811402,114
811402210,Kotri,811402,114
811402220,Kunda,811402,114
811402230,Lakha,811402,114
811402240,Loonar,811402,114
811402250,Mandai,811402,114
811402260,Modha,811402,114
811402270,Moolana,811402,114
811402280,Myajlar,811402,114
811402290,Narsingon Ki Dhani,811402,114
811402300,Netsi,811402,114
811402310,Pochheena,811402,114
811402320,Poona Nagar,811402,114
811402330,Raghwa,811402,114
811402340,Raimala,811402,114
811402350,Rama,811402,114
811402360,Ramgarh,811402,114
811402370,Rasla,811402,114
811402380,Reewari,811402,114
811402390,Salkha,811402,114
811402400,Sam,811402,114
811402410,Sangar,811402,114
811402420,Satto,811402,114
811402430,Seetorai,811402,114
811402440,Shahgarh,811402,114
811402450,Sipala,811402,114
811402460,Siyambar,811402,114
811402470,Sonoo,811402,114
811402480,Tanot,811402,114
811402490,Tejmalta,811402,114
811402500,Tejpala,811402,114
811402510,Tejrawa,811402,114
811402520,Unda,811402,114
811403231,Municipal - Pokaran,811403,114
811403010,Balar,811403,114
811403020,Bandhewa,811403,114
811403030,Barath Ka Gaon,811403,114
811403040,Bhainsara,811403,114
811403050,Bhaniyana,811403,114
811403060,Bhekhorai Jooni,811403,114
811403070,Bhurajgarh,811403,114
811403080,Chayan,811403,114
811403090,Chok,811403,114
811403100,Dantal,811403,114
811403110,Dhaulasar,811403,114
811403120,Didaniya,811403,114
811403130,Gomat,811403,114
811403140,Jaimalan,811403,114
811403150,Jhabra,811403,114
811403160,Jhalariya,811403,114
811403170,Jhalora Pokaran,811403,114
811403180,Kelawa,811403,114
811403190,Khetolai,811403,114
811403200,Lathi,811403,114
811403210,Lawan,811403,114
811403220,Loharki,811403,114
811403230,Loona Kalan,811403,114
811403240,Madhopura,811403,114
811403250,Madwa,811403,114
811403260,Manasar,811403,114
811403270,Modardi,811403,114
811403280,Neran,811403,114
811403290,Ola,811403,114
811403300,Orhaniya,811403,114
811403310,Padampura,811403,114
811403320,Panasar,811403,114
811403330,Phalsoond,811403,114
811403340,Rajgarh,811403,114
811403350,Rajmathai,811403,114
811403360,Ramdeora,811403,114
811403370,Ratariya,811403,114
811403380,Saada,811403,114
811403390,Sanawara,811403,114
811403400,Sankra,811403,114
811403410,Sardarsingh Ki Dhani,811403,114
811403420,Subhashnagar,811403,114
811403430,Swamiji Ki Dhani,811403,114
811403440,Ujla,811403,114
811601010,Agwari,811601,116
811601020,Ahore,811601,116
811601030,Aipura,811601,116
811601040,Ajeetpura,811601,116
811601050,Bala,811601,116
811601060,Bankli,811601,116
811601070,Baori,811601,116
811601080,Bhadrajoon,811601,116
811601090,Bhainswara,811601,116
811601100,Bhavrani,811601,116
811601110,Bhooti,811601,116
811601120,Bhorda,811601,116
811601130,Bithura,811601,116
811601140,Chandrai,811601,116
811601150,Charli,811601,116
811601160,Chawarcha,811601,116
811601170,Choonda,811601,116
811601180,Dayalpura I,811601,116
811601190,Dodiyali,811601,116
811601200,Ghana,811601,116
811601210,Gura Balotan,811601,116
811601220,Harjee,811601,116
811601230,Kamba,811601,116
811601240,Kawla,811601,116
811601250,Kawrada,811601,116
811601260,Nimbla,811601,116
811601270,Norwa,811601,116
811601280,Nosra,811601,116
811601290,Padarli,811601,116
811601300,Panchota,811601,116
811601310,Paota,811601,116
811601320,Raithal,811601,116
811601330,Rama,811601,116
811601340,Rodala,811601,116
811601350,Sankhwali,811601,116
811601360,Sedariya Balotan,811601,116
811601370,Sugaliya Jodha,811601,116
811601380,Thanwala,811601,116
811601390,Ummaidpur,811601,116
811601400,Valdara,811601,116
811601410,Vedia,811601,116
811602317,Municipal - Bhinmal,811602,116
811602010,Bagoda,811602,116
811602020,Bali,811602,116
811602030,Bhagal Bhim,811602,116
811602040,Bhagal Sephta,811602,116
811602050,Bhalni,811602,116
811602060,Borta,811602,116
811602070,Chainpura,811602,116
811602080,Dantiwas,811602,116
811602090,Daspan,811602,116
811602100,Dhumbadiya,811602,116
811602110,Doongarwa,811602,116
811602120,Jaisawas,811602,116
811602130,Jeran,811602,116
811602140,Joojani,811602,116
811602150,Kaleti,811602,116
811602160,Kawtara,811602,116
811602170,Khokha,811602,116
811602180,Kooka,811602,116
811602190,Kora,811602,116
811602200,Kot Kasta,811602,116
811602210,Lakhni,811602,116
811602220,Loonawas,811602,116
811602230,Morseem,811602,116
811602240,Nandiya,811602,116
811602250,Narsana,811602,116
811602260,Narta,811602,116
811602270,Naya Morseem,811602,116
811602280,Nimbawas,811602,116
811602290,Phogotra,811602,116
811602300,Punasa,811602,116
811602310,Rah,811602,116
811602320,Rangala,811602,116
811602330,Rauta,811602,116
811602340,Sewadi,811602,116
811602350,Thobau,811602,116
811602360,Vada Bhadvi,811602,116
811603010,Akoli,811603,116
811603020,Bhatki,811603,116
811603030,Bheemgura,811603,116
811603040,Chitalwana,811603,116
811603050,Dawal,811603,116
811603060,Deora,811603,116
811603070,Doogri,811603,116
811603080,Doothwa,811603,116
811603090,Gomi,811603,116
811603100,Gura Hema,811603,116
811603110,Hadecha,811603,116
811603120,Hoti Gaon,811603,116
811603130,Itada,811603,116
811603140,Janvi,811603,116
811603150,Jhab,811603,116
811603160,Jodhawas,811603,116
811603170,Joradar,811603,116
811603180,Kachhela,811603,116
811603190,Keriya,811603,116
811603200,Kesoori,811603,116
811603210,Khejariyali,811603,116
811603220,Nimbau,811603,116
811603230,Parawa,811603,116
811603240,Ranodar,811603,116
811603250,Sahu & Daukiyaon Ki Dhani,811603,116
811603260,Sensawa,811603,116
811603270,Siwara,811603,116
811603280,Soonthri,811603,116
811603290,Surachand,811603,116
811603300,Tanpi,811603,116
811603310,Veerawa,811603,116
811604385,Municipal - Jalor,811604,116
811604010,Akoli,811604,116
811604020,Badanwari,811604,116
811604030,Bagra,811604,116
811604040,Bakraroad,811604,116
811604050,Beebalsar,811604,116
811604060,Bhagli Sindhlan,811604,116
811604070,Chandana,811604,116
811604080,Choora,811604,116
811604090,Debawas,811604,116
811604100,Dechhoo,811604,116
811604110,Devki,811604,116
811604120,Digaon,811604,116
811604130,Doodsi,811604,116
811604140,Godan,811604,116
811604150,Leta,811604,116
811604160,Margaon,811604,116
811604170,Meda Uparla,811604,116
811604180,Narnawas,811604,116
811604190,Noon,811604,116
811604200,Odwara,811604,116
811604210,Oon,811604,116
811604220,Rewat,811604,116
811604230,Samati Pura,811604,116
811604240,Samooja,811604,116
811604250,Sankarna,811604,116
811604260,Santhoo,811604,116
811604270,Siwna,811604,116
811604280,Siyana,811604,116
811605010,Basra Dhanji,811605,116
811605020,Bharoori,811605,116
811605030,Boogaon,811605,116
811605040,Chandoor,811605,116
811605050,Dantlawas,811605,116
811605060,Dhansa,811605,116
811605070,Dorda,811605,116
811605080,Gajapura,811605,116
811605090,Gajipura,811605,116
811605100,Jaswant Pura,811605,116
811605110,Jodwara,811605,116
811605120,Kalapura,811605,116
811605130,Khanpur,811605,116
811605140,Mandoli,811605,116
811605150,Modra,811605,116
811605160,Mudtara Sili,811605,116
811605170,Panseri,811605,116
811605180,Pawli,811605,116
811605190,Pooran,811605,116
811605200,Punang Kalan,811605,116
811605210,Rajikabas,811605,116
811605220,Ramseen,811605,116
811605230,Sawidar,811605,116
811605240,Seekwara,811605,116
811605250,Serna,811605,116
811605260,Somta,811605,116
811605270,Tatol,811605,116
811605280,Tawab,811605,116
811605290,Thoor,811605,116
811606010,Ajodar,811606,116
811606020,Akhrad,811606,116
811606030,Alri,811606,116
811606040,Bandhar,811606,116
811606050,Bargaon,811606,116
811606060,Bhateep,811606,116
811606070,Chatwara,811606,116
811606080,Chitrodi,811606,116
811606090,Daipur,811606,116
811606100,Dantwara,811606,116
811606110,Dhamseen,811606,116
811606120,Dhanol,811606,116
811606130,Doongri,811606,116
811606140,Gang,811606,116
811606150,Harshwara,811606,116
811606160,Jakhri,811606,116
811606170,Jalera Khurd,811606,116
811606180,Jorwas,811606,116
811606190,Kagmala,811606,116
811606200,Karda,811606,116
811606210,Karwara,811606,116
811606220,Korka,811606,116
811606230,Kotra,811606,116
811606240,Kura,811606,116
811606250,Malwara,811606,116
811606260,Mera,811606,116
811606270,Raniwara Kalan,811606,116
811606280,Raniwara Khurd,811606,116
811606290,Ratanpur,811606,116
811606300,Ropsi,811606,116
811606310,Sewara,811606,116
811606320,Silasan,811606,116
811606330,Surajwara,811606,116
811607476,Municipal - Dungro Ka Goliya,811607,116
811607477,Municipal - Mokhupura,811607,116
811607478,Municipal - Sanchore,811607,116
811607010,Achalpur,811607,116
811607020,Arnay,811607,116
811607030,Bawarla,811607,116
811607040,Bhadroona,811607,116
811607050,Bharwal,811607,116
811607060,Bichhawari,811607,116
811607070,Bijrol,811607,116
811607080,Chaura,811607,116
811607090,Dabal,811607,116
811607100,Danta,811607,116
811607110,Dantiya,811607,116
811607120,Dhamana,811607,116
811607130,Dhanta,811607,116
811607140,Dugawa,811607,116
811607150,Golasan,811607,116
811607160,Gundav,811607,116
811607170,Hadetar,811607,116
811607180,Hariyali,811607,116
811607190,Jakhal,811607,116
811607200,Karola,811607,116
811607210,Khara,811607,116
811607220,Kilawa,811607,116
811607230,Kod,811607,116
811607240,Lachhiwar,811607,116
811607250,Nainol,811607,116
811607260,Palri Solankiyan,811607,116
811607270,Pamana,811607,116
811607280,Panchla,811607,116
811607290,Pratappura,811607,116
811607300,Pur,811607,116
811607310,Sankar,811607,116
811607320,Sarnau,811607,116
811607330,Sarwana,811607,116
811607340,Sediya,811607,116
811607350,Surawa,811607,116
811607360,Virol Bari,811607,116
811608010,Alasan,811608,116
811608020,Anwloj,811608,116
811608030,Asana,811608,116
811608040,Babtara,811608,116
811608050,Bakra,811608,116
811608060,Balwara,811608,116
811608070,Berath,811608,116
811608080,Bhundwa,811608,116
811608090,Bishangarh,811608,116
811608100,Chaurau,811608,116
811608110,Dabli,811608,116
811608120,Dadal,811608,116
811608130,Dangara,811608,116
811608140,Deta Kalan,811608,116
811608150,Elana,811608,116
811608160,Jeevana,811608,116
811608170,Keshwana,811608,116
811608180,Khetlawas,811608,116
811608190,Komta,811608,116
811608200,Mandwala,811608,116
811608210,Mengalwa,811608,116
811608220,Narsana,811608,116
811608230,Otwala,811608,116
811608240,Patheri,811608,116
811608250,Posana,811608,116
811608260,Rewatra,811608,116
811608270,Sangana,811608,116
811608280,Sanphara,811608,116
811608290,Sayla,811608,116
811608300,Sirana,811608,116
811608310,Surana,811608,116
811608320,Taliyana,811608,116
811608330,Teekhi,811608,116
811608340,Teja Ki Beri,811608,116
811608350,Thalwar,811608,116
811608360,Tilora,811608,116
811608370,Tura,811608,116
811608380,Ummedabad,811608,116
811608390,Unri,811608,116
811608400,Walera,811608,116
811301010,Agolai,811301,113
811301020,Balesar Durgawatan,811301,113
811301030,Balesar Satan,811301,113
811301040,Bastawa,811301,113
811301050,Bawarli,811301,113
811301060,Belwa,811301,113
811301070,Belwa Ranaji,811301,113
811301080,Bhatelai Purohitan,811301,113
811301090,Birai,811301,113
811301100,Chirwai,811301,113
811301110,Deonagar,811301,113
811301120,Dhadhaniya Bhayla,811301,113
811301130,Dhadhaniya Sasan,811301,113
811301140,Dugar,811301,113
811301150,Gopalsar,811301,113
811301160,Harwantnagar,811301,113
811301170,Jalandhar Nagar,811301,113
811301180,Jeeyaberi,811301,113
811301190,Judiya,811301,113
811301200,Khari Beri,811301,113
811301210,Khudiyala,811301,113
811301220,Konari,811301,113
811301230,Kui Inda,811301,113
811301240,Nimbon Ka Gaon,811301,113
811301250,Rawalgarh,811301,113
811301260,Utambar,811301,113
811302010,Anwana,811302,113
811302020,Baori,811302,113
811302030,Bhawad,811302,113
811302040,Birai,811302,113
811302050,Borvi Khurd,811302,113
811302060,Bucheti,811302,113
811302070,Danwara,811302,113
811302080,Dhanari Kalan,811302,113
811302090,Dhanari Khurd,811302,113
811302100,Gangani,811302,113
811302110,Hatundi,811302,113
811302120,Jaitiyawas,811302,113
811302130,Jointara,811302,113
811302140,Kajnau Kalan,811302,113
811302150,Kasti,811302,113
811302160,Kelawa Kalan,811302,113
811302170,Kherapa,811302,113
811302180,Lawera Kalan,811302,113
811302190,Lawera Khurd,811302,113
811302200,Mailana,811302,113
811302210,Mansagar,811302,113
811302220,Nandiya Jajra,811302,113
811302230,Nandiya Kalan,811302,113
811302240,Nandiya Khurd,811302,113
811302250,Netra,811302,113
811302260,Soyla,811302,113
811302270,Vinayakpura,811302,113
811303010,Bap,811303,113
811303020,Bari Seer,811303,113
811303030,Baroo,811303,113
811303040,Boogdi,811303,113
811303050,Chakhu,811303,113
811303060,Champasar,811303,113
811303070,Charnai,811303,113
811303080,Cheemana,811303,113
811303090,Dedasari,811303,113
811303100,Ghantiyali,811303,113
811303110,Ghator,811303,113
811303120,Jaimala,811303,113
811303130,Jaisala,811303,113
811303140,Jamba,811303,113
811303150,Jodhani @ Tepoo,811303,113
811303160,Jor,811303,113
811303170,Kalyan Singh Ki Seer,811303,113
811303180,Kanasar,811303,113
811303190,Kansingh Ki Seer,811303,113
811303200,Kelansar,811303,113
811303210,Kheerwa,811303,113
811303220,Luna,811303,113
811303230,Narayanpura,811303,113
811303240,Noore Ki Burj,811303,113
811303250,Raneri,811303,113
811303260,Rohina,811303,113
811303270,Sanwaragaon,811303,113
811303280,Shekhasar,811303,113
811303290,Shree Surpura,811303,113
811303300,Sihra,811303,113
811303310,Tekra,811303,113
811304010,Aau,811304,113
811304020,Bapini,811304,113
811304030,Bapini Khurd,811304,113
811304040,Barsingon Ka Bas,811304,113
811304050,Bedoo,811304,113
811304060,Bedoo Kalan,811304,113
811304070,Chadi,811304,113
811304080,Denok,811304,113
811304090,Gorchiya Ka Bera,811304,113
811304100,Indon Ka Bas,811304,113
811304110,Ishru,811304,113
811304120,Jakhan,811304,113
811304130,Kapooriya,811304,113
811304140,Karwan,811304,113
811304150,Kerla,811304,113
811304160,Khariya,811304,113
811304170,Matora,811304,113
811304180,Motaniya Nagar,811304,113
811304190,Nimbonka Talab,811304,113
811304200,Ompura,811304,113
811304210,Parasala,811304,113
811304220,Poonasar,811304,113
811304230,Poonasar Khurd,811304,113
811304240,Raimalwara,811304,113
811304250,Ridmalsar,811304,113
811304260,Saranpura,811304,113
811304270,Siyolnagar,811304,113
811304280,Sri Krishna Nagar,811304,113
811304290,Sri Lachhaman Nagar,811304,113
811305010,Artiya Kalan,811305,113
811305020,Asop,811305,113
811305030,Bagoriya,811305,113
811305040,Barni Khurd,811305,113
811305050,Basni Harisingh,811305,113
811305060,Bhopalgarh,811305,113
811305070,Birani,811305,113
811305080,Budkiya,811305,113
811305090,Dewatra,811305,113
811305100,Gajsinghpura,811305,113
811305110,Garasani,811305,113
811305120,Hiradesar,811305,113
811305130,Kheri Salwa,811305,113
811305140,Kuri,811305,113
811305150,Mangeriya,811305,113
811305160,Nadsar,811305,113
811305170,Palri Ranawata,811305,113
811305180,Rajlani,811305,113
811305190,Rampura,811305,113
811305200,Rarod,811305,113
811305210,Ratkuriya,811305,113
811305220,Rudiya,811305,113
811305230,Surpura Khurd,811305,113
811305240,Ustra,811305,113
811306010,Bala,811306,113
811306020,Barna,811306,113
811306030,Beenjwariya,811306,113
811306040,Bhavi,811306,113
811306050,Bilara,811306,113
811306060,Chandelao,811306,113
811306070,Ghana Magra,811306,113
811306080,Hariya Dhana,811306,113
811306090,Hariyada,811306,113
811306100,Jetiwas,811306,113
811306110,Jhak,811306,113
811306120,Kalauna,811306,113
811306130,Kaparda,811306,113
811306140,Khariya Meethapur,811306,113
811306150,Khejarla,811306,113
811306160,Lamba,811306,113
811306170,Malkosni,811306,113
811306180,Olvi,811306,113
811306190,Padasala Kalan,811306,113
811306200,Patel Nagar,811306,113
811306210,Pichiyak,811306,113
811306220,Ramasani,811306,113
811306230,Ransi Gaon,811306,113
811306240,Rawar,811306,113
811306250,Sambariya,811306,113
811306260,Udaliyawas,811306,113
811307010,Asarlai,811307,113
811307020,Bhojakor,811307,113
811307030,Biramdeogarh,811307,113
811307040,Burkiya,811307,113
811307050,Chand Sama,811307,113
811307060,Chordiya,811307,113
811307070,Dechoo,811307,113
811307080,Dhara Bagapuran,811307,113
811307090,Fatehgarh,811307,113
811307100,Govindpura,811307,113
811307110,Gumanpura,811307,113
811307120,Jaitsar,811307,113
811307130,Jethaniya,811307,113
811307140,Kalau,811307,113
811307150,Kanodiya Mahasingh,811307,113
811307160,Khera Bagoriya,811307,113
811307170,Khiyasariya,811307,113
811307180,Koloo Pabuji,811307,113
811307190,Kolu Rathoron,811307,113
811307200,Kushlawa,811307,113
811307210,Madla Kalan,811307,113
811307220,Peelwa,811307,113
811307230,Rawat Nagar,811307,113
811307240,Sagran,811307,113
811307250,Setrawa,811307,113
811307260,Utwaliya,811307,113
811308010,Amla,811308,113
811308020,Bedon Ka Bera,811308,113
811308030,Bheekamkor,811308,113
811308040,Bheeyadiya,811308,113
811308050,Chainpura,811308,113
811308060,Chheela,811308,113
811308070,Daya Kor,811308,113
811308080,Dhelana,811308,113
811308090,Dholasar,811308,113
811308100,Fateh Sagar,811308,113
811308110,Hansa Desh,811308,113
811308120,Indon Ki Dhani -Ii,811308,113
811308130,Jagu Bana Ki Dhani,811308,113
811308140,Jalora,811308,113
811308150,Jeriya,811308,113
811308160,Lohawat Bishnawas,811308,113
811308170,Lohawat Jatahwas,811308,113
811308180,Moolraj,811308,113
811308190,Moriya,811308,113
811308200,Munjasar,811308,113
811308210,Nausar,811308,113
811308220,Naya Bera,811308,113
811308230,Paleena,811308,113
811308240,Pali- I,811308,113
811308250,Palli,811308,113
811308260,Roopana Jaitana,811308,113
811308270,Sadri,811308,113
811308280,Shaitan Singh Nagar,811308,113
811309240,Khudala,811309,113
811309250,Kuri Bhagtasani (Ct) Ward No.-0001,811309,113
811309260,Lolawas,811309,113
811309270,Loonawas Kalan,811309,113
811309280,Loonawas Khara,811309,113
811309290,Luni,811309,113
811309300,Mogra Kalan,811309,113
811309310,Mori Joshiyan,811309,113
811309320,Nandwan,811309,113
811309330,Narnadi,811309,113
811309340,Pal,811309,113
811309350,Palasani,811309,113
811309360,Peeparli,811309,113
811309370,Phitkasni,811309,113
811309380,Rohichan Kalan,811309,113
811309390,Salawas,811309,113
811309400,Sangariya,811309,113
811309410,Sarechan,811309,113
811309420,Satlana,811309,113
811309430,Shikarpura,811309,113
811309440,Subdand,811309,113
811309450,Tanawara,811309,113
811310818,Municipal - Jodhpur,811310,113
811310010,Bambor Darjiyan,811310,113
811310020,Banar,811310,113
811310030,Barli,811310,113
811310040,Bawarla,811310,113
811310050,Beroo,811310,113
811310060,Bisalpur,811310,113
811310070,Chaukhan,811310,113
811310080,Chawanda,811310,113
811310090,Daijar,811310,113
811310100,Daikara,811310,113
811310110,Dangiyawas,811310,113
811310120,Indroka,811310,113
811310130,Jajiwal Gehlota,811310,113
811310140,Jajiwal Kalan,811310,113
811310150,Jaleli Daikara,811310,113
811310160,Jaleli Faujdaran,811310,113
811310170,Joliyali,811310,113
811310180,Karwar,811310,113
811310190,Keroo,811310,113
811310200,Khatiyasani,811310,113
811310210,Khokharia,811310,113
811310220,Lordi Daijagra,811310,113
811310230,Lordi Pandit Ji,811310,113
811310240,Mahadeonagar Undera,811310,113
811310250,Manaklao,811310,113
811310260,Nandara Kalan,811310,113
811310270,Nandri (Ct),811310,113
811310280,Narwa Khichiyan,811310,113
811310290,Palri Mangaliya,811310,113
811310300,Peethawas,811310,113
811310310,Popawas,811310,113
811310320,Rohila Kalan,811310,113
811310330,Salori,811310,113
811310340,Salwa Kalan,811310,113
811310350,Surpura,811310,113
811311010,Baithwasiya,811311,113
811311020,Baran Khurd,811311,113
811311030,Barsaloo Kalan,811311,113
811311040,Berdon Ka Bas,811311,113
811311050,Bhairu Sagar,811311,113
811311060,Bhakhri,811311,113
811311070,Bher,811311,113
811311080,Bhimsagar,811311,113
811311090,Chandrakh,811311,113
811311100,Dabri,811311,113
811311110,Dhunariya,811311,113
811311120,Ekalkhori,811311,113
811311130,Geengala,811311,113
811311140,Harlaya,811311,113
811311150,Khabra Khurd,811311,113
811311160,Kharda Mewasa,811311,113
811311170,Khetasar,811311,113
811311180,Khindakor,811311,113
811311190,Kinjari,811311,113
811311200,Newra,811311,113
811311210,Newra Road,811311,113
811311220,Osian,811311,113
811311230,Panditji Ki Dhani,811311,113
811311240,Ram Nagar,811311,113
811311250,Samrau,811311,113
811311260,Saran Nagar,811311,113
811311270,Sirmandi,811311,113
811311280,Tapoo,811311,113
811311290,Thob,811311,113
811312883,Municipal - Phalodi,811312,113
811312010,Bamnoo,811312,113
811312020,Baori Kalan,811312,113
811312030,Bapinee,811312,113
811312040,Barjasar,811312,113
811312050,Beethri,811312,113
811312060,Begti Kalan,811312,113
811312070,Begti Khurd,811312,113
811312080,Bheeyasar,811312,113
811312090,Bhojasar,811312,113
811312100,Chhitar Bera,811312,113
811312110,Dhadho,811312,113
811312120,Gandhi Sagar,811312,113
811312130,Hopardi,811312,113
811312140,Jagariya,811312,113
811312150,Khara,811312,113
811312160,Kheechan,811312,113
811312170,Kundal,811312,113
811312180,Lordiyan,811312,113
811312190,Malar,811312,113
811312200,Mokheri,811312,113
811312210,Motai,811312,113
811312220,Naneu,811312,113
811312230,Nokhra Bhatiyan,811312,113
811312240,Pariyal,811312,113
811312250,Radka Pura,811312,113
811312260,Sajnaniyon Ki Dhani,811312,113
811312270,Sanwreej,811312,113
811312280,Ugras,811312,113
811312290,Vijai Nagar,811312,113
811313010,Bara Kalan,811313,113
811313020,Bhundana,811313,113
811313030,Boroonda,811313,113
811313040,Boyal,811313,113
811313050,Buch Kalan,811313,113
811313060,Chaukri Kalan,811313,113
811313070,Chirdhani,811313,113
811313080,Chodha,811313,113
811313090,Khangata,811313,113
811313100,Khariya Khangar,811313,113
811313110,Khawaspura,811313,113
811313120,Kosana,811313,113
811313130,Kur,811313,113
811313140,Madliya,811313,113
811313150,Malar,811313,113
811313160,Malawas,811313,113
811313170,Nanan,811313,113
811313180,Palri Siddha,811313,113
811313190,Pipar City,811313,113
811313200,Ramrawas Kalan,811313,113
811313210,Ratkuriya,811313,113
811313220,Rawniyana,811313,113
811313230,Riyan,811313,113
811313240,Salwa Khurd,811313,113
811313250,Satheen,811313,113
811313260,Silari,811313,113
811313270,Sindhipura,811313,113
811313280,Siyara,811313,113
811313290,Tilwasani,811313,113
811314010,Banon Ka Bas,811314,113
811314020,Baori,811314,113
811314030,Barnau,811314,113
811314040,Bhaloo Anopgarh,811314,113
811314050,Bhaloo Laxman Garh,811314,113
811314060,Bhaloo Rajwa,811314,113
811314070,Chamu,811314,113
811314080,Dera,811314,113
811314090,Deriya,811314,113
811314100,Dewaniya,811314,113
811314110,Dewatoo,811314,113
811314120,Dheerpura,811314,113
811314130,Gilakor,811314,113
811314140,Godelai,811314,113
811314150,Kanodiya Purohitan,811314,113
811314160,Ketoo Kalan,811314,113
811314170,Ketoo Manda,811314,113
811314180,Lawaran,811314,113
811314190,Lodta Achlawata,811314,113
811314200,Nathrau,811314,113
811314210,Prahladpura,811314,113
811314220,Rajsagar,811314,113
811314230,Shekhala,811314,113
811314240,Sukhmandla,811314,113
811314250,Thadiya,811314,113
811315010,Bapunagar,811315,113
811315020,Bhandoo Charnan,811315,113
811315030,Bhandoo Jati,811315,113
811315040,Bhom Sagar,811315,113
811315050,Bhoongra,811315,113
811315060,Chaba,811315,113
811315070,Chatarpura,811315,113
811315080,Dasaniyan,811315,113
811315090,Deorajgarh,811315,113
811315100,Devigarh,811315,113
811315110,Gajesinghnagar,811315,113
811315120,Gara,811315,113
811315130,Gumansinghpura,811315,113
811315140,Hanawant Nagar,811315,113
811315150,Himmatpura,811315,113
811315160,Khirjan Asha,811315,113
811315170,Khirjan Khas,811315,113
811315180,Khirjan Tibna,811315,113
811315190,Kishor Nagar,811315,113
811315200,Naharsingh Nagar,811315,113
811315210,Paboosar,811315,113
811315220,Padamgarh,811315,113
811315230,Raisar,811315,113
811315240,Ramgarh,811315,113
811315250,Sabarsar,811315,113
811315260,Sai,811315,113
811315270,Shergarh,811315,113
811315280,Siyanda,811315,113
811315290,Sointara,811315,113
811315300,Solkiya Tala,811315,113
811315310,Somesar,811315,113
811315320,Suwaliya,811315,113
811315330,Tena,811315,113
811316010,Balarwa,811316,113
811316020,Bana Ka Bas,811316,113
811316030,Bara Kotecha,811316,113
811316040,Barla Basni,811316,113
811316050,Beenjwariya,811316,113
811316060,Bhainser Kotwali,811316,113
811316070,Chandaliya,811316,113
811316080,Chaupasani Charnan,811316,113
811316090,Cherai,811316,113
811316100,Dholiya Nagar,811316,113
811316110,Gagari,811316,113
811316120,Ghevara,811316,113
811316130,Gopasariya,811316,113
811316140,Jeloo,811316,113
811316150,Jur,811316,113
811316160,Khudiyala,811316,113
811316170,Mahadev Nagar,811316,113
811316180,Maloonga,811316,113
811316190,Mandiyai Khurd,811316,113
811316200,Mathaniya,811316,113
811316210,Meeno Ki Dhani,811316,113
811316220,Panchla Khurd,811316,113
811316230,Rampura Bhatiya,811316,113
811316240,Santora Khurd,811316,113
811316250,Tiwari,811316,113
811316260,Ummednagar,811316,113
811801026,Municipal-Bali,811801,118
811801027,Municipal-Falna,811801,118
811801010,Amliya,811801,118
811801020,Barwa,811801,118
811801030,Bedal,811801,118
811801040,Beejapur,811801,118
811801050,Beesalpur,811801,118
811801060,Bera,811801,118
811801070,Bhandar,811801,118
811801080,Bhatoond,811801,118
811801090,Bheemana,811801,118
811801100,Bheetwara,811801,118
811801110,Boya,811801,118
811801120,Chamunderi Ranawatan,811801,118
811801130,Dhani,811801,118
811801140,Doodni,811801,118
811801150,Goriya,811801,118
811801160,Guralas,811801,118
811801170,Kakradi,811801,118
811801180,Kheemel,811801,118
811801190,Kooran,811801,118
811801200,Kotbaliyan,811801,118
811801210,Kothar,811801,118
811801220,Koyalvao,811801,118
811801230,Kumtiya,811801,118
811801240,Latara,811801,118
811801250,Lunawa,811801,118
811801260,Lundara,811801,118
811801270,Malnoo,811801,118
811801280,Mirgesar,811801,118
811801290,Mokhampura,811801,118
811801300,Mundara,811801,118
811801310,Nana,811801,118
811801320,Padarla,811801,118
811801330,Peepla,811801,118
811801340,Perwa,811801,118
811801350,Phalna (Rural),811801,118
811801360,Sena,811801,118
811801370,Sesli,811801,118
811801380,Sewari,811801,118
811801390,Shiv Talav,811801,118
811802067,Municipal - Sadri,811802,118
811802010,Ana,811802,118
811802020,Bagol,811802,118
811802030,Barod,811802,118
811802040,Dadai,811802,118
811802050,Daylana Kalan,811802,118
811802060,Desuri,811802,118
811802070,Dhalop,811802,118
811802080,Dudapura,811802,118
811802090,Ghanerao,811802,118
811802100,Gurha Jatan,811802,118
811802110,Kesuli,811802,118
811802120,Kot Solankiyan,811802,118
811802130,Kotri,811802,118
811802140,Mada,811802,118
811802150,Madpur,811802,118
811802160,Magar Talab,811802,118
811802170,Mandigarh,811802,118
811802180,Morkha,811802,118
811802190,Nadol,811802,118
811802200,Narlai,811802,118
811802210,Panota,811802,118
811802220,Sansari,811802,118
811802230,Sindarli,811802,118
811802240,Sumer,811802,118
811803092,Municipal - Jaitaran,811803,118
811803010,Agewa,811803,118
811803020,Anandpur Kalu With Chak,811803,118
811803030,Asarlai,811803,118
811803040,Balara,811803,118
811803050,Baloonda,811803,118
811803060,Banja Kuri,811803,118
811803070,Ber Kalan,811803,118
811803080,Bhoombaliya,811803,118
811803090,Birol,811803,118
811803100,Chawandiya,811803,118
811803110,Deoriya,811803,118
811803120,Digarna,811803,118
811803130,Falka,811803,118
811803140,Garniya,811803,118
811803150,Ghorawad,811803,118
811803160,Kanecha Ranawatan,811803,118
811803170,Kanwaliya Kalan,811803,118
811803180,Kekindara,811803,118
811803190,Kurki,811803,118
811803200,Lambiya,811803,118
811803210,Lototi,811803,118
811803220,Mohrai,811803,118
811803230,Nimaj,811803,118
811803240,Nimbol,811803,118
811803250,Patwa,811803,118
811803260,Peepaliya Khurd,811803,118
811803270,Phoolmal,811803,118
811803280,Rabariyas,811803,118
811803290,Ramawas Kalan,811803,118
811803300,Ras,811803,118
811803310,Sangawas,811803,118
811803320,Sewariya,811803,118
811803330,Toonkara,811803,118
811804010,Auwa,811804,118
811804020,Bansor,811804,118
811804030,Banta,811804,118
811804040,Barsa,811804,118
811804050,Basni Jojawar,811804,118
811804060,Bhagora,811804,118
811804070,Bhimaliya,811804,118
811804080,Bithora Kalan,811804,118
811804090,Bori Mada,811804,118
811804100,Bornari,811804,118
811804110,Chaukariya,811804,118
811804120,Chirpatiya,811804,118
811804130,Deoli,811804,118
811804140,Dhamli,811804,118
811804150,Dhanla,811804,118
811804160,Dhudor,811804,118
811804170,Dhundhala,811804,118
811804180,Gadana,811804,118
811804190,Gura Keshar Singh,811804,118
811804200,Gura Ramsingh,811804,118
811804210,Gura Soorsingh,811804,118
811804220,Hemiliyawas Khurd (Rural),811804,118
811804230,Hingola Khurd,811804,118
811804240,Isali,811804,118
811804250,Jadan,811804,118
811804260,Janunda,811804,118
811804270,Jeejardi,811804,118
811804280,Jojawar,811804,118
811804290,Kantaliya,811804,118
811804300,Karari,811804,118
811804310,Kharchi,811804,118
811804320,Malsa Baori,811804,118
811804330,Manda,811804,118
811804340,Marwar Junction(C.T),811804,118
811804350,Musaliya,811804,118
811804360,Nimbli Manda,811804,118
811804370,Panchetiya,811804,118
811804380,Phulad,811804,118
811804390,Radawas,811804,118
811804400,Ranawas,811804,118
811804410,Saran,811804,118
811804420,Sawrad,811804,118
811804430,Seeriyari,811804,118
811804440,Sehwaj,811804,118
811804450,Shekhawas,811804,118
811804460,Sinla,811804,118
811804470,Vopari,811804,118
811805173,Municipal - Pali,811805,118
811805010,Bader Ka Was,811805,118
811805020,Baniyawas,811805,118
811805030,Bhagesar,811805,118
811805040,Bhawri,811805,118
811805050,Bomadara,811805,118
811805060,Dayalpura,811805,118
811805070,Deeri,811805,118
811805080,Denda,811805,118
811805090,Dingai,811805,118
811805100,Giradra Jageer,811805,118
811805110,Gundoj,811805,118
811805120,Gura Endla,811805,118
811805130,Hemawas,811805,118
811805140,Kherwa,811805,118
811805150,Koorna,811805,118
811805160,Lambiya,811805,118
811805170,Manihari,811805,118
811805180,Roopawas,811805,118
811805190,Sakdara,811805,118
811805200,Sanpa,811805,118
811805210,Sodawas,811805,118
811805220,Sonai Manji,811805,118
811805230,Tewali,811805,118
811806010,Amarpura,811806,118
811806020,Babra,811806,118
811806030,Bagri,811806,118
811806040,Banseeya,811806,118
811806300,Rampura Kalan,811806,118
811806310,Ratdiya,811806,118
811806320,Relra,811806,118
811806330,Sabalpura,811806,118
811806340,Sendara,811806,118
811806350,Sumel,811806,118
811807232,Municipal-Rani,811807,118
811807010,Balrai,811807,118
811807020,Beejowa,811807,118
811807030,Busi,811807,118
811807040,Chanchori,811807,118
811807050,Deoli,811807,118
811807060,Dhariya,811807,118
811807070,Gajnipura,811807,118
811807080,Ghenri,811807,118
811807090,Indarwara,811807,118
811807100,Itdara Charnan,811807,118
811807110,Itdara Mertiyan,811807,118
811807120,Jawali,811807,118
811807130,Jeewand Kalan,811807,118
811807140,Keerwa,811807,118
811807150,Kerli,811807,118
811807160,Khiwara,811807,118
811807170,Khor,811807,118
811807180,Kishanpura,811807,118
811807190,Mandal,811807,118
811807200,Nadana Bhatan,811807,118
811807210,Neembara,811807,118
811807220,Neepal,811807,118
811807230,Rani Kalan,811807,118
811807240,Salariya,811807,118
811807250,Sanwalta,811807,118
811807260,Siwas,811807,118
811807270,Somesar (Bhadarlau),811807,118
811807280,Varkana,811807,118
811807290,Wandar,811807,118
811808010,Beethoo,811808,118
811808020,Bhakriwala,811808,118
811808030,Chenda,811808,118
811808040,Chotila,811808,118
811808050,Dhabar,811808,118
811808060,Dholeriya Sasan,811808,118
811808070,Diwandi,811808,118
811808080,Garwara,811808,118
811808090,Gelawas,811808,118
811808100,Jheetra,811808,118
811808110,Kalali,811808,118
811808120,Khandi,811808,118
811808130,Kharda,811808,118
811808140,Khundawas,811808,118
811808150,Kulthana,811808,118
811808160,Mandawas,811808,118
811808170,Neembli Urra,811808,118
811808180,Rana,811808,118
811808190,Rohat,811808,118
811808200,Sanwalta Kalan,811808,118
811808210,Singari,811808,118
811808220,Sonailakha,811808,118
811808230,Vayad,811808,118
811809285,Municipal-Sojat,811809,118
811809010,Atpara,811809,118
811809020,Bagri,811809,118
811809030,Basna,811809,118
811809040,Bhaisana,811809,118
811809050,Bilawas,811809,118
811809060,Boyal,811809,118
811809070,Chandawal,811809,118
811809080,Chandawal Station,811809,118
811809090,Charwas,811809,118
811809100,Chopra,811809,118
811809110,Dhakri,811809,118
811809120,Dheenawas,811809,118
811809130,Dhurasani,811809,118
811809140,Gaguda,811809,118
811809150,Guda Beeja,811809,118
811809160,Guda Kalan,811809,118
811809170,Guda Ramsingh,811809,118
811809180,Hariya Mali,811809,118
811809190,Jhupelao,811809,118
811809200,Karmawas,811809,118
811809210,Kelwad,811809,118
811809220,Khariya Neev,811809,118
811809230,Khariya Soda,811809,118
811809240,Khokhara,811809,118
811809250,Khoriya,811809,118
811809260,Mandla,811809,118
811809270,Mev,811809,118
811809280,Rajola Kalan,811809,118
811809290,Rayal Kalan & Khurd,811809,118
811809300,Rendari,811809,118
811809310,Reprawas,811809,118
811809320,Rupawas,811809,118
811809330,Sandiya,811809,118
811809340,Sardar Samand,811809,118
811809350,Shivpura,811809,118
811809360,Siyat,811809,118
811809370,Sojat Road,811809,118
811809380,Surayata,811809,118
811810324,Municipal-Sumerpur,811810,118
811810325,Municipal-Takhatgarh,811810,118
811810010,Airanpura,811810,118
811810020,Anoppura,811810,118
811810030,Balana,811810,118
811810040,Balupura,811810,118
811810050,Bamnera,811810,118
811810060,Bankali,811810,118
811810070,Basant,811810,118
811810080,Beerami,811810,118
811810090,Bharoonda,811810,118
811810100,Chanod,811810,118
811810110,Deotara,811810,118
811810120,Dhana,811810,118
811810130,Dhola,811810,118
811810140,Dujana,811810,118
811810150,Gogra,811810,118
811810160,Kheemara,811810,118
811810170,Khiwandi,811810,118
811810180,Koliwara,811810,118
811810190,Korta,811810,118
811810200,Koselao,811810,118
811810210,Lapod,811810,118
811810220,Netra,811810,118
811810230,Nowi,811810,118
811810240,Palri,811810,118
811810250,Pawa,811810,118
811810260,Pomawa,811810,118
811810270,Salodariya,811810,118
811810280,Sanderao,811810,118
811810290,Sindroo,811810,118
811701355,Municipal-Abu Road,811701,117
811701356,Municipal-Mount Abu,811701,117
811701010,Akra Bhatta,811701,117
811701020,Amthala,811701,117
811701030,Awal,811701,117
811701040,Bahadurpura,811701,117
811701050,Bhaisasingh,811701,117
811701060,Chanar,811701,117
811701070,Chandela,811701,117
811701080,Deldar,811701,117
811701090,Dhamsara,811701,117
811701100,Doytra,811701,117
811701110,Ganka,811701,117
811701120,Girwar,811701,117
811701130,Jamboori,811701,117
811701140,Jaydara,811701,117
811701150,Khadat,811701,117
811701160,Kiwarli,811701,117
811701170,Kyariya,811701,117
811701180,Mawal,811701,117
811701190,Morthala,811701,117
811701200,Mudrala,811701,117
811701210,Mungthala,811701,117
811701220,Nichlagarh,811701,117
811701230,Or,811701,117
811701240,Oriya,811701,117
811701250,Paba,811701,117
811701260,Santpur (Rural),811701,117
811701270,Siyawa,811701,117
811701280,Soorpagla,811701,117
811701290,Taleti,811701,117
811701300,Upla Khejra,811701,117
811701310,Uplagarh,811701,117
811701320,Wasda,811701,117
811702389,Municipal-Pindwara,811702,117
811702010,Achpura,811702,117
811702020,Ajari,811702,117
811702030,Amli,811702,117
811702040,Basantgarh,811702,117
811702050,Bharja,811702,117
811702060,Bhavri,811702,117
811702070,Bhimana,811702,117
811702080,Dhanari,811702,117
811702090,Doongri,811702,117
811702100,Gharat,811702,117
811702110,Isra,811702,117
811702120,Janapur,811702,117
811702130,Jhadoli,811702,117
811702140,Kachholi,811702,117
811702150,Kojra,811702,117
811702160,Lotana,811702,117
811702170,Mandwara Deo,811702,117
811702180,Mandwara Khalsa,811702,117
811702190,Moras,811702,117
811702200,Nandiya,811702,117
811702210,Naya Sanwara,811702,117
811702220,Nitaura,811702,117
811702230,Panch Dewal,811702,117
811702240,Peshua,811702,117
811702250,Rampura,811702,117
811702260,Rohira,811702,117
811702270,Sanwara,811702,117
811702280,Siwera,811702,117
811702290,Telpur,811702,117
811702300,Thandi Beri,811702,117
811702310,Undra,811702,117
811702320,Varli,811702,117
811702330,Veerwara,811702,117
811702340,Vetera,811702,117
811702350,Waloriya,811702,117
811702360,Wasa,811702,117
811703010,Anadra,811703,117
811703020,Bant,811703,117
811703030,Bhatana,811703,117
811703040,Bheroogarh,811703,117
811703050,Dabani,811703,117
811703060,Dak,811703,117
811703070,Dantrai,811703,117
811703080,Datani,811703,117
811703090,Dhan,811703,117
811703100,Dhawli,811703,117
811703110,Dolpura,811703,117
811703120,Gulabganj,811703,117
811703130,Gundwara,811703,117
811703140,Jeerawal,811703,117
811703150,Jetawara,811703,117
811703160,Jolpur,811703,117
811703170,Loonol,811703,117
811703180,Magariwara,811703,117
811703190,Makawal,811703,117
811703200,Mandar,811703,117
811703210,Marol,811703,117
811703220,Nagani,811703,117
811703230,Nimbaj,811703,117
811703240,Padar,811703,117
811703250,Pamera,811703,117
811703260,Peethapura,811703,117
811703270,Positra,811703,117
811703280,Raipur,811703,117
811703290,Reodar,811703,117
811703300,Rohua,811703,117
811703310,Sanwara,811703,117
811703320,Selwada,811703,117
811703330,Sirodi,811703,117
811703340,Sonela,811703,117
811703350,Sorda,811703,117
811703360,Udwaria,811703,117
811703370,Varman,811703,117
811703380,Wasan,811703,117
811704464,Municipal-Sheoganj,811704,117
811704010,Alpa,811704,117
811704020,Andor,811704,117
811704030,Arathwara,811704,117
811704040,Bagseen,811704,117
811704050,Bar Gaon,811704,117
811704060,Chhiba Gaon,811704,117
811704070,Chooli,811704,117
811704080,Dhurbana,811704,117
811704090,Jaitpura,811704,117
811704100,Jhadoli,811704,117
811704110,Jogapura,811704,117
811704120,Joyla,811704,117
811704130,Kailashnagar,811704,117
811704140,Kesarpura,811704,117
811704150,Manadar,811704,117
811704160,Morli,811704,117
811704170,Naradara,811704,117
811704180,Oda,811704,117
811704190,Palri (M),811704,117
811704200,Posaliya,811704,117
811704210,Rowara,811704,117
811704220,Rukhada,811704,117
811704230,Uthman,811704,117
811704240,Van,811704,117
811705489,Municipal-Sirohi,811705,117
811705010,Amlari,811705,117
811705020,Balda,811705,117
811705030,Barloot,811705,117
811705040,Belangari,811705,117
811705050,Bhutgaon,811705,117
811705060,Dodua,811705,117
811705070,Gol,811705,117
811705080,Goyali,811705,117
811705090,Haliwara,811705,117
811705100,Jaila,811705,117
811705110,Jawal,811705,117
811705120,Kalandri,811705,117
811705130,Khamble,811705,117
811705140,Krishnganj,811705,117
811705150,Madiya,811705,117
811705160,Mandawariya,811705,117
811705170,Mankroda,811705,117
811705180,Manora,811705,117
811705190,Markroda,811705,117
811705200,Mermandwara,811705,117
811705210,Mohabbat Nagar,811705,117
811705220,Nawara,811705,117
811705230,Padeev,811705,117
811705240,Phoogni,811705,117
811705250,Rampura,811705,117
811705260,Sanpur,811705,117
811705270,Sartra,811705,117
811705280,Sildar,811705,117
811705290,Sindrath,811705,117
811705300,Tawari,811705,117
811705310,Ud,811705,117
811705320,Warada,811705,117
812801522,Municipal Antah,812801,128
812801523,Municipal Mangrol,812801,128
812801010,Amalsara,812801,128
812801020,Bala Khera,812801,128
812801030,Baldara,812801,128
812801040,Bamori Kalan,812801,128
812801050,Bamuliya Kalan,812801,128
812801060,Bamuliya Mataji,812801,128
812801070,Bargaon,812801,128
812801080,Barwa,812801,128
812801090,Bhatwara,812801,128
812801100,Bhojya Khedi,812801,128
812801110,Bijora,812801,128
812801120,Bohat,812801,128
812801130,Hingoniya,812801,128
812801140,Ishwarpura,812801,128
812801150,Jai Nagar,812801,128
812801160,Jaloda Tejaji,812801,128
812801170,Jarela,812801,128
812801180,Kachri,812801,128
812801190,Khajoorna Kalan,812801,128
812801200,Kishanpura,812801,128
812801210,Mahalpur,812801,128
812801220,Mahuaa,812801,128
812801230,Mal Bamori,812801,128
812801240,Mau,812801,128
812801250,Mirzapur,812801,128
812801260,Niyana,812801,128
812801270,Pachel Kalan,812801,128
812801280,Palayatha,812801,128
812801290,Palsawa,812801,128
812801300,Patonda,812801,128
812801310,Raithal,812801,128
812801320,Seeswali,812801,128
812801330,Shahupura,812801,128
812801340,Sorkhand Kalan,812801,128
812801350,Sorsan,812801,128
812801360,Thikariya,812801,128
812801370,Tisaya,812801,128
812801380,Udpuriya,812801,128
812802010,Antana,812802,128
812802020,Ardand,812802,128
812802030,Aton,812802,128
812802040,Atru,812802,128
812802050,Badora,812802,128
812802060,Bamori,812802,128
812802070,Barlan,812802,128
812802080,Bhainsara,812802,128
812802090,Chardana,812802,128
812802100,Dara,812802,128
812802110,Deelod Hathi,812802,128
812802120,Dhoti,812802,128
812802130,Gordhanpura,812802,128
812802140,Jeerod,812802,128
812802150,Kanotiya,812802,128
812802160,Katawar,812802,128
812802170,Kawai,812802,128
812802180,Kerwaliya,812802,128
812802190,Kharkhada Ramlothan,812802,128
812802200,Kherliganj (Ct),812802,128
812802210,Khuri,812802,128
812802220,Kishanpura,812802,128
812802230,Kundi,812802,128
812802240,Kunjer,812802,128
812802250,Mermachah,812802,128
812802260,Moondla Bisoti,812802,128
812802270,Mothpur,812802,128
812802280,Musai Gujran,812802,128
812802290,Nanawata,812802,128
812802300,Patna,812802,128
812802310,Ratanpura,812802,128
812802320,Reechhanda,812802,128
812802330,Sahrod,812802,128
812802340,Sakatpur,812802,128
812802350,Shergarh,812802,128
812803597,Municipal Baran,812803,128
812803010,Badan,812803,128
812803020,Bamla,812803,128
812803030,Barana,812803,128
812803040,Batawada,812803,128
812803050,Bengana,812803,128
812803060,Fatehpur,812803,128
812803070,Iklera,812803,128
812803080,Kalmanda,812803,128
812803090,Karnahera,812803,128
812803100,Kherali,812803,128
812803110,Kotrisunda,812803,128
812803120,Koyla,812803,128
812803130,Lisadiya,812803,128
812803140,Mandola,812803,128
812803150,Mathana,812803,128
812803160,Miyara,812803,128
812803170,Nareda,812803,128
812803180,Patheda,812803,128
812803190,Phoonsra,812803,128
812803200,Ratawad,812803,128
812803210,Sambalpur,812803,128
812803220,Seemli,812803,128
812803230,Sundlak,812803,128
812803240,Thamli,812803,128
812803250,Tisaya,812803,128
812803260,Tulsan,812803,128
812804624,Municipal Chhabra,812804,128
812804010,Bapcha,812804,128
812804020,Barai,812804,128
812804030,Bhilwara Neecha,812804,128
812804040,Bhoolon,812804,128
812804050,Bhuwa Kheri,812804,128
812804060,Chachora,812804,128
812804070,Dilod,812804,128
812804080,Ghata Kheri,812804,128
812804090,Godiya Mehar,812804,128
812804100,Googor,812804,128
812804110,Hana Heri,812804,128
812804120,Jepla,812804,128
812804130,Jharkheri,812804,128
812804140,Kadaiya Ban,812804,128
812804150,Kadaiya Hat,812804,128
812804160,Kadaiya Nohar,812804,128
812804170,Khopar,812804,128
812804180,Kotrapar,812804,128
812804190,Moondakya,812804,128
812804200,Moondla,812804,128
812804210,Nipaniya,812804,128
812804220,Pachpara,812804,128
812804230,Pali,812804,128
812804240,Phaliya,812804,128
812804250,Semli,812804,128
812804260,Teetar Kheri,812804,128
812804270,Telni,812804,128
812805010,Ajnawar,812805,128
812805020,Amlawadaali,812805,128
812805030,Bambori Ghata,812805,128
812805040,Banjari,812805,128
812805050,Bhaopura,812805,128
812805060,Bilendi,812805,128
812805070,Chhipabarod (Ct),812805,128
812805080,Deegod Jageer,812805,128
812805090,Deori Jodh,812805,128
812805100,Dholam,812805,128
812805110,Digod Khalsa,812805,128
812805120,Gagchana,812805,128
812805130,Gordhan Pura,812805,128
812805140,Harnawada Shahji,812805,128
812805150,Jhanjhani,812805,128
812805160,Kachnariya Kalan,812805,128
812805170,Kalmodiya,812805,128
812805180,Kalpa Jageer,812805,128
812805190,Kherla Jageer,812805,128
812805200,Kunma Kheri,812805,128
812805210,Manpura,812805,128
812805220,Mokhampura,812805,128
812805230,Pachhar,812805,128
812805240,Peethpur,812805,128
812805250,Phool Baroda,812805,128
812805260,Rain,812805,128
812805270,Sarthal,812805,128
812805280,Sehjanpur,812805,128
812805290,Set Kolu,812805,128
812805300,Tancha,812805,128
812806010,Asnawar,812806,128
812806020,Badipura,812806,128
812806030,Bajrang Garh,812806,128
812806040,Bakanpura,812806,128
812806050,Barooni,812806,128
812806060,Basthooni,812806,128
812806070,Bhanwargarh,812806,128
812806080,Bilasgarh,812806,128
812806090,Brijnagar,812806,128
812806100,Chhatarganj,812806,128
812806110,Chhinod,812806,128
812806120,Digodpar,812806,128
812806130,Garda,812806,128
812806140,Ghatti,812806,128
812806150,Jalwara,812806,128
812806160,Kankarda,812806,128
812806170,Karwari Kalan,812806,128
812806180,Khandela,812806,128
812806190,Khyawada,812806,128
812806200,Kishanganj,812806,128
812806210,Laxmipura @ Khankaraa,812806,128
812806220,Nahargarh,812806,128
812806230,Pachlawada,812806,128
812806240,Paraniya,812806,128
812806250,Peenjana,812806,128
812806260,Peepalda Kalan,812806,128
812806270,Ramgarh,812806,128
812806280,Rampuriya Todiya,812806,128
812806290,Rani Barod,812806,128
812806300,Relawan,812806,128
812806310,Sakhrawada,812806,128
812806320,Sewani,812806,128
812806330,Shobhagpura,812806,128
812806340,Simlod,812806,128
812806350,Suwans,812806,128
812807010,Agar,812807,128
812807020,Bainta,812807,128
812807030,Balda,812807,128
812807040,Baman Gawan,812807,128
812807050,Beel Khera Dang,812807,128
812807060,Beel Kheramal,812807,128
812807070,Bhoyal,812807,128
812807080,Bichi,812807,128
812807090,Danta,812807,128
812807100,Deori,812807,128
812807110,Dhikwani,812807,128
812807120,Gadreta,812807,128
812807130,Ganeshpura,812807,128
812807140,Kasba Nonera,812807,128
812807150,Kasba Thana,812807,128
812807160,Kelwara,812807,128
812807170,Khanda Sahrol,812807,128
812807180,Khatka,812807,128
812807190,Kushyara,812807,128
812807200,Mahodra,812807,128
812807210,Moondiyar,812807,128
812807220,Natai,812807,128
812807230,Ogar,812807,128
812807240,Peepal Kheri,812807,128
812807250,Rajpur,812807,128
812807260,Samraniya,812807,128
812807270,Sandokara,812807,128
812807280,Sanwara,812807,128
812807290,Shahbad,812807,128
812807300,Shubh Dhara,812807,128
812101747,Municipal Bundi,812101,121
812101010,Ajeta,812101,121
812101020,Amli,812101,121
812101030,Anthara,812101,121
812101040,Bambori,812101,121
812101050,Bhairoopura Barad,812101,121
812101060,Bhairoopura Ojha,812101,121
812101070,Dhanatari,812101,121
812101080,Dolara,812101,121
812101090,Gadegal,812101,121
812101100,Gardara,812101,121
812101110,Gudha Nathawatan,812101,121
812101120,Gumampura,812101,121
812101130,Hattipura,812101,121
812101140,Jaoti Kalan,812101,121
812101150,Kalpuriya,812101,121
812101160,Khatkar,812101,121
812101170,Khyawada,812101,121
812101180,Lalpura,812101,121
812101190,Loicha,812101,121
812101200,Mangal,812101,121
812101210,Matoonda,812101,121
812101220,Namana,812101,121
812101230,Nayagaon,812101,121
812101240,Neem Ka Khera,812101,121
812101250,Raithal,812101,121
812101260,Ramganj,812101,121
812101270,Ramnagar,812101,121
812101280,Rihana,812101,121
812101290,Seelor,812101,121
812101300,Ulera,812101,121
812102010,Akoda,812102,121
812102020,Alod,812102,121
812102030,Anantganj,812102,121
812102040,Bara Naya Gaon,812102,121
812102050,Bargaon,812102,121
812102060,Barodiya,812102,121
812102070,Basoli,812102,121
812102080,Bhawanipura,812102,121
812102090,Chatarganj,812102,121
812102100,Cheta,812102,121
812102110,Chhabariyon Ka Naya Gaon,812102,121
812102120,Dabeta,812102,121
812102130,Dablana,812102,121
812102140,Datoonda,812102,121
812102150,Dhabhaiyon Ka Naya Gaon,812102,121
812102160,Dhowara,812102,121
812102170,Gokulpura,812102,121
812102180,Gothra,812102,121
812102190,Gurha,812102,121
812102200,Hindoli,812102,121
812102210,Kachhola,812102,121
812102220,Kheenya,812102,121
812102230,Kherkhata,812102,121
812102240,Mangli Kalan,812102,121
812102250,Mendi,812102,121
812102260,Negarh,812102,121
812102270,Owan,812102,121
812102280,Pagara,812102,121
812102290,Pech Ki Baori,812102,121
812102300,Ramchandraji Ka Khera,812102,121
812102310,Ranipura,812102,121
812102320,Roneeja,812102,121
812102330,Rosanda,812102,121
812102340,Sahaspuriya,812102,121
812102350,Sanwatgarh,812102,121
812102360,Sathoor,812102,121
812102370,Talab Gaon,812102,121
812102380,Thana,812102,121
812102390,Theekarda,812102,121
812102400,Tonkra,812102,121
812102410,Umar,812102,121
812102420,Vijaigarh,812102,121
812103820,Municipal Indragarh,812103,121
812103821,Municipal Kaprain,812103,121
812103822,Municipal Keshoraipatan,812103,121
812103823,Municipal Lakheri,812103,121
812103010,Ajanda,812103,121
812103020,Arnetha,812103,121
812103030,Babai,812103,121
812103040,Balkasa,812103,121
812103050,Balod,812103,121
812103060,Balwan,812103,121
812103070,Bara Khera,812103,121
812103080,Baswara,812103,121
812103090,Bheeya,812103,121
812103100,Borda Kachhiyan,812103,121
812103110,Chanda Khurd,812103,121
812103120,Chardana,812103,121
812103130,Chari,812103,121
812103140,Chitawa,812103,121
812103150,Daulatpura,812103,121
812103160,Dei Khera,812103,121
812103170,Gendoli Khurd,812103,121
812103180,Ghat Ka Barana,812103,121
812103190,Gudha,812103,121
812103200,Guhatha,812103,121
812103210,Gurli,812103,121
812103220,Higoniya,812103,121
812103230,Jaithal,812103,121
812103240,Jaloda,812103,121
812103250,Jhalaji Ka Baran,812103,121
812103260,Karwala,812103,121
812103270,Karwala Ki Jhonparyan,812103,121
812103280,Kharayta,812103,121
812103290,Labaan,812103,121
812103300,Lesarda,812103,121
812103310,Madhorajpura,812103,121
812103320,Makheeda,812103,121
812103330,Mayaja,812103,121
812103340,Mohanpura,812103,121
812103350,Nawalpura,812103,121
812103360,Notara,812103,121
812103370,Papri,812103,121
812103380,Pholai,812103,121
812103390,Radi,812103,121
812103400,Rebarpura,812103,121
812103410,Roteda,812103,121
812103420,Sakhawada,812103,121
812103430,Sarsala,812103,121
812103440,Soonagar,812103,121
812103450,Sumerganj Mandi,812103,121
812103460,Utrana,812103,121
812104870,Municipal Nainwa,812104,121
812104010,Antarda,812104,121
812104020,Bachhola,812104,121
812104030,Balapura,812104,121
812104040,Bamangaon,812104,121
812104050,Bansi,812104,121
812104060,Bhajneri,812104,121
812104070,Dakoon,812104,121
812104080,Dei,812104,121
812104090,Dodi,812104,121
812104100,Dugari,812104,121
812104110,Gambheera,812104,121
812104120,Gurha Sadavartian,812104,121
812104130,Gurhadeoji,812104,121
812104140,Jajawar,812104,121
812104150,Jarkhoda,812104,121
812104160,Jetpur,812104,121
812104170,Karwar,812104,121
812104180,Kethooda,812104,121
812104190,Khajoori,812104,121
812104200,Khanpura,812104,121
812104210,Kolahera,812104,121
812104220,Mani,812104,121
812104230,Maran,812104,121
812104240,Modsa,812104,121
812104250,Peepalya,812104,121
812104260,Phuleta,812104,121
812104270,Rajlawata,812104,121
812104280,Sadera,812104,121
812104290,Sameedhi,812104,121
812104300,Seesola,812104,121
812104310,Shahan,812104,121
812104320,Suwanya,812104,121
812104330,Talwas,812104,121
812105010,Aktasa,812105,121
812105020,Alfanagar,812105,121
812105030,Badoonda,812105,121
812105040,Bajar,812105,121
812105050,Ballop,812105,121
812105060,Baroondhan,812105,121
812105070,Budhpura (Ct),812105,121
812105080,Dabi,812105,121
812105090,Dehit,812105,121
812105100,Deloonda,812105,121
812105110,Dhaneshwar,812105,121
812105120,Dora,812105,121
812105130,Gamach,812105,121
812105140,Ganeshpura,812105,121
812105150,Gopalpura (Barad),812105,121
812105160,Jakhmoond,812105,121
812105170,Jameetpura,812105,121
812105180,Jawahar Sagar,812105,121
812105190,Kethooda,812105,121
812105200,Khadipur,812105,121
812105210,Ladpur,812105,121
812105220,Lambakhoh,812105,121
812105230,Laxmi Pura,812105,121
812105240,Leelera Vyasan,812105,121
812105250,Notara,812105,121
812105260,Rajpura,812105,121
812105270,Seenta,812105,121
812105280,Sootra,812105,121
812105290,Suwasan,812105,121
812105300,Talera,812105,121
812105310,Teerath,812105,121
812105320,Thikaria,812105,121
812901936,Municipal Aklera,812901,129
812901010,Ametha,812901,129
812901020,Amrit Kheri,812901,129
812901030,Asalpur,812901,129
812901040,Bairagarh,812901,129
812901050,Bans Kheri Lodhan,812901,129
812901060,Bhalta,812901,129
812901070,Binda Khera,812901,129
812901080,Bor Kheri Goojran,812901,129
812901090,Borband,812901,129
812901100,Chureliya,812901,129
812901110,Deoli,812901,129
812901120,Deori Chanchal,812901,129
812901130,Deori Kalan,812901,129
812901140,Gehoon Kheri,812901,129
812901150,Ghatoli,812901,129
812901160,Gopalpura,812901,129
812901170,Gul Kheri,812901,129
812901180,Kharpa,812901,129
812901190,Kohri Jhar,812901,129
812901200,Lasooriya Shah,812901,129
812901210,Lhas,812901,129
812901220,Methoon,812901,129
812901230,Mishroli,812901,129
812901240,Naya Pura,812901,129
812901250,Pachola,812901,129
812901260,Sar Khandiya,812901,129
812901270,Sarda,812901,129
812901280,Thanawad,812901,129
812901290,Tharaul,812901,129
812901300,Turkariya,812901,129
812901310,Umariya,812901,129
812902010,Agariya,812902,129
812902020,Bakani,812902,129
812902030,Bar Bar,812902,129
812902040,Baray,812902,129
812902050,Barkhera Kalan,812902,129
812902060,Deonagar,812902,129
812902070,Devri,812902,129
812902080,Garwara,812902,129
812902090,Gurad Khera,812902,129
812902100,Jheejhaniya,812902,129
812902110,Jheekariya,812902,129
812902120,Karal Gaon,812902,129
812902130,Kheriya,812902,129
812902140,Kishanpura,812902,129
812902150,Kushalpura,812902,129
812902160,Mori,812902,129
812902170,Nanor,812902,129
812902180,Nasirabad,812902,129
812902190,Padalya Kulmi,812902,129
812902200,Ratlai,812902,129
812902210,Reechhwa,812902,129
812902220,Reejon,812902,129
812902230,Renpla,812902,129
812902240,Salawad,812902,129
812902250,Thobariya Khurd,812902,129
812903993,Municipal Bhawani Mandi,812903,129
812903010,Alawa,812903,129
812903020,Ank Kheri,812903,129
812903030,Anwali Kalan,812903,129
812903040,Awar,812903,129
812903050,Bhaisani,812903,129
812903060,Bhilwari,812903,129
812903070,Ganeshpura,812903,129
812903080,Ghatod,812903,129
812903090,Guradiya Joga,812903,129
812903100,Guradiya Kalan,812903,129
812903110,Guradiya Mana,812903,129
812903120,Gurha,812903,129
812903130,Karawan,812903,129
812903140,Khokhariya Khurd,812903,129
812903150,Kundi Khera,812903,129
812903160,Mishroli,812903,129
812903170,Mogra,812903,129
812903180,Nahar Ghatta,812903,129
812903190,Narayan Khera,812903,129
812903200,Pagariya,812903,129
812903210,Peepliya,812903,129
812903220,Sarod,812903,129
812903230,Shri Chhatrapur,812903,129
812903240,Silehgarh,812903,129
812903250,Singh Pur,812903,129
812903260,Sooliya,812903,129
812903270,Theekariya,812903,129
812904010,Bardiya Beerji,812904,129
812904020,Chara,812904,129
812904030,Dag,812904,129
812904040,Deogarh,812904,129
812904050,Dhatooriya,812904,129
812904060,Dobra,812904,129
812904070,Dori,812904,129
812904080,Dudhaliya,812904,129
812904090,Gangdhar,812904,129
812904100,Guradiya Jhala,812904,129
812904110,Harnawada,812904,129
812904120,Jagdishpura,812904,129
812904130,Kachhnara,812904,129
812904140,Keetiya,812904,129
812904150,Keloo Khera,812904,129
812904160,Kolvi @ Mandi Rajendrapur (Ct),812904,129
812904170,Koondla,812904,129
812904180,Kumathiya,812904,129
812904190,Kyasara,812904,129
812904200,Luhariya,812904,129
812904210,Mandirpur,812904,129
812904220,Para Peepli,812904,129
812904230,Paraliya,812904,129
812904240,Peeplya Khurd,812904,129
812904250,Rampura,812904,129
812904260,Ranayra,812904,129
812904270,Rawan Gurari,812904,129
812904280,Rojhana,812904,129
812904290,Sunari,812904,129
812904300,Talawali,812904,129
812904310,Tisai,812904,129
812904320,Unhel,812904,129
812905053,Municipal Jhalawar,812905,129
812905054,Municipal Jhalrapatan,812905,129
812905010,Asnawar,812905,129
812905020,Barodiya,812905,129
812905030,Borda,812905,129
812905040,Donda,812905,129
812905050,Doongar Gaon,812905,129
812905060,Durgpura,812905,129
812905070,Gagron,812905,129
812905080,Girdharpura,812905,129
812905090,Gordhanpura,812905,129
812905100,Govindpura,812905,129
812905110,Iktasa,812905,129
812905120,Jhoomki,812905,129
812905130,Joona Khera,812905,129
812905140,Kalmandi Kalan,812905,129
812905150,Kanwara,812905,129
812905160,Khanpuriya,812905,129
812905170,Kherla,812905,129
812905180,Kolana,812905,129
812905190,Lawasal,812905,129
812905200,Mandawar,812905,129
812905210,Panwasa,812905,129
812905220,Piplod,812905,129
812905230,Rooparel,812905,129
812905240,Rundlao,812905,129
812905250,Salotya,812905,129
812905260,Salriya,812905,129
812905270,Samrai,812905,129
812905280,Tandi Sohan Pura,812905,129
812905290,Teetarwasa,812905,129
812906010,Akawad Khurd,812906,129
812906020,Akodiya,812906,129
812906030,Bagher,812906,129
812906040,Baisar,812906,129
812906050,Bareda,812906,129
812906060,Bhagwan Pura,812906,129
812906070,Bishan Kheri,812906,129
812906080,Borda Mau,812906,129
812906090,Dahi Khera,812906,129
812906100,Dhanoda Kalan,812906,129
812906110,Dobra,812906,129
812906120,Gadarwara Doondi,812906,129
812906130,Gadarwara Noorji,812906,129
812906140,Golana,812906,129
812906150,Harigarh,812906,129
812906160,Jarga,812906,129
812906170,Jolpa,812906,129
812906180,Kanwalda,812906,129
812906190,Kanwarpura Mandwalan,812906,129
812906200,Karanwas,812906,129
812906210,Khandi,812906,129
812906220,Khanpur,812906,129
812906230,Khera,812906,129
812906240,Layphal,812906,129
812906250,Leemi,812906,129
812906260,Malan Wasa,812906,129
812906270,Maraita,812906,129
812906280,Moondla,812906,129
812906290,Mori,812906,129
812906300,Pakhrana,812906,129
812906310,Panwar,812906,129
812906320,Piplaj,812906,129
812906330,Sarkhandiya,812906,129
812906340,Sarola Kalan,812906,129
812906350,Shyonagar @ Dhani,812906,129
812906360,Sojpur,812906,129
812906370,Soomar,812906,129
812906380,Taraj,812906,129
812907010,Anwal Hera,812907,129
812907020,Baneth,812907,129
812907030,Bans Khera,812907,129
812907040,Banskheri Mewatiyan,812907,129
812907050,Barrawada,812907,129
812907060,Chandipur,812907,129
812907070,Chanpura Bheelan,812907,129
812907080,Dangipura,812907,129
812907090,Garboliya,812907,129
812907100,Jawar,812907,129
812907110,Kamkhera,812907,129
812907120,Khata Kheri,812907,129
812907130,Kher Khera,812907,129
812907140,Koloo Kheri Maliyan,812907,129
812907150,Kolookheri Kalan,812907,129
812907160,Manapsar,812907,129
812907170,Manoharthana (Ct),812907,129
812907180,Pindola,812907,129
812907190,Ranwasya,812907,129
812907200,Samrol,812907,129
812907210,Sareri,812907,129
812907220,Semlihat,812907,129
812907230,Shorti,812907,129
812907240,Theekriya,812907,129
812907250,Todri Jagannath,812907,129
812907260,Todri Meeran,812907,129
812908148,Municipal Pirawa,812908,129
812908010,Banor,812908,129
812908020,Boliya Bujurg,812908,129
812908030,Chachhalao,812908,129
812908040,Dabla Bhoj,812908,129
812908050,Danta,812908,129
812908060,Deewal Khera,812908,129
812908070,Dhabla Kheenchi,812908,129
812908080,Dharoniya,812908,129
812908090,Dola,812908,129
812908100,Dubaliya,812908,129
812908110,Fatehgarh,812908,129
812908120,Gadiya,812908,129
812908130,Gelani,812908,129
812908140,Govindpura,812908,129
812908150,Harnawada Gaja,812908,129
812908160,Hemra,812908,129
812908170,Himmatgarh,812908,129
812908180,Kadodiya,812908,129
812908190,Kali Talai,812908,129
812908200,Kan Wari,812908,129
812908210,Khairana,812908,129
812908220,Kharpa Kalan,812908,129
812908230,Kotri,812908,129
812908240,Mageespur,812908,129
812908250,Mathaniya,812908,129
812908260,Naulai,812908,129
812908270,Odiya Kheri,812908,129
812908280,Osav,812908,129
812908290,Raipur,812908,129
812908300,Ramay Dalpat,812908,129
812908310,Rampuriya,812908,129
812908320,Salotiya,812908,129
812908330,Salri,812908,129
812908340,Samariya,812908,129
812908350,Samli Kham,812908,129
812908360,Sangariya,812908,129
812908370,Sar Kheri,812908,129
812908380,Semla,812908,129
812908390,Sherpur,812908,129
812908400,Sirpoi,812908,129
812908410,Soyla,812908,129
812908420,Sunel,812908,129
812908430,Sunwas,812908,129
812908440,Unhel,812908,129
812701010,Ayana,812701,127
812701020,Ayani,812701,127
812703100,Jakhora,812703,127
812703110,Kalya Kheri,812703,127
812703120,Kasar,812703,127
812703130,Khera Rasoolpur,812703,127
812703140,Kishanpura Takiya,812703,127
812703150,Kolana,812703,127
812703160,Manasgaon,812703,127
812703170,Mandalya,812703,127
812703180,Mandana,812703,127
812703190,Mawasa,812703,127
812703200,Rangpur,812703,127
812703210,Tather,812703,127
812704283,Municipal Sangod,812704,127
812704010,Amrit Kua,812704,127
812704020,Awan,812704,127
812704030,Baloohera,812704,127
812704040,Bapawar Kalan,812704,127
812704050,Basyaheri,812704,127
812704060,Borina Kalan,812704,127
812704070,Danta,812704,127
812704080,Deoli,812704,127
812704090,Dhoolet,812704,127
812704100,Dhoti,812704,127
812704110,Digod,812704,127
812704120,Dillipura,812704,127
812704130,Heengi,812704,127
812704140,Hingoniya,812704,127
812704150,Jhalari,812704,127
812704160,Kamolar,812704,127
812704170,Kanwas,812704,127
812704180,Khajoori,812704,127
812704190,Khajoorna,812704,127
812704200,Khariya,812704,127
812704210,Kishanpura,812704,127
812704220,Kundanpur,812704,127
812704230,Kurar,812704,127
812704240,Kurariya Khurd,812704,127
812704250,Labaniya,812704,127
812704260,Latoori,812704,127
812704270,Loda Hera,812704,127
812704280,Mamor,812704,127
812704290,Mandap,812704,127
812704300,Mandeeta,812704,127
812704310,Moikalan,812704,127
812704320,Moru Kalan,812704,127
812704330,Sawan Bhadon,812704,127
812704340,Shyampura,812704,127
812704350,Vinod Khurd,812704,127
812704360,Zalimpura,812704,127
812705010,Amarpura,812705,127
812705020,Bamori,812705,127
812705030,Banethiya,812705,127
812705290,Seemalya,812705,127
812705300,Sultanpur,812705,127
812705310,Takarwara,812705,127
812705320,Toran,812705,127
812705330,Zalimpura,812705,127
812501010,Amleeya-Ambadara,812501,125
812501020,Anandpuri,812501,125
812501030,Bareth,812501,125
812501040,Barjariya,812501,125
812501050,Barliya,812501,125
812501060,Bhaler Bhodar,812501,125
812501070,Chandarwara,812501,125
812501080,Chhaja,812501,125
812501090,Chikli Teja,812501,125
812501100,Chordi,812501,125
812501110,Dhodiya,812501,125
812501120,Dokar,812501,125
812501130,Jher,812501,125
812501140,Kajaliya,812501,125
812501150,Kanela,812501,125
812501160,Karda,812501,125
812501170,Madkola Mogji,812501,125
812501180,Mena Padhar,812501,125
812501190,Mundri,812501,125
812502140,Moti Bassi,812502,125
812502150,Nahli,812502,125
812502160,Nawa Dhara,812502,125
812502170,Odwara,812502,125
812502180,Ora,812502,125
812502190,Padedi,812502,125
812502200,Raiyana,812502,125
812502210,Saranpur,812502,125
812502220,Tamatiya Rathor,812502,125
812502230,Timruwa,812502,125
812503010,Bagidora,812503,125
812503020,Balawara,812503,125
812503030,Bansla,812503,125
812503040,Barigama,812503,125
812503050,Barodiya,812503,125
812503060,Bodigama,812503,125
812503070,Budwa,812503,125
812503080,Chheench,812503,125
812503090,Chokhla,812503,125
812503100,Itauwa,812503,125
812503110,Kalinjara,812503,125
812503120,Karji,812503,125
812503130,Khoonta Machar,812503,125
812503140,Mangala Dayra,812503,125
812503150,Nagawara,812503,125
812503160,Nal,812503,125
812503170,Naugama,812503,125
812503180,Patan,812503,125
812503190,Peeplod,812503,125
812503200,Pindarma,812503,125
812503210,Rakho,812503,125
812503220,Sogpura,812503,125
812503230,Suwala,812503,125
812503240,Ummed Garhi,812503,125
812503250,Vanela Para,812503,125
812504430,Municipal - Banswara (M),812504,125
812504010,Abapura,812504,125
812504020,Badrel Khurd,812504,125
812504030,Barooi,812504,125
812504040,Barwara Rajeeya,812504,125
812504050,Bhapor,812504,125
812504060,Bor Khabar,812504,125
812504070,Bor Khera,812504,125
812504080,Boriya,812504,125
812504090,Chacha Kota,812504,125
812504100,Chapariya,812504,125
812504110,Deogarh,812504,125
812504120,Ganaoo,812504,125
812504130,Jharniya,812504,125
812504140,Jhoopel,812504,125
812504150,Kareliya,812504,125
812504160,Katiyor,812504,125
812504170,Kesharpura,812504,125
812504180,Kher Dabra,812504,125
812504190,Khera Barlipara,812504,125
812504200,Kundla Kalan,812504,125
812504210,Laxmangarh @ Jhari,812504,125
812504220,Leemthan,812504,125
812504230,Maheshpura,812504,125
812504240,Nalda,812504,125
812504250,Nawa Gaon,812504,125
812504260,Nawa Khera,812504,125
812504270,Nichla Ghantala,812504,125
812504280,Padi Kalan,812504,125
812504290,Sagwadeeya,812504,125
812504300,Saliya,812504,125
812504310,Samriya,812504,125
812504320,Siyapur,812504,125
812504330,Sukhaniya,812504,125
812504340,Theekariya,812504,125
812504350,Uplaghantala,812504,125
812504360,Veerpur,812504,125
812505010,Bari,812505,125
812505020,Chhayan Bari,812505,125
812505030,Danakshari,812505,125
812505040,Danpur,812505,125
812505050,Gagarwa,812505,125
812505060,Ghori Tejpur,812505,125
812505070,Harnathpura,812505,125
812505080,Jahanpura,812505,125
812505090,Katumbi,812505,125
812505100,Khajuri,812505,125
812505110,Kotra,812505,125
812505120,Kundal,812505,125
812505130,Makanpura,812505,125
812505140,Muliya,812505,125
812505150,Nadiya,812505,125
812505160,Napla,812505,125
812505170,Phephar,812505,125
812505180,Sarwan,812505,125
812505190,Wagtalab,812505,125
812506010,Charkani,812506,125
812506020,Chhalka Talai,812506,125
812506030,Dhalar,812506,125
812506040,Gadooli,812506,125
812506050,Gamaniya Hameera,812506,125
812506060,Gangar Talai,812506,125
812506070,Handi,812506,125
812506080,Jamburi,812506,125
812506090,Jhajharwa Kalan,812506,125
812506100,Jhermoti,812506,125
812506110,Kheraleem,812506,125
812506120,Khoonta Galiya,812506,125
812506130,Khoonti Narji,812506,125
812506140,Lankai,812506,125
812506150,Moti Timbi,812506,125
812506160,Munna Doongar,812506,125
812506170,Ram Ka Munna,812506,125
812506180,Rohaniya,812506,125
812506190,Rohanwari,812506,125
812506200,Saliya,812506,125
812506210,Sallo Pata,812506,125
812506220,Send Nani,812506,125
812506230,Shergarh,812506,125
812506240,Tandi Nani,812506,125
812507010,Amja,812507,125
812507020,Aror,812507,125
812507030,Asan,812507,125
812507040,Asora,812507,125
812507050,Berwa,812507,125
812507060,Bhagora,812507,125
812507070,Bheempur,812507,125
812507080,Bheemsor,812507,125
812507090,Bori,812507,125
812507100,Chaupasang,812507,125
812507110,Dadooka,812507,125
812507120,Dakar Kundi,812507,125
812507130,Garhi,812507,125
812507140,Gopinath Ka Gara,812507,125
812507150,Jhalon Ka Gara,812507,125
812507160,Karanpur,812507,125
812507170,Khera,812507,125
812507180,Kheran Ka Parda,812507,125
812507190,Khoran,812507,125
812507200,Kotra Bara,812507,125
812507210,Lasara,812507,125
812507220,Lohariya,812507,125
812507230,Madlada,812507,125
812507240,Metwala,812507,125
812507250,Mor,812507,125
812507260,Moya Wasa,812507,125
812507270,Paloda,812507,125
812507280,Panasi Chhoti,812507,125
812507290,Parahera,812507,125
812507300,Partapur (C.T.),812507,125
812507310,Rathriya Parda,812507,125
812507320,Rohira,812507,125
812507330,Sagwariya,812507,125
812507340,Sakriya,812507,125
812507350,Sareri Bari,812507,125
812507360,Sareri Chhoti,812507,125
812507370,Sujaji Ka Gara,812507,125
812507380,Sundani,812507,125
812507390,Umbara,812507,125
812507400,Vajwana,812507,125
812508010,Amarsingh Ka Gada,812508,125
812508020,Amarthoon,812508,125
812508030,Badana,812508,125
812508040,Badliya,812508,125
812508050,Baman Parda,812508,125
812508060,Bansri Khera,812508,125
812508070,Bargun,812508,125
812508080,Bassi Ada,812508,125
812508090,Bhagoron Ka Khera,812508,125
812508100,Bhoongra,812508,125
812508110,Bhoyar,812508,125
812508120,Bhuwasa,812508,125
812508130,Bichhawara,812508,125
812508140,Borda,812508,125
812508150,Borpi Khanta,812508,125
812508160,Chanduji Ka Gara,812508,125
812508170,Charda,812508,125
812508180,Chirawala Garda,812508,125
812508190,Dagal,812508,125
812508200,Delwara Lokiya,812508,125
812508210,Dewada,812508,125
812508220,Doodka,812508,125
812508230,Doongar,812508,125
812508240,Dungariya,812508,125
812508250,Ganora,812508,125
812508260,Ghatol,812508,125
812508270,Goliyawara,812508,125
812508280,Gorchha,812508,125
812508290,Jagpura,812508,125
812508300,Kali Magri,812508,125
812508310,Kanji Ka Gara,812508,125
812508320,Kanra,812508,125
812508330,Kanthao,812508,125
812509010,Bagaycha,812509,125
812509020,Bari Sarwa,812509,125
812509030,Barwas Kalan,812509,125
812509040,Barwas Khurd,812509,125
812509050,Bassi,812509,125
812509060,Bawaliya Para,812509,125
812509070,Beeli Para,812509,125
812509080,Bhagatpura,812509,125
812509090,Bijori Kalan,812509,125
812509100,Charkani,812509,125
812509110,Chhoti Sarwa,812509,125
812509120,Chokhwara,812509,125
812509130,Doongri Para,812509,125
812509140,Ghata,812509,125
812509150,Gopalpura,812509,125
812509160,Jheekli,812509,125
812509170,Kakanwani,812509,125
812509180,Kalinjara,812509,125
812509190,Khajoora,812509,125
812509200,Kherpur,812509,125
812509210,Kotra,812509,125
812509220,Kushalpara,812509,125
812509230,Lohariya Kalan,812509,125
812509240,Mahura,812509,125
812509250,Mohkampura,812509,125
812509260,Mundari,812509,125
812509270,Patan,812509,125
812509280,Potalia,812509,125
812509290,Ramgarh,812509,125
812509300,Roopgarh,812509,125
812509310,Sabalpura,812509,125
812509320,Saran,812509,125
812509330,Sataliya,812509,125
812509340,Shobhawati,812509,125
812509350,Teemera-Kalan,812509,125
812509360,Thummath,812509,125
812509370,Ukala,812509,125
812509380,Vasooni,812509,125
812510010,Andeshwar,812510,125
812510020,Barli Para,812510,125
812510030,Beelri,812510,125
812510040,Bhoora Kua,812510,125
812510050,Doongra-Kalan,812510,125
812510060,Doongra-Khurd,812510,125
812510070,Godwara-Nareng,812510,125
812510080,Himmatgarh,812510,125
812510090,Itala,812510,125
812510100,Jalimpura,812510,125
812510110,Kasarwari,812510,125
812510120,Khoonta Jeeva,812510,125
812510130,Khundani-Hala,812510,125
812510140,Khunta-Chatra,812510,125
812510150,Machchar-Sath,812510,125
812510160,Magarda-Damra-Sath,812510,125
812510170,Mahuri,812510,125
812510180,Maska Kalan,812510,125
812510190,Muniya Khoonta,812510,125
812510200,Nawagaon,812510,125
812510210,Pali-Kalan,812510,125
812510220,Rath Dhanraj,812510,125
812510230,Rohaniya Laxmansingh,812510,125
812510240,Sagwa,812510,125
812510250,Sajjangarh,812510,125
812510260,Satsera Khurd,812510,125
812510270,Shakkarwara,812510,125
812510280,Tambesara,812510,125
812510290,Tanda-Mangla,812510,125
812510300,Tanda-Ratna,812510,125
812510310,Tandi Kalan,812510,125
812510320,Timba-Mahuri,812510,125
812511010,Bargaon,812511,125
812511020,Bhachariya,812511,125
812511030,Borwat,812511,125
812511040,Chiriyawasa,812511,125
812511050,Deoliya,812511,125
812511060,Gamri,812511,125
812511070,Ghalkiya,812511,125
812511080,Jhantla,812511,125
812511090,Kunwala With Wanta,812511,125
812511100,Kupra,812511,125
812511110,Kushalpura,812511,125
812511120,Lodha,812511,125
812511130,Makod,812511,125
812511140,Malwasa,812511,125
812511150,Masotiya,812511,125
812511160,Sagrod,812511,125
812511170,Sewna,812511,125
812511180,Sundanpur,812511,125
812511190,Surpur,812511,125
812511200,Talwara,812511,125
812511210,Tamtiya,812511,125
812511220,Tejpur,812511,125
812511230,Umrai,812511,125
812601700,Municipal - Bari Sadri (M),812601,126
812601010,Ameerama,812601,126
812601020,Bansi,812601,126
812601030,Barbal,812601,126
812601040,Bhanooja,812601,126
812601050,Bhatoli,812601,126
812601060,Binayka,812601,126
812601070,Bohera,812601,126
812601080,Jarkhana,812601,126
812601090,Kachoomra,812601,126
812601100,Keeratpura,812601,126
812601110,Kewalpura,812601,126
812601120,Khairmaliya,812601,126
812601130,Khardeola,812601,126
812601140,Lachhmipura,812601,126
812601150,Mahoora,812601,126
812601160,Moonjwa,812601,126
812601170,Nikoom,812601,126
812601180,Pandera,812601,126
812601190,Parsoli,812601,126
812601200,Peend,812601,126
812601210,Punawali,812601,126
812601220,Rati Chandji Ka Khera,812601,126
812601230,Sangariya,812601,126
812602724,Municipal - Begun (M),812602,126
812602725,Municipal - Junibegun (M),812602,126
812602726,Municipal - Sulimagra (M),812602,126
812602010,Anoppura,812602,126
812602020,Anwalhera,812602,126
812602030,Barniyas,812602,126
812602040,Bichhor,812602,126
812602050,Chechi,812602,126
812602060,Daulatpur,812602,126
812602070,Dhamncha,812602,126
812602080,Dorai,812602,126
812602090,Dugar,812602,126
812602100,Gopalpura,812602,126
812602110,Govindpura,812602,126
812602120,Itawa,812602,126
812602130,Jainagar,812602,126
812602140,Katunda,812602,126
812602150,Kerpura,812602,126
812602160,Kheri,812602,126
812602170,Madhopur,812602,126
812602180,Mandawari,812602,126
812602190,Meghniwas,812602,126
812602200,Meghpura,812602,126
812602210,Megpura,812602,126
812602220,Motipura,812602,126
812602230,Nandwai,812602,126
812602240,Parsoli,812602,126
812602250,Rajgarh,812602,126
812602260,Rampuria,812602,126
812602270,Rawarda,812602,126
812602280,Rayta,812602,126
812602290,Samariyan Kalan,812602,126
812602300,Shadi,812602,126
812602310,Suwaniya,812602,126
812602320,Thukrai,812602,126
812603010,Akola Kalan,812603,126
812603020,Akya,812603,126
812603030,Asawara,812603,126
812603040,Bagund,812603,126
812603050,Bansen,812603,126
812603060,Bhadesar,812603,126
812603070,Bhadsora,812603,126
812603080,Bhalundi,812603,126
812603090,Dheerji Ka Khera,812603,126
812603100,Gardana,812603,126
812603110,Kannoj,812603,126
812603120,Kanthariya,812603,126
812603130,Karediya,812603,126
812603140,Khodeep,812603,126
812603150,Koonthana,812603,126
812603160,Leswa,812603,126
812603170,Mandphiya,812603,126
812603180,Nahargarh,812603,126
812603190,Nanana,812603,126
812603200,Napaniya,812603,126
812603210,Napawali,812603,126
812603220,Peepalwas,812603,126
812603230,Potla Kalan,812603,126
812603240,Rewaliya Khurd,812603,126
812603250,Sukhwara,812603,126
812604784,Forest,812604,126
812604785,Municipal - Rawatbhata (M),812604,126
812604010,Badodiya,812604,126
812604020,Balkundi Kalan,812604,126
812604030,Barkhera,812604,126
812604040,Baroliya,812604,126
812604050,Bassi,812604,126
812604060,Bhainsrorgarh,812604,126
812604070,Borao,812604,126
812604080,Deopura,812604,126
812604090,Dhagadmau Kalan,812604,126
812604100,Dhawad Kalan,812604,126
812604110,Eklingpura,812604,126
812604120,Gopalpura,812604,126
812604130,Jalkhera,812604,126
812604140,Jawada,812604,126
812604150,Jawahar Nagar,812604,126
812604160,Jhalar Baori,812604,126
812604170,Jharjhani,812604,126
812604180,Khati Khera,812604,126
812604190,Luhariya,812604,126
812604200,Mandesara,812604,126
812604210,Rajpura,812604,126
812604220,Ren Khera,812604,126
812604230,Shripura,812604,126
812604240,Tamboliya,812604,126
812604250,Tolon Ka Luhariya,812604,126
812605010,Akola,812605,126
812605020,Anoppura,812605,126
812605030,Babrana,812605,126
812605040,Bhoopal Nagar,812605,126
812605050,Bhoopal Sagar,812605,126
812605060,Bond @ Bool,812605,126
812605070,Chorwari,812605,126
812605080,Gundli,812605,126
812605090,Jashma,812605,126
812605100,Kana  Khera,812605,126
812605110,Kanarkhera,812605,126
812605120,Kankarwa,812605,126
812605130,Murla,812605,126
812605140,Nilod,812605,126
812605150,Pari,812605,126
812605160,Patoliya,812605,126
812605170,Phalasiya,812605,126
812605180,Tana,812605,126
812605190,Usrol,812605,126
812606830,Forest,812606,126
812606831,Municipal - Chamati Ka Khera (M),812606,126
812606832,Municipal - Chanderiya (M),812606,126
812606833,Municipal - Chittaurgarh (M),812606,126
812606834,Municipal - Kila (M),812606,126
812606835,Municipal - Metharamji Ka Khera (M),812606,126
812606836,Municipal - Senthi (M),812606,126
812606010,Abhay Pura,812606,126
812606020,Amar Pura,812606,126
812606030,Anoppura,812606,126
812606040,Anwal Hera,812606,126
812606050,Arniya Panth,812606,126
812606060,Barodiya,812606,126
812606070,Bassi,812606,126
812606080,Chiksi,812606,126
812606090,Devri,812606,126
812606100,Dhanet Kalan,812606,126
812606110,Eral,812606,126
812606120,Ghatiyawali,812606,126
812606130,Ghosondi,812606,126
812606140,Ghosunda,812606,126
812606150,Gilund,812606,126
812606160,Jalampura,812606,126
812606170,Kashmor,812606,126
812606180,Keljer,812606,126
812606190,Nagari,812606,126
812606200,Narela,812606,126
812606210,Netawal Maharaj,812606,126
812606220,Netawalgarh Pachhli,812606,126
812606230,Ochhari,812606,126
812606240,Odoond,812606,126
812606250,Pal,812606,126
812606260,Palka,812606,126
812606270,Pandoli,812606,126
812606280,Rolahera,812606,126
812606290,Sadi,812606,126
812606300,Sahnawa,812606,126
812606310,Samri,812606,126
812606320,Satpura,812606,126
812606330,Sawa,812606,126
812606340,Semaliya,812606,126
812606350,Semalpura,812606,126
812606360,Shambhoopura,812606,126
812606370,Songar,812606,126
812606380,Tumbariya,812606,126
813104250,Rohaniya,813104,131
813104260,Semaliya,813104,131
813104270,Sobaniya,813104,131
813104280,Sodalpur,813104,131
813104290,Suhagpura,813104,131
813104300,Tamtiya,813104,131
813104310,Thechla,813104,131
813104320,Veerpur,813104,131
813105435,Municipal - Bagwas (M),813105,131
813105436,Municipal - Manpura (M),813105,131
813105437,Municipal - Pratapgarh (M),813105,131
813105438,Municipal - Raghunathpura (M),813105,131
813105010,Achalpur,813105,131
813105020,Amlawada,813105,131
813105030,Asawata,813105,131
813105040,Awleshwar,813105,131
813105050,Bara Varda,813105,131
813105060,Bardeeya,813105,131
813105070,Bari Lank,813105,131
813105080,Barotha,813105,131
813105090,Basad,813105,131
813105100,Basera,813105,131
813005130,Jekra,813005,130
813005140,Jhadol,813005,130
813005150,Kada,813005,130
813005160,Kanthariya,813005,130
813005170,Khakhar,813005,130
813005180,Kochla,813005,130
813005190,Lunawaton Ka Khera,813005,130
813005200,Magwas,813005,130
813005210,Makradeo,813005,130
813005220,Manas,813005,130
813005230,Nenbara,813005,130
813005240,Netaji Ka Bara,813005,130
813005250,Ogna,813005,130
813005260,Ora,813005,130
813005270,Peelak,813005,130
813005280,Rohimala,813005,130
813005290,Selana,813005,130
813005300,Sultanji Ka Kherwara,813005,130
813005310,Thobawara,813005,130
813006010,Amalwa,813006,130
813006020,Amloda,813006,130
813006030,Banora,813006,130
813006040,Bhabarana,813006,130
813006050,Budel,813006,130
812606390,Udpura,812606,126
812606400,Vijaypur,812606,126
812607010,Alod,812607,126
812607020,Arned,812607,126
812607030,Badwai,812607,126
812607040,Bhatoli Bagariyan,812607,126
812607050,Bhatoli Gujran,812607,126
812607060,Biloda,812607,126
812607070,Bilot,812607,126
812607080,Chikarda,812607,126
812607090,Delwas,812607,126
812607100,Doongla,812607,126
812607110,Idra,812607,126
812607120,Karsana,812607,126
812607130,Kishan Kareri,812607,126
812607140,Lothiyana,812607,126
812607150,Mangalwar,812607,126
812607160,Morwan,812607,126
812607170,Nada-Khera,812607,126
812607180,Nangawali,812607,126
812607190,Negadiya,812607,126
812607200,Nogawan,812607,126
812607210,Palod,812607,126
812607220,Phalodra,812607,126
812607230,Pirana,812607,126
812607240,Rawatpura,812607,126
812607250,Sangesara,812607,126
812607260,Semaliya,812607,126
812608010,Ajolion Ka Khera,812608,126
812608020,Bolo Ka Sanwata,812608,126
812608030,Boodh,812608,126
812608040,Borda,812608,126
812608050,Chogawari,812608,126
812608060,Gangrar,812608,126
812608070,Jojron Ka Khera,812608,126
812608080,Kati,812608,126
812608090,Kharkhanda,812608,126
812608100,Kunwaliya,812608,126
812608110,Lalas,812608,126
812608120,Mandpiya,812608,126
812608130,Pootholi,812608,126
812608140,Rughnathpura,812608,126
812608150,Sadas,812608,126
812608160,Shadi,812608,126
812608170,Soniyana,812608,126
812608180,Sudri,812608,126
812608190,Suwaniya,812608,126
812608200,Tumbadiya,812608,126
812608210,Undawa,812608,126
812609924,Municipal - Bhoopal Khera (M),812609,126
812609925,Municipal - Budha Khera (M),812609,126
812609926,Municipal - Kapasan (M),812609,126
812609010,Balarada,812609,126
812609020,Banakiya Kalan,812609,126
812609030,Bhatton Ka Bamniya,812609,126
812609040,Chakura,812609,126
812609050,Chhapari,812609,126
812609060,Dama Khera,812609,126
812609070,Dhamana,812609,126
812609080,Dowani,812609,126
812609090,Hathiyana,812609,126
812609100,Hingoriya,812609,126
812609110,Kana  Khera,812609,126
812609120,Kanrookara,812609,126
812609130,Karjali,812609,126
812609140,Langach,812609,126
812609150,Mugana,812609,126
812609160,Nimbahera,812609,126
812609170,Pandoli,812609,126
812609180,Roliya,812609,126
812609190,Roopa Kheri,812609,126
812609200,Singhpur,812609,126
812609210,Surpur,812609,126
812609220,Turkiya Khurd,812609,126
812609230,Uchnar Khurd,812609,126
812609240,Umand,812609,126
812610951,Municipal - Ishaqpura (M),812610,126
812610952,Municipal - Kasod (M),812610,126
812610953,Municipal - Nimbahera (M),812610,126
812610010,Arniya Joshi,812610,126
812610020,Arnoda,812610,126
812610030,Badoli Madhosingh,812610,126
812610040,Bangera Ghata,812610,126
812610050,Bangrera,812610,126
812610060,Barawali,812610,126
812610070,Bari,812610,126
812610080,Baroli Ghata,812610,126
812610090,Bhagwanpura,812610,126
812610100,Bhawaliya,812610,126
812610110,Binota,812610,126
812610120,Dala @ Kishanpura,812610,126
812610130,Dhoriya,812610,126
812610140,Gadola,812610,126
812610150,Guda Khera,812610,126
812610160,Jaliya,812610,126
812610170,Jawada,812610,126
812610180,Kanera,812610,126
812610190,Karoonda,812610,126
812610200,Keli,812610,126
812610210,Kotri Kalan,812610,126
812610220,Lasrawan,812610,126
812610230,Mailana,812610,126
812610240,Mandla Charan,812610,126
812610250,Mangrol,812610,126
812610260,Marjeevi,812610,126
812610270,Mindana,812610,126
812610280,Nimboda,812610,126
812610290,Phachar Aheeran,812610,126
812610300,Phalwa,812610,126
812610310,Rani Khera,812610,126
812610320,Sarsi,812610,126
812610330,Satkhanda,812610,126
812610340,Tai,812610,126
812610350,Ukhaliya,812610,126
812611010,Adana,812611,126
812611020,Arni,812611,126
812611030,Baroo,812611,126
812611040,Bawlas,812611,126
812611050,Bhalotan Ki Kheri,812611,126
812611060,Bheemgarh,812611,126
812611070,Dindoli,812611,126
812611080,Harnathpura,812611,126
812611090,Jadana,812611,126
812611100,Lasadiya Kalan,812611,126
812611110,Marmi,812611,126
812611120,Newariya,812611,126
812611130,Pahoona,812611,126
812611140,Pavli,812611,126
812611150,Rashmi,812611,126
812611160,Rewara,812611,126
812611170,Rood,812611,126
812611180,Sankhli,812611,126
812611190,Sihana,812611,126
812611200,Somarwalon Ka Khera,812611,126
812611210,Somi,812611,126
812611220,Uncha,812611,126
812611230,Upreda,812611,126
812401010,Amartiya,812401,124
812401020,Aspur,812401,124
812401030,Bankora,812401,124
812401040,Baroda,812401,124
812401050,Bhewri,812401,124
812401060,Dewlan,812401,124
812401070,Galiyana,812401,124
812401080,Ganeshpur,812401,124
812401090,Gol,812401,124
812401100,Indaura,812401,124
812401110,Kanthri,812401,124
812401120,Katisor,812401,124
812401130,Khaleel,812401,124
812401140,Khera Aspur,812401,124
812401150,Khudarda,812401,124
812401160,Leelwasa,812401,124
812401170,Mowai,812401,124
812401180,Nandli Sagora,812401,124
812401190,Nepalpura,812401,124
812401200,Parda Intiwar,812401,124
812401210,Parda Thoor,812401,124
812401220,Punjpur,812401,124
812401230,Raiki,812401,124
812401240,Ramgarh,812401,124
812401250,Sakani,812401,124
812401260,Tonkwasa,812401,124
812402038,Forest,812402,124
812402010,Amjhhara,812402,124
812402020,Asiya Bao,812402,124
812402030,Balwara,812402,124
812402040,Barothi,812402,124
812402050,Batka Phala,812402,124
812402060,Bhehana,812402,124
812402070,Bichhiwara,812402,124
812402080,Bilpan,812402,124
812402090,Bokhla,812402,124
812402100,Bori,812402,124
812402110,Chak Mahuri,812402,124
812402120,Chhapi,812402,124
812402130,Chundawara,812402,124
812402140,Dewalkhas,812402,124
812402150,Dhamlat Falan,812402,124
812402160,Dhamod,812402,124
812402170,Galandar,812402,124
812402180,Gamri Ahara,812402,124
812402190,Gamri Dewal,812402,124
812402200,Ger,812402,124
812402210,Ghooghra,812402,124
812402220,Gumanpura,812402,124
812402230,Jelana,812402,124
812402240,Jhaloo Kua,812402,124
812402250,Jheejhwa,812402,124
812402260,Kankra Dara,812402,124
812402270,Kanwa,812402,124
812402280,Karauli,812402,124
812402290,Khajoori,812402,124
812402300,Kunwaliya Dara,812402,124
812402310,Lamba Bhatra,812402,124
812402320,Mahipal Pura,812402,124
812402330,Malmatha,812402,124
812402340,Mara,812402,124
812402350,Mewara,812402,124
812402360,Modar,812402,124
812402370,Nawal Shyam,812402,124
812402380,Ora Bara,812402,124
812402390,Paldewal,812402,124
812402400,Palgamri,812402,124
812402410,Palpadar,812402,124
812402420,Palwara,812402,124
812402430,Panch Mahudi,812402,124
812402440,Rampur Mewada,812402,124
812402450,Rohan Wara,812402,124
812402460,Sabli,812402,124
812402470,Sanchiya,812402,124
812402480,Sati Rampur,812402,124
812402490,Sharam,812402,124
812402500,Shishod,812402,124
812402510,Sundarpur,812402,124
812402520,Surpur,812402,124
812402530,Talaiyan,812402,124
812402540,Thana,812402,124
812402550,Vagdari,812402,124
812402560,Veerpur,812402,124
812403010,Ambara,812403,124
812403020,Baori,812403,124
812403030,Bargama,812403,124
812403040,Cheekhli,812403,124
812403050,Dariyati,812403,124
812403060,Dhangaon,812403,124
812403070,Dhoondi,812403,124
812403080,Doongar,812403,124
812403090,Doongar Saran,812403,124
812403100,Gundlara,812403,124
812403110,Jorawar Pura,812403,124
812403120,Kochri,812403,124
812403130,Kuan,812403,124
812403140,Likhtiya Panch Kundi,812403,124
812403150,Mala Kholra,812403,124
812403160,Nai Basti Baragama,812403,124
812403170,Parda Dariyati,812403,124
812403180,Punawara,812403,124
812403190,Rathri,812403,124
812403200,Sakodra,812403,124
812403210,Salera,812403,124
812403220,Sendola,812403,124
812403230,Shishot,812403,124
812403240,Udariya,812403,124
812404010,Antri,812404,124
812404020,Asela,812404,124
812404030,Balota,812404,124
812404040,Bassi,812404,124
812404050,Bhojaton Ka Ora,812404,124
812404060,Damri,812404,124
812404070,Dhawari,812404,124
812404080,Doja,812404,124
812404090,Dovra,812404,124
812404100,Faloj,812404,124
812404110,Hathai,812404,124
812404120,Heeratan,812404,124
812404130,Kanhari Chak -A,812404,124
812404140,Khempur,812404,124
812404150,Kol Khanda,812404,124
812404160,Lolakpura With Chak,812404,124
812404170,Mahdwa With Chak I & Ii,812404,124
812404180,Orwariya,812404,124
812404190,Pal Kol Khanda,812404,124
812404200,Palbassi,812404,124
812404210,Palmandav,812404,124
812404220,Punali,812404,124
812404230,Ragela,812404,124
812404240,Raghunath Pura,812404,124
812404250,Savgar,812404,124
812405144,Municipal - Dungarpur (M),812405,124
812405145,Municipal - Fatehpura (M),812405,124
812405146,Municipal - Navadhara (M),812405,124
812405147,Municipal - Patapur (M),812405,124
812405148,Municipal - Rajpur (M),812405,124
812405149,Municipal - Udaipura (M),812405,124
812405010,Beelri,812405,124
812405020,Bhatwara,812405,124
812405030,Garamoraiya,812405,124
812405040,Gokal Pura,812405,124
812405050,Khera Kachwasa,812405,124
812405060,Kherwara,812405,124
812405070,Kherwara Seedri,812405,124
812405080,Mathu Gamra,812405,124
812405090,Metali,812405,124
812405100,Pagara,812405,124
812405110,Palmathu Gamra,812405,124
812405120,Pipalada,812405,124
812405130,Upargaon,812405,124
812406010,Ambara,812406,124
812406020,Baba Ki Bar,812406,124
812406030,Bhaisra Chhota,812406,124
812406040,Bhemai,812406,124
812406050,Cheentri,812406,124
812406060,Daiyana,812406,124
812406070,Dibra Bara,812406,124
812406080,Dibrachhota,812406,124
812406090,Galiakot,812406,124
812406100,Gara Jasrajpur,812406,124
812406110,Gara Mertiya,812406,124
812406120,Gariyata,812406,124
812406130,Ghata Ka Gaon,812406,124
812406140,Jasela,812406,124
812406150,Jhonsawa,812406,124
812406160,Jogpur,812406,124
812406170,Kasariya,812406,124
812406180,Leemri,812406,124
812406190,Lembriya,812406,124
812406200,Nadiya,812406,124
812406210,Parda Mehta,812406,124
812406220,Ramsor,812406,124
812406230,Ratriya,812406,124
812406240,Semaliyaghata,812406,124
812406250,Siloi,812406,124
812407010,Bedsa,812407,124
812407020,Bera,812407,124
812407030,Bheenda,812407,124
812407040,Charwara,812407,124
812407050,Gandwa,812407,124
812407060,Genji,812407,124
812407070,Gorada,812407,124
812407080,Jhonthri,812407,124
812407090,Kara Wara,812407,124
812407100,Mal,812407,124
812407110,Mandela Upli,812407,124
812407120,Nagariya Panchela,812407,124
812407130,Negala,812407,124
812407140,Oontiya,812407,124
812407150,Padli Gujareshwar,812407,124
812407160,Pal Mahuri,812407,124
812407170,Pohri Khaturat,812407,124
812407180,Pohri Patelan,812407,124
812407190,Renta,812407,124
812407200,Sansar Pura,812407,124
812407210,Surata,812407,124
812407220,Vaniya Talab,812407,124
812407230,Venja,812407,124
812407240,Vikas Nagar,812407,124
812408010,Bhaikhred,812408,124
812408020,Bharga,812408,124
812408030,Borigama Bara,812408,124
812408040,Borigama Chhota,812408,124
812408050,Bosi,812408,124
812408060,Dolpura,812408,124
812408070,Gamri,812408,124
812408080,Kabja,812408,124
812408090,Khanan,812408,124
812408100,Lembata,812408,124
812408110,Lorawal,812408,124
812408120,Mal,812408,124
812408130,Munger,812408,124
812408140,Myala,812408,124
812408150,Nandli Ahara,812408,124
812408160,Nithauwa,812408,124
812408170,Pachlasa Bara,812408,124
812408180,Pachlasa Chhota,812408,124
812408190,Pal Nithauwa,812408,124
812408200,Pindawal,812408,124
812408210,Reenchha,812408,124
812408220,Sabla,812408,124
812408230,Sagot,812408,124
812408240,Solanj,812408,124
812408250,Talora,812408,124
812408260,Valai,812408,124
812409238,Forest,812409,124
812409239,Municipal - Sagwara (M) Ward No.-0012,812409,124
812409010,Ara,812409,124
812409020,Barboodaniya,812409,124
812409030,Ben,812409,124
812409040,Bhasor,812409,124
812409050,Bheeloora,812409,124
812409060,Buchiya Bara,812409,124
812409070,Dencha,812409,124
812409080,Falater,812409,124
812409090,Gamrabamniya,812409,124
812409100,Gamri Devki,812409,124
812409110,Garajhoomji,812409,124
812409120,Ghotad,812409,124
812409130,Gowari,812409,124
812409140,Jethana,812409,124
812409150,Kahela,812409,124
812409160,Karada,812409,124
812409170,Kariyana,812409,124
812409180,Khargada,812409,124
812409190,Kokapur,812409,124
812409200,Mandav,812409,124
812409210,Nandor,812409,124
812409220,Obri,812409,124
812409230,Odd,812409,124
812409240,Padardi Bari,812409,124
812409250,Padra,812409,124
812409260,Parda Saroda,812409,124
812409270,Parwa,812409,124
812409280,Pipla Gunj,812409,124
812409290,Ranoli,812409,124
812409300,Samaliya,812409,124
812409310,Saroda,812409,124
812409320,Selota,812409,124
812409330,Semaliya Pandya,812409,124
812409340,Tamtiya,812409,124
812409350,Thakarda,812409,124
812409360,Vageri,812409,124
812409370,Vanori,812409,124
812409380,Varda,812409,124
812409390,Varsinghpur,812409,124
812409400,Virat,812409,124
812410999,Forest,812410,124
812410010,Bankra,812410,124
812410020,Bansiya,812410,124
812410030,Bhachariya,812410,124
812410040,Bhadar,812410,124
812410050,Bormali,812410,124
812410060,Charoli,812410,124
812410070,Dhambola,812410,124
812410080,Dhodhra,812410,124
812410090,Dooka,812410,124
812410100,Gara Patte Peeth,812410,124
812410110,Gara Vateshwar,812410,124
812410120,Ghuved,812410,124
812410130,Jhalai,812410,124
812410140,Jhalap,812410,124
812410150,Jharni,812410,124
812410160,Kanba,812410,124
812410170,Kesharpura,812410,124
812410180,Kharpeda,812410,124
812410190,Leekhi Bari,812410,124
812410200,Mandli,812410,124
812410210,Mewra,812410,124
812410220,Peeth,812410,124
812410230,Ramsor Joona,812410,124
812410240,Rasta,812410,124
812410250,Ratanpura,812410,124
812410260,Sadariya,812410,124
812410270,Sakarsi,812410,124
812410280,Sarthoona,812410,124
812410290,Seemalwara,812410,124
812410300,Seethal,812410,124
813101010,Achlawada,813101,131
813101020,Achnara,813101,131
813101030,Ambeerama,813101,131
813101040,Arnod,813101,131
813101050,Bari Sakhthali,813101,131
813101060,Bedma,813101,131
813101070,Bhachundla,813101,131
813101080,Bhat Bhamriya,813101,131
813101090,Bordiya,813101,131
813101100,Chakoonda,813101,131
813101110,Choopna,813101,131
813101120,Dalot,813101,131
813101130,Fatehgarh,813101,131
813101140,Heenglat,813101,131
813101150,Jajali,813101,131
813101160,Kangarh,813101,131
813101170,Kotri,813101,131
813101180,Lalgarh,813101,131
813101190,Moheda,813101,131
813101200,Mowai,813101,131
813101210,Neenor,813101,131
813101220,Nogawan,813101,131
813101230,Raipur,813101,131
813101240,Raipur Jangal,813101,131
813101250,Sakhthali Khurd,813101,131
813101260,Salamgarh,813101,131
813101270,Sewana,813101,131
813101280,Uthel,813101,131
813101290,Veerawali,813101,131
813102340,Municipal - Chhoti Sadri (M),813102,131
813102010,Ambawali,813102,131
813102020,Bambori,813102,131
813102030,Basera,813102,131
813102040,Chandoli,813102,131
813102050,Dhaula Pani,813102,131
813102060,Gagrol,813102,131
813102070,Ganeshpura,813102,131
813102080,Gomana,813102,131
813102090,Jaloda Jageer,813102,131
813102100,Jalodiya Kelookhera,813102,131
813102110,Kalakot,813102,131
813102120,Karjoo,813102,131
813102130,Karunda,813102,131
813102140,Kesunda,813102,131
813102150,Manpura Jageer,813102,131
813102160,Narani,813102,131
813102170,Peeli Khera,813102,131
813102180,Peethalwari Kalan,813102,131
813102190,Rambhawali,813102,131
813102200,Satola,813102,131
813102210,Semarthali,813102,131
813102220,Siyakheri,813102,131
813102230,Soobi,813102,131
813102240,Swaroopganj,813102,131
813103010,Aad,813103,131
813103020,Ant,813103,131
813103030,Bajpura,813103,131
813103040,Bhandla,813103,131
813103050,Bharkhundi,813103,131
813103060,Bhojpur,813103,131
813103070,Bildiya,813103,131
813103080,Chari,813103,131
813103090,Charniya,813103,131
813103100,Charpotiya,813103,131
813103110,Chitoriya,813103,131
813103120,Dataliya,813103,131
813103130,Deola,813103,131
813103140,Dhariawad (C.T.),813103,131
813103150,Gadriya Was,813103,131
813103160,Gadwas,813103,131
813103170,Gopal Pura,813103,131
813103180,Gothra,813103,131
813103190,Hajari Gurha,813103,131
813103200,Jawahar Nagar,813103,131
813103210,Jhadoli,813103,131
813103220,Keshariyawad,813103,131
813103230,Khoonta,813103,131
813103240,Lodi Mandvi,813103,131
813103250,Lodiya,813103,131
813103260,Lohagarh,813103,131
813103270,Mandvi,813103,131
813103280,Manpur,813103,131
813103290,Mugana,813103,131
813103300,Nalwa,813103,131
813103310,Nar,813103,131
813103320,Naya Boriya,813103,131
813103330,Pahara,813103,131
813103340,Parel,813103,131
813103350,Parsola,813103,131
813103360,Peepliya,813103,131
813103370,Shakarkand,813103,131
813103380,Sihar,813103,131
813104010,Bakhtor,813104,131
813104020,Bori,813104,131
813104030,Bori-1,813104,131
813104040,Chhari,813104,131
813104050,Dunglawani,813104,131
813104060,Ghantali,813104,131
813104070,Jamli,813104,131
813104080,Jethliya,813104,131
813104090,Kachotiya,813104,131
813104100,Kali Ghati,813104,131
813104110,Kela Mela,813104,131
813104120,Kerwas,813104,131
813104130,Kesharpura,813104,131
813104140,Kupda,813104,131
813104150,Morwaniya,813104,131
813104160,Mota Dhamaniya,813104,131
813104170,Moti Kheri,813104,131
813104180,Nalpara,813104,131
813104190,Nayan,813104,131
813104200,Pandawa,813104,131
813104210,Parthipura,813104,131
813104220,Peepal Khoont,813104,131
813104230,Rampuriya,813104,131
813104240,Ratanpuriya,813104,131
813105110,Bori,813105,131
813105120,Chiklad,813105,131
813105130,Dabra,813105,131
813105140,Deopura,813105,131
813105150,Devgarh,813105,131
813105160,Dhamotar,813105,131
813105170,Gadola,813105,131
813105180,Gandher,813105,131
813105190,Ghotarsi,813105,131
813105200,Gyaspur,813105,131
813105210,Jhasri,813105,131
813105220,Jolar,813105,131
813105230,Kalyanpura,813105,131
813105240,Kerwas,813105,131
813105250,Kherot,813105,131
813105260,Khoriya,813105,131
813105270,Kulmipura,813105,131
813105280,Kulthana,813105,131
813105290,Kuni,813105,131
813105300,Luhariya,813105,131
813105310,Madhura Talab,813105,131
813105320,Manohar Garh,813105,131
813105330,Meriya Kheri,813105,131
813105340,Nakor,813105,131
813105350,Narayan Khera,813105,131
813105360,Pal,813105,131
813105370,Panmodi,813105,131
813105380,Peeloo,813105,131
813105390,Rathajana,813105,131
813105400,Saree Peepli,813105,131
813105410,Sidhpura,813105,131
813105420,Thara,813105,131
813105430,Varmandal,813105,131
812301482,Municipal - Amet (M),812301,123
812301010,Agariya,812301,123
812301020,Aidana,812301,123
812301030,Beekawas,812301,123
812301040,Dowada,812301,123
812301050,Galwa,812301,123
812301060,Ghosundi,812301,123
812301070,Gowal,812301,123
812301080,Jeelola,812301,123
812301090,Jetpura,812301,123
812301100,Jhor,812301,123
812301110,Khakhar Mala,812301,123
812301120,Liki,812301,123
812301130,Lodhiyana,812301,123
812301140,Olano Ka Khera,812301,123
812301150,Panotiya,812301,123
812301160,Rachheti,812301,123
812301170,Sakarda,812301,123
812301180,Sardargarh,812301,123
812301190,Sela Gurha,812301,123
812301200,Siyana,812301,123
812302010,Ajeetgarh,812302,123
812302020,Baggar,812302,123
812302030,Baghna,812302,123
812302040,Bali,812302,123
812302050,Bar,812302,123
812302060,Barar,812302,123
812302070,Barjal,812302,123
812302080,Bhim,812302,123
812302090,Biliyawas,812302,123
812302100,Borwa,812302,123
812302110,Chhapli,812302,123
812302120,Dawer,812302,123
812302130,Doongaji Ka Gaon,812302,123
812302140,Doongarkhera,812302,123
812302150,Kachhbali,812302,123
812302160,Kala Guman,812302,123
812302170,Kaladeh,812302,123
812302180,Kheema Khera,812302,123
812302190,Kookar Khera,812302,123
812302200,Kookra,812302,123
812302210,Kushalpura,812302,123
812302220,Laget Khera,812302,123
812302230,Lakha Gurha,812302,123
812302240,Lasariya,812302,123
812302250,Mandawar,812302,123
812302260,Peepali Nagar,812302,123
812302270,Sameliya,812302,123
812302280,Saroth,812302,123
812302290,Shekhawas,812302,123
812302300,Thaneta,812302,123
812302310,Theekarwas Kalan,812302,123
812302320,Togi,812302,123
812303535,Municipal - Charniya (M),812303,123
812303536,Municipal - Deogarh (M),812303,123
812303537,Municipal - Kamli (M),812303,123
812303010,Anjna,812303,123
812303020,Daulpura,812303,123
812303030,Isarmand,812303,123
812303040,Jeeran,812303,123
812303050,Kakrod,812303,123
812303060,Kalesariya,812303,123
812303070,Kuanthal,812303,123
812303080,Kundwa,812303,123
812303090,Lasani,812303,123
812303100,Mad,812303,123
812303110,Madariya,812303,123
812303120,Miyala,812303,123
812303130,Narana,812303,123
812303140,Nardas Ka Gurha,812303,123
812303150,Pardi,812303,123
812303160,Sangawas,812303,123
812303170,Swadari(A),812303,123
812303180,Tal,812303,123
812303190,Vijaipura,812303,123
812304557,Municipal - Bhalawato Ka Khera (M),812304,123
812304558,Municipal - Nathdwara (M),812304,123
812304559,Municipal - Nathu Was (M),812304,123
812304010,Bagol,812304,123
812304020,Baman Hera,812304,123
812304030,Bara Bhanuja,812304,123
812304040,Bhainsa Kamed,812304,123
812304050,Bijnol,812304,123
812304060,Bilota,812304,123
812304070,Delwara,812304,123
812304080,Dhanyla,812304,123
812304090,Fatehpur,812304,123
812304100,Gaon Gurha,812304,123
812304110,Ghodach,812304,123
812304120,Gunjol,812304,123
812304130,Jhalon Ki Madar,812304,123
812304140,Kaliwas,812304,123
812304150,Karoli,812304,123
812304160,Kesooli,812304,123
812304170,Khamnor,812304,123
812304180,Koshiwara,812304,123
812304190,Kothariya,812304,123
812304200,Kunthwa,812304,123
812304210,Lal Madri,812304,123
812304220,Machind,812304,123
812304230,Mandiyana,812304,123
812304240,Molela,812304,123
812304250,Namana,812304,123
812304260,Nedach,812304,123
812304270,Negdiya,812304,123
812304280,Pakhand,812304,123
812304290,Sagroon,812304,123
812304300,Saloda,812304,123
812304310,Salor,812304,123
812304320,Sayon Ka Khera,812304,123
812304330,Sema,812304,123
812304340,Semal,812304,123
812304350,Shishoda,812304,123
812304360,Shishvi,812304,123
812304370,Tatol,812304,123
812304380,Untharda,812304,123
812304390,Unwas,812304,123
812304400,Upli Odan,812304,123
812304410,Uthnol,812304,123
812305010,Antaliya,812305,123
812305020,Antri,812305,123
812305030,Banokra,812305,123
812305040,Bardara,812305,123
812305050,Bargaon,812305,123
812305060,Dhaneen,812305,123
812305070,Gajpur,812305,123
812305080,Garhbor,812305,123
812305090,Gawar,812305,123
812305100,Janawad,812305,123
812305110,Jheel Wara,812305,123
812305120,Kakarwa,812305,123
812305130,Kaleenjar,812305,123
812305140,Kanooja,812305,123
812305150,Kariya,812305,123
812305160,Kelwara,812305,123
812305170,Kharnota,812305,123
812305180,Koyal,812305,123
812305190,Kucholi,812305,123
812305200,Lambori,812305,123
812305210,Majhera,812305,123
812305220,Manawation Ka Gurha,812305,123
812305230,Morcha,812305,123
812305240,Oladar,812305,123
812305250,Ora,812305,123
812305260,Peepana,812305,123
812305270,Peepla,812305,123
812305280,Reechher,812305,123
812305290,Sameecha,812305,123
812305300,Sathiya,812305,123
812305310,Sewantri,812305,123
812305320,Soonkhar,812305,123
812305330,Tadawara Gujran,812305,123
812305340,Taladari,812305,123
812305350,Thurawar,812305,123
812305360,Umarwas,812305,123
812305370,Usar,812305,123
812306010,Anoppura,812306,123
812306020,Bamniya Kalan,812306,123
812306030,Banediya,812306,123
812306040,Charana,812306,123
812306050,Chokri,812306,123
812306060,Dhaneriya,812306,123
812306070,Gawaradi,812306,123
812306080,Gilund,812306,123
812306090,Gogathala,812306,123
812306100,Jawasya,812306,123
812306110,Jeetawas,812306,123
812306120,Joonda,812306,123
812306130,Kabra,812306,123
812306140,Khar Bamaniya,812306,123
812306150,Kotrii,812306,123
812306160,Kundiya,812306,123
812306170,Kuraj,812306,123
812306180,Lapsya Khera,812306,123
812306190,Mahenduriya,812306,123
812306200,Ora,812306,123
812306210,Pachhmata,812306,123
812306220,Panotiya,812306,123
812306230,Peepali Aheeran,812306,123
812306240,Peepali Dodiyan,812306,123
812306250,Railmagra,812306,123
812306260,Rajpura,812306,123
812306270,Sadri,812306,123
812306280,Sakarawas,812306,123
812306290,Sansera,812306,123
812306300,Sindesar Kalan,812306,123
812307668,Municipal - Aasotiya (M),812307,123
812307669,Municipal - Dhoienda (M),812307,123
812307670,Municipal - Gudli (M),812307,123
812307671,Municipal - Hawala (M),812307,123
812307672,Municipal - Jawad (M),812307,123
812307673,Municipal - Kankroli (M),812307,123
812307674,Municipal - Kishore Nagar (M),812307,123
812307675,Municipal - Rajsamand (M) Ward No.-0005,812307,123
812307676,Municipal - Sanwara (M),812307,123
812307677,Municipal - Sewali (M),812307,123
812307010,Atma,812307,123
812307020,Bamantukra,812307,123
812307030,Bararda,812307,123
812307040,Bhana,812307,123
812307050,Bhatoli,812307,123
812307060,Bhawa,812307,123
812307070,Binol,812307,123
812307080,Boraj,812307,123
812307090,Dhanyala,812307,123
812307100,Emri,812307,123
812307110,Kelwa,812307,123
812307120,Khatamla,812307,123
812307130,Kunwariya,812307,123
812307140,Mahasatiyon Ki Madri,812307,123
812307150,Mohi,812307,123
812307160,Mundol,812307,123
812307170,Parasli,812307,123
812307180,Pasoond,812307,123
812307190,Peepalantri,812307,123
812307200,Peeparda,812307,123
812307210,Peepli Acharyan,812307,123
812307220,Pharara,812307,123
812307230,Phiyabari,812307,123
812307240,Piplantri,812307,123
812307250,Rajyawas,812307,123
812307260,Sahgath Kalan,812307,123
812307270,Sakroda,812307,123
812307280,Sundarcha,812307,123
812307290,Tasol,812307,123
812307300,Vanai,812307,123
813001010,Amberi,813001,130
813001020,Barda,813001,130
813001030,Bargaon (Rural) (Ct),813001,130
813001040,Bari,813001,130
813001050,Bedla (Ct),813001,130
813001060,Bhootala,813001,130
813001070,Bhuwana (Ct) Ward No.-0001,813001,130
813001080,Cheerwa,813001,130
813001090,Dhar,813001,130
813001100,Dheekli,813001,130
813001110,Iswal,813001,130
813001120,Kadiya,813001,130
813001130,Kadmal,813001,130
813001140,Kailashpuri,813001,130
813001150,Kathar,813001,130
813001160,Kavita,813001,130
813001170,Lakhawali,813001,130
813001180,Losing,813001,130
813001190,Loyra,813001,130
813001200,Madar,813001,130
813001210,Rama,813001,130
813002160,Dhamaniya,813002,130
813002170,Dharta,813002,130
813002180,Dhawa,813002,130
813002190,Dhawariya,813002,130
813002200,Goonpari,813002,130
813002210,Gotipa,813002,130
813002220,Heenta,813002,130
813002230,Karanpur,813002,130
813002240,Kedariya,813002,130
813002250,Keekawas,813002,130
813002260,Kharsan,813002,130
813002270,Kheroda,813002,130
813002280,Kundai,813002,130
813002290,Kuntwas,813002,130
813002300,Loonanda,813002,130
813002310,Maharaj Ki Kheri,813002,130
813002320,Majawara,813002,130
813002330,Malki Toos,813002,130
813002340,Menar,813002,130
813002350,Modi,813002,130
813002360,Motida,813002,130
813002370,Nandwel,813002,130
813002380,Nawaniya,813002,130
813002390,Panoond,813002,130
813002400,Peethal Pura,813002,130
813002410,Rundera,813002,130
813002420,Salera,813002,130
813002430,Sarangpura (Bhinder),813002,130
813002440,Sarangpura (Kanor),813002,130
813002450,Sawna,813002,130
813002460,Sinhar,813002,130
813002470,Tarawat,813002,130
813002480,Tus Dangiyan,813002,130
813002490,Vallabh Nagar,813002,130
813002500,Vana,813002,130
813002510,Vaniya Talai,813002,130
813002520,Warni,813002,130
813003790,Municipal - Ayad (Rural),813003,130
813003791,Municipal - Gadariyawas,813003,130
813003792,Municipal - Govardhan Villas,813003,130
813003793,Municipal - Madri Paneriyan,813003,130
813003794,Municipal - Madri Purohitan,813003,130
813003795,Municipal - Parda,813003,130
813003796,Municipal - Pulan,813003,130
813003797,Municipal - Savina,813003,130
813003798,Municipal - Sundarwas,813003,130
813003799,Municipal - Udaipur (M),813003,130
813003010,Alsigarh,813003,130
813003270,Pai,813003,130
813003280,Popalti,813003,130
813003290,Saroo,813003,130
813003300,Saroopal,813003,130
813003310,Saweena Khera (Rural),813003,130
813003320,Seesaram (Rural),813003,130
813003330,Teeri,813003,130
813003340,Teetardi,813003,130
813003350,Umarda,813003,130
813003360,Undari Kalan,813003,130
813004010,Ambawa,813004,130
813004020,Bagdunda,813004,130
813004030,Chatiya Kheri,813004,130
813004040,Chhali,813004,130
813004050,Chor Baori,813004,130
813004060,Dadiya,813004,130
813004070,Gogunda,813004,130
813004080,Jaswant Garh,813004,130
813004090,Jhadoli,813004,130
813004100,Kachhwa,813004,130
813004110,Mada,813004,130
813004120,Madra,813004,130
813004130,Majawad,813004,130
813004140,Majawari,813004,130
813004150,Mori,813004,130
813004160,Morwal,813004,130
813004170,Nal,813004,130
813004180,Obra Kalan,813004,130
813004190,Padawali Kalan,813004,130
813004200,Parawali Khurd,813004,130
813004210,Patiyan,813004,130
813004220,Rawaliya Kalan,813004,130
813004230,Rawliya Khurd,813004,130
813004240,Sameeja,813004,130
813004250,Veerpura,813004,130
813004260,Was,813004,130
813005010,Atatiya,813005,130
813005020,Badrana,813005,130
813005030,Bagpura,813005,130
813005040,Brahmanon Ka Kherwara,813005,130
813005050,Chandwas,813005,130
813005060,Damana (Magwas),813005,130
813005070,Dewas,813005,130
813005080,Gejvi,813005,130
813005090,Godana,813005,130
813005100,Gogla,813005,130
813005110,Goran,813005,130
813005120,Gorana,813005,130
813006060,Deo-Gaon,813006,130
813006070,Dholagir Khera,813006,130
813006080,Ghater,813006,130
813006090,Jetana,813006,130
813006100,Jhalara,813006,130
813006110,Jodhpur-Khurd,813006,130
813006120,Kalyan-Kalan,813006,130
813006130,Kara-Kalan,813006,130
813006140,Kholri,813006,130
813006150,Malpur,813006,130
813006160,Mandli,813006,130
813006170,Manpur (A),813006,130
813006180,Matasula,813006,130
813006190,Morila,813006,130
813006200,Payra,813006,130
813006210,Shesh-Pur,813006,130
813006220,Virwa-Kalan,813006,130
813007010,Asariwara,813007,130
813007020,Badla,813007,130
813007030,Baleecha,813007,130
813007040,Banjariya,813007,130
813007050,Baroti Bheelan,813007,130
813007060,Baroti Brahamanan,813007,130
813007070,Bayri,813007,130
813007080,Bhanda,813007,130
813007090,Bhomatawara,813007,130
813007100,Chhani,813007,130
813007110,Dabaycha,813007,130
813007120,Deri,813007,130
813007130,Dheekwas,813007,130
813007140,Gurha,813007,130
813007150,Harsawara,813007,130
813007160,Jawas,813007,130
813007170,Jayra,813007,130
813007180,Jhunthri,813007,130
813007190,Kanbai,813007,130
813007200,Kanpur,813007,130
813007210,Karawara,813007,130
813007220,Karchha Kalan,813007,130
813007230,Karnauwa,813007,130
813007240,Katar,813007,130
813007250,Katarwas Kalan,813007,130
813007260,Khandiovri,813007,130
813007270,Khanmeen,813007,130
813007280,Kheraghati,813007,130
813007290,Kherwara Chawani (C.T.),813007,130
813007300,Larathi,813007,130
813007310,Mahuwal (B),813007,130
813007320,Maliphala,813007,130
813007330,Nawaghara,813007,130
813007340,Nayagaon,813007,130
813007350,Pahara,813007,130
813007360,Patiya,813007,130
813007370,Pograkalan,813007,130
813007380,Rajol,813007,130
813007390,Sarera,813007,130
813007400,Saroli,813007,130
813007410,Suberi,813007,130
813007420,Sukhlal,813007,130
813007430,Sulai,813007,130
813007440,Sundara,813007,130
813007450,Thana,813007,130
813008010,Bakhel,813008,130
813008020,Barli,813008,130
813008030,Bekariya,813008,130
813008040,Bera Dhar,813008,130
813008050,Bikarni,813008,130
813008060,Budhiya,813008,130
813008070,Dang,813008,130
813008080,Dhadhamta,813008,130
813008090,Dhedmariya,813008,130
813008100,Gogrood,813008,130
813008110,Gura,813008,130
813008120,Jher,813008,130
813008130,Jogiwar,813008,130
813008140,Joona Padar,813008,130
813008150,Jura,813008,130
813008160,Kaucha,813008,130
813008170,Khajooriya,813008,130
813008180,Kham,813008,130
813008190,Khankhariya,813008,130
813008200,Kookawas,813008,130
813008210,Kotra,813008,130
813008220,Kyari,813008,130
813008230,Lamba Haldoo,813008,130
813008240,Loharcha,813008,130
813008250,Mahad,813008,130
813008260,Mahari,813008,130
813008270,Malwa Ka Chora,813008,130
813008280,Mamer,813008,130
813008290,Mandwa,813008,130
813008300,Mandwal,813008,130
813008310,Meri,813008,130
813008320,Merpur,813008,130
813008330,Mewaron Ka Math,813008,130
813008340,Naya Was,813008,130
813008350,Nichli Subri,813008,130
813008360,Peepla,813008,130
813008370,Samoli,813008,130
813008380,Sara,813008,130
813008390,Sawan Ka Kyara,813008,130
813008400,Sulao,813008,130
813008410,Teja Ka Was,813008,130
813008420,Ukhaliyat,813008,130
813008430,Umariya,813008,130
813008440,Vagawat,813008,130
813009010,Ballabh,813009,130
813009020,Bambora,813009,130
813009030,Bemla,813009,130
813009040,Bhalon Ka Gurha,813009,130
813009050,Bhesra Kalan,813009,130
813009060,Bhesra Khurd,813009,130
813009070,Bichhri,813009,130
813009080,Bori,813009,130
813009090,Chansda,813009,130
813009100,Dantisar,813009,130
813009110,Gudli,813009,130
813009120,Jagat,813009,130
813009130,Jhamar Kotra,813009,130
813009140,Kot,813009,130
813009150,Kurawar,813009,130
813009160,Lalpura,813009,130
813009170,Parmada,813009,130
813009180,Pheela,813009,130
813009190,Sakroda,813009,130
813009200,Sheeshwi,813009,130
813009210,Soma Khra,813009,130
813009220,Sulawas,813009,130
813009230,Wali,813009,130
813009240,Zinc Smelter,813009,130
813010028,Forest,813010,130
813010010,Agar,813010,130
813010020,Ajni,813010,130
813010030,Arniya,813010,130
813010040,Baleecha,813010,130
813010050,Bharev,813010,130
813010060,Deoliya,813010,130
813010070,Dhamniya,813010,130
813010080,Dhawri,813010,130
813010090,Dheekiya,813010,130
813010100,Dholiya,813010,130
813010110,Kali Bheet,813010,130
813010120,Khajoori,813010,130
813010130,Kun,813010,130
813010140,Laku Ka Lewa,813010,130
813010150,Lasadiya,813010,130
813010160,Manpuriyon Ka Gurha,813010,130
813010170,Ovra,813010,130
813010180,Tatakiya,813010,130
813010190,Tekan,813010,130
813011048,Municipal - Basani Mafi (M),813011,130
813011049,Municipal - Fatehnagar (M),813011,130
813011999,Municipal - Sanwar (M),813011,130
813011010,Amli,813011,130
813011020,Bargaon,813011,130
813011030,Bariyar,813011,130
813011040,Basani Kalan,813011,130
813011050,Basliya,813011,130
813011060,Bhansol,813011,130
813011070,Bhimal,813011,130
813011080,Bijanwas,813011,130
813011090,Boyna,813011,130
813011100,Chandesara,813011,130
813011110,Changeri,813011,130
813011120,Dabok,813011,130
813011130,Dholi Magri,813011,130
813011140,Dhooni Mata,813011,130
813011150,Dhundiya,813011,130
813011160,Gadoli,813011,130
813011170,Ghasa,813011,130
813011180,Golwara,813011,130
813011190,Gurli,813011,130
813011200,Intali,813011,130
813011210,Jawar,813011,130
813011220,Jewana,813011,130
813011230,Khartana,813011,130
813011240,Khemli,813011,130
813011250,Khempur,813011,130
813011260,Ladani,813011,130
813011270,Lopda,813011,130
813011280,Mahura,813011,130
813011290,Mangthala,813011,130
813011300,Mavli,813011,130
813011310,Merta,813011,130
813011320,Morath,813011,130
813011330,Namri,813011,130
813011340,Nandwel,813011,130
813011350,Nauwa,813011,130
813011360,Noorda,813011,130
813011370,Palana Kalan,813011,130
813011380,Palana Khurd,813011,130
813011390,Phali Chara,813011,130
813011400,Rakhyawal,813011,130
813011410,Sakariya Kheri,813011,130
813011420,Salera Kalan,813011,130
813011430,Sangwa,813011,130
813011440,Sankroda,813011,130
813011450,Sindhu,813011,130
813011460,Thamla,813011,130
813011470,Tulsidas Ji Ki Sarai,813011,130
813011480,Veer Dholiya,813011,130
813011490,Warni,813011,130
813012010,Ajroli Khas,813012,130
813012020,Amaliya,813012,130
813012030,Ambasa,813012,130
813012040,Ambawi,813012,130
813012050,Amiwara,813012,130
813012060,Amod,813012,130
813012070,Bhesana,813012,130
813012080,Bichhawara,813012,130
813012090,Biroti,813012,130
813012100,Daiya,813012,130
813012110,Damana,813012,130
813012120,Dharawan,813012,130
813012130,Garanwas,813012,130
813012140,Jetawara,813012,130
813012150,Kawel,813012,130
813012160,Khardiya,813012,130
813012170,Khatikamdi,813012,130
813012180,Kolyari,813012,130
813012190,Madla,813012,130
813012200,Madri,813012,130
813012210,Newaj,813012,130
813012220,Nichli Sigari,813012,130
813012230,Panarwa,813012,130
813012240,Peepalbara,813012,130
813012250,Phalasiya,813012,130
813012260,Sara,813012,130
813012270,Saradeet,813012,130
813012280,Som,813012,130
813013010,Bawal Wara,813013,130
813013020,Beechhiwara,813013,130
813013030,Bhoodar,813013,130
813013040,Chikla,813013,130
813013050,Dhelana,813013,130
813013060,Gadawan Kakan,813013,130
813013070,Gadawat Gorimba,813013,130
813013080,Garnala Kotra,813013,130
813013090,Ghodi,813013,130
813013100,Jalpaka,813013,130
813013110,Kagddar Bhatiya,813013,130
813013120,Kalyanpur,813013,130
813013130,Kanuwara,813013,130
813013140,Kateo,813013,130
813013150,Keekawat,813013,130
813013160,Kojawara,813013,130
813013170,Mandwa Phala Kagdar,813013,130
813013180,Masaron Ki Ovri,813013,130
813013190,Nalapeepla,813013,130
813013200,Nichla Mandwa,813013,130
813013210,Paderi,813013,130
813013220,Pandiyawara,813013,130
813013230,Peepli (A),813013,130
813013240,Peepli (B),813013,130
813013250,Rishabhdev,813013,130
813013260,Sagwara,813013,130
813013270,Shyampura,813013,130
813013280,Somawat,813013,130
813014156,Municipal - Salumbar (M),813014,130
813014010,Adkaliya,813014,130
813014020,Bamaniya,813014,130
813014030,Barora,813014,130
813014040,Bassee Jhujhawat,813014,130
813014050,Bassee Samchot,813014,130
813014060,Berawal,813014,130
813014070,Chibora,813014,130
813014080,Dagar,813014,130
813014090,Dal,813014,130
813014100,Dharod,813014,130
813014110,Edana,813014,130
813014120,Gaonra-Pal,813014,130
813014130,Gingla,813014,130
813014140,Gurel,813014,130
813014150,Isarwas Digiyan,813014,130
813014160,Itali-Khera,813014,130
813014170,Kaduni,813014,130
813014180,Kalyan-Kalan,813014,130
813014190,Kant,813014,130
813014200,Karawali,813014,130
813014210,Kharka,813014,130
813014220,Kherad,813014,130
813014230,Lambi Doongri,813014,130
813014240,Makarsima,813014,130
813014250,Methuri,813014,130
813014260,Noli,813014,130
813014270,Orwadia,813014,130
813014280,Saradi,813014,130
813014290,Sati Ki Chori,813014,130
813014300,Seriya,813014,130
813014310,Thara,813014,130
813014320,Toda,813014,130
813014330,Utharda,813014,130
813015010,Adwas,813015,130
813015020,Amarpura,813015,130
813015030,Bhalariya (C.T.),813015,130
813015040,Chawand,813015,130
813015050,Delwas,813015,130
813015060,Deopura,813015,130
813015070,Gatoar,813015,130
813015080,Jawad,813015,130
813015090,Jhadol,813015,130
813015100,Kalat,813015,130
813015110,Katanwara,813015,130
813015120,Kejar,813015,130
813015130,Keora Kalan,813015,130
813015140,Kharbar Chak (A),813015,130
813015150,Kharbar Chak (B),813015,130
813015160,Naijhar,813015,130
813015170,Nal Alkar,813015,130
813015180,Nathara,813015,130
813015190,Newatalai (C.T.),813015,130
813015200,Nimboda,813015,130
813015210,Oda,813015,130
813015220,Padla,813015,130
813015230,Palodra,813015,130
813015240,Parsad,813015,130
813015250,Peeladar,813015,130
813015260,Sagatra,813015,130
813015270,Sarada,813015,130
813015280,Sarsiya,813015,130
813015290,Seengatwara,813015,130
813015300,Semal,813015,130
813015310,Sepur,813015,130
813015320,Shyampura Jhadol,813015,130
813015330,Thana,813015,130
813015340,Veerpura,813015,130
813016010,Bhanpura,813016,130
813016020,Bokhara,813016,130
813016030,Brahmanon Ka Kalwana,813016,130
813016040,Cheetarawas,813016,130
813016050,Dhol,813016,130
813016060,Dhoondhi,813016,130
813016070,Diyan,813016,130
813016080,Gundali,813016,130
813016090,Jemli,813016,130
813016100,Kamol,813016,130
813016110,Karda,813016,130
813016120,Karech,813016,130
813016130,Nandeshma,813016,130
813016140,Padrara,813016,130
813016150,Palasama,813016,130
813016160,Paner,813016,130
813016170,Punawali,813016,130
813016180,Rawachh,813016,130
813016190,Sayra,813016,130
813016200,Semar,813016,130
813016210,Singhara,813016,130
813016220,Suwawaton Ka Gurha,813016,130
813016230,Tarpal,813016,130
813016240,Teerol,813016,130
813016250,Vishma,813016,130
813017010,Badawali,813017,130
813017020,Balua,813017,130
813017030,Bana Kalan,813017,130
813017040,Bargaon,813017,130
813017050,Bhorai,813017,130
813017060,Chandora,813017,130
813017070,Dhan Ka Wara,813017,130
813017080,Ghorasar,813017,130
813017090,Intali,813017,130
813017100,Jambora,813017,130
813017110,Kali Ghati,813017,130
813017120,Kunda,813017,130
813017130,Kuradiya,813017,130
813017140,Mallara,813017,130
813017150,Nichala Fala Sadkari,813017,130
813017160,Pal Sarada,813017,130
813017170,Rathora,813017,130
813017180,Sallara,813017,130
813017190,Semari,813017,130
813017200,Shaktawaton Ka Gurha,813017,130
813017210,Shyampura Semari,813017,130
813017220,Soorkhand Khera,813017,130
813017230,Tokar,813017,130
813017240,Upla Fala Sadkari,813017,130
