id,location_list,image1_block_planation,number_of_plants,planta_name_text,status,created_at,updated_at,plantation_type_id,submitted_by_id,location_lat,location_long,goverment_departmet_id,land_ownership_id,plantationArea,block_code_id,dict_code_id,gp_code_id
47780,"29.187120,74.764641,29.187101,74.764663,29.187085,74.764665,29.187167,74.764671",images/blockplantation/6f394fba-5f68-4b2b-b9d8-6e74398ca844.jpg,200,Bael: 200,FALSE,2024-08-31 06:08:54.693523+05:30,2024-08-31 06:08:54.693548+05:30,2,75914,29.187144,74.7646267,2,4,1,810003,100,810003070
47781,"27.587336,77.150620,27.587336,77.150619,27.587335,77.150618,27.587335,77.150618,27.587335,77.150618",images/blockplantation/ea2a2b8e-9226-4f8c-b136-911863b74a52.jpg,250,"Karanj: 100, Lemon: 50, Moringa: 100",FALSE,2024-08-31 07:09:07.239413+05:30,2024-08-31 07:09:07.23944+05:30,1,75793,27.5874246,77.150618,2,7,2.2,810507,105,810507130
47782,"27.587372,77.150607,27.587372,77.150607,27.587372,77.150607,27.587372,77.150607",images/blockplantation/b17e308f-67f3-468f-8ac4-c3ccf12345c9.jpg,200,"Karanj: 150, Kikar: 20, Lemon: 30",FALSE,2024-08-31 07:11:39.829158+05:30,2024-08-31 07:11:39.829183+05:30,2,75793,27.5874235,77.1506232,2,7,1.1,810507,105,810507130
47783,"27.587329,77.150577,27.587332,77.150597,27.587329,77.150603,27.587328,77.150608",images/blockplantation/52172e86-21e8-4928-847c-2c6e9568000d.jpg,100,"Ardu: 50, Bahera: 50",FALSE,2024-08-31 07:15:21.121652+05:30,2024-08-31 07:15:21.121671+05:30,2,75793,27.5873334,77.1505734,2,7,0.42,810507,105,810507130
47784,"25.557337,74.925538,25.557372,74.925480,25.557371,74.925478,25.557368,74.925477",images/blockplantation/5aafcbdd-0e63-4232-8e10-6d59a2d88578.jpg,160,"Karanj: 15, Seesam: 10, Neem: 15, Jamun: 10, Kachnar: 10, Ber: 10, Gular: 50, Harsingar: 5, Amaltas: 10, Amla: 2, Babool: 10, Bargad: 2, Imli: 3, JUNGLE JALEBI: 5, Mango: 3",FALSE,2024-08-31 07:52:15.690448+05:30,2024-08-31 07:52:15.690468+05:30,2,74741,25.55737,74.9255632,2,7,0.11,0,0,0
47785,"29.215962,74.640922,29.215951,74.640842,29.215978,74.640688,29.215989,74.640532",images/blockplantation/eab5109d-886c-4af2-b314-7c4a59ad2be3.jpg,300,Neem: 300,FALSE,2024-08-31 08:11:59.943492+05:30,2024-08-31 08:11:59.943511+05:30,2,75911,29.2159371,74.6409672,2,7,1,810003,100,810003240
47786,"29.215930,74.640735,29.216218,74.640454,29.216344,74.640463,29.216436,74.640437",images/blockplantation/0ccd1b98-8a16-49f9-8949-a7151b18763c.jpg,150,Seesam: 150,FALSE,2024-08-31 08:15:51.952961+05:30,2024-08-31 08:15:51.952981+05:30,2,75911,29.2159577,74.6407011,2,7,1,810003,100,810003240
47787,"29.178623,74.749725,29.178669,74.749682,29.178751,74.749665,29.178821,74.749623,29.178947,74.749994",images/blockplantation/596e0e87-35a9-415f-8b18-be984796d036.jpg,473,Seesam: 473,FALSE,2024-08-31 08:25:17.67763+05:30,2024-08-31 08:25:17.677649+05:30,1,75587,29.1784924,74.7498346,2,12,1.2,810003,100,810003999
47788,"29.216338,74.640453,29.216428,74.640415,29.216529,74.640446,29.216530,74.640552",images/blockplantation/d458e1d7-bbbf-43e9-b679-d89d095d0651.jpg,100,Siris: 100,FALSE,2024-08-31 08:25:54.610676+05:30,2024-08-31 08:25:54.610696+05:30,2,75911,29.216032,74.6403716,2,7,1,810003,100,810003240
47789,"29.216611,74.640326,29.216522,74.640289,29.216334,74.640277,29.216237,74.640281",images/blockplantation/26d26e23-ea40-4dac-8876-f8a9d2498023.jpg,120,Amrood: 120,FALSE,2024-08-31 08:34:35.983679+05:30,2024-08-31 08:34:35.983706+05:30,2,75911,29.2158948,74.6408728,2,12,1,810003,100,810003240
47790,"29.273394,74.766891,29.273396,74.766894,29.273393,74.766896,29.273393,74.766895,29.273393,74.766895,29.273393,74.766895,29.273401,74.766899,29.273490,74.766880,29.273492,74.766877,29.273495,74.766875,29.273497,74.766875,29.273497,74.766875",images/blockplantation/b2582705-e2fa-440f-97a5-271978597b11.jpg,100,Seesam: 100,FALSE,2024-08-31 08:36:26.822613+05:30,2024-08-31 08:36:26.822632+05:30,1,28056,29.2734207,74.7671751,2,7,0.3,810003,100,810003370
47791,"29.273488,74.766770,29.273488,74.766770,29.273488,74.766770,29.273488,74.766770",images/blockplantation/03e9197f-8be6-4f27-bf4b-34241d43ff44.jpg,100,Seesam: 100,FALSE,2024-08-31 08:45:23.486769+05:30,2024-08-31 08:45:23.486789+05:30,1,28056,29.2733851,74.7671837,2,7,0.2,810003,100,810003370
47792,"29.273142,74.766190,29.273129,74.766188,29.273127,74.766188,29.273126,74.766188",images/blockplantation/e121273a-8ec9-47ee-bf0d-4196d39bb93d.jpg,150,Jamun: 150,FALSE,2024-08-31 08:51:41.438507+05:30,2024-08-31 08:51:41.438527+05:30,1,28056,29.2733857,74.766658,2,9,0.3,810003,100,810003370
47793,"29.272712,74.767337,29.272712,74.767337,29.272712,74.767337,29.272712,74.767337",images/blockplantation/c37b0199-b83b-4a5e-85e8-5b168c71cd54.jpg,200,Imli: 200,FALSE,2024-08-31 08:56:54.971296+05:30,2024-08-31 08:56:54.971315+05:30,1,28056,29.2727464,74.7672668,2,9,0.3,810003,100,810003370
47794,"25.741015,76.399358,25.735612,76.418887,25.741015,76.399358,25.741015,76.399358",images/blockplantation/83263019-832b-4b95-b4b9-841f218e7273.jpg,170,"Amla: 20, Amrood: 30, Ber: 50, Lemon: 40, Mango: 30",FALSE,2024-08-31 08:58:21.056525+05:30,2024-08-31 08:58:21.056544+05:30,1,18154,25.7410155,76.3993578,9,4,0.5,812701,127,812701250
47795,"29.274105,74.767322,29.274105,74.767322,29.274105,74.767322,29.274115,74.767297",images/blockplantation/3e106043-8b00-45b5-a66f-d1c470a26480.jpg,200,Gular: 200,FALSE,2024-08-31 09:14:07.539298+05:30,2024-08-31 09:14:07.539316+05:30,1,28056,29.2741133,74.767265,2,2,0.4,810003,100,810003370
47796,"29.274044,74.766897,29.273999,74.766817,29.273947,74.766787,29.274003,74.766633,29.274008,74.766619",images/blockplantation/d8f6830d-06d8-485f-8f7c-25c73180e372.jpg,100,Babool: 100,FALSE,2024-08-31 09:19:18.978001+05:30,2024-08-31 09:19:18.978019+05:30,1,28056,29.2740009,74.7669565,2,7,0.1,810003,100,810003370
47797,"26.797476,72.792707,26.797448,72.792667,26.797413,72.792629,26.797398,72.792582,26.797350,72.792501,26.797321,72.792455,26.797329,72.792411,26.797315,72.792367,26.797297,72.792331,26.797342,72.792312,26.797361,72.792364,26.797380,72.792406,26.797399,72.792440,26.797419,72.792472,26.797447,72.792520,26.797462,72.792561,26.797482,72.792618,26.797494,72.792651,26.797517,72.792696,26.797520,72.792623,26.797492,72.792590,26.797475,72.792546,26.797455,72.792504,26.797436,72.792451,26.797411,72.792409,26.797390,72.792365,26.797377,72.792325,26.797363,72.792290,26.797475,72.792407,26.797499,72.792455,26.797525,72.792506,26.797542,72.792534,26.797557,72.792575,26.797591,72.792529,26.797652,72.792589,26.797616,72.792626,26.797615,72.792675,26.797634,72.792724,26.797665,72.792719,26.797660,72.792660,26.797816,72.792507,26.797833,72.792516,26.797859,72.792507,26.797891,72.792484,26.797938,72.792447,26.797956,72.792438,26.797979,72.792432,26.797971,72.792392,26.797935,72.792384,26.797890,72.792423,26.797841,72.792425,26.797802,72.792455,26.797759,72.792425,26.797759,72.792403,26.797778,72.792377,26.797802,72.792371,26.797846,72.792371,26.797875,72.792368,26.797902,72.792369,26.797908,72.792325,26.797898,72.792309,26.797866,72.792313,26.797839,72.792335,26.797815,72.792343,26.797798,72.792355,26.797769,72.792373,26.797725,72.792354,26.797746,72.792338,26.797770,72.792313,26.797798,72.792295,26.797816,72.792282,26.797839,72.792271,26.797865,72.792259,26.797884,72.792239,26.797848,72.792201,26.797843,72.792187,26.797818,72.792205,26.797780,72.792156,26.797795,72.792131,26.797823,72.792131,26.797866,72.792119,26.797851,72.792075,26.797818,72.792074,26.797780,72.792113,26.797777,72.792025,26.797780,72.792004,26.797806,72.791989,26.797821,72.791992,26.797827,72.791964,26.797828,72.791951,26.797802,72.791960,26.797753,72.791913,26.797802,72.791907,26.797769,72.791878,26.797734,72.791879,26.797713,72.791819,26.797755,72.791787,26.797773,72.791733,26.797730,72.791740,26.797686,72.791693,26.797708,72.791670,26.797716,72.791658,26.797710,72.791622,26.797708,72.791624,26.797695,72.791633,26.797637,72.791609,26.797625,72.791594,26.797601,72.791601,26.797592,72.791582,26.797598,72.791555,26.797640,72.791575,26.797638,72.791495,26.797639,72.791488,26.797605,72.791501,26.797562,72.791488,26.797555,72.791459,26.797606,72.791436,26.797603,72.791429,26.797594,72.791412,26.797586,72.791376,26.797569,72.791337,26.797565,72.791336,26.797546,72.791366,26.797546,72.791383,26.797521,72.791381,26.797528,72.791323,26.797539,72.791306,26.797516,72.791276,26.797507,72.791268,26.797483,72.791305,26.797466,72.791264,26.797459,72.791269,26.797441,72.791280,26.797418,72.791292,26.797404,72.791298,26.797387,72.791308,26.797372,72.791327,26.797361,72.791347,26.797330,72.791385,26.797330,72.791416,26.797292,72.791467,26.797274,72.791444,26.797278,72.791419,26.797239,72.791427,26.797235,72.791438,26.797256,72.791461,26.797284,72.791503,26.797242,72.791531,26.797211,72.791514,26.797200,72.791512,26.797173,72.791510,26.797179,72.791538,26.797178,72.791583,26.797126,72.791555,26.797097,72.791567,26.797071,72.791574,26.797104,72.791595,26.797099,72.791655,26.797058,72.791610,26.797041,72.791611,26.797026,72.791639,26.796987,72.791663,26.797019,72.791687,26.797056,72.791680,26.797014,72.791704,26.796994,72.791724,26.796954,72.791720,26.796921,72.791785,26.796924,72.791769,26.796897,72.791766,26.796888,72.791789,26.796882,72.791783,26.796882,72.791786,26.796918,72.791807,26.796925,72.791839,26.796913,72.791872,26.796890,72.791878,26.796879,72.791831,26.796848,72.791820,26.796833,72.791827,26.796850,72.791862,26.796834,72.791857,26.796811,72.791890,26.796772,72.791853,26.796779,72.791920,26.796754,72.791922,26.796741,72.791925,26.796733,72.791930,26.796744,72.791958,26.796744,72.791947,26.796710,72.791954,26.796688,72.791930,26.796683,72.791935,26.796681,72.791949,26.796672,72.791978,26.796687,72.792017,26.796706,72.792023,26.796725,72.792011,26.796698,72.792081,26.796693,72.792079,26.796674,72.792061,26.796652,72.792045,26.796648,72.792060,26.796675,72.792080,26.796651,72.792143,26.796618,72.792129,26.796574,72.792088,26.796570,72.792096,26.796561,72.792123,26.796565,72.792127,26.796609,72.792158,26.796588,72.792190,26.796572,72.792181,26.796560,72.792144,26.796529,72.792131,26.796502,72.792139,26.796502,72.792157,26.796539,72.792193,26.796536,72.792224,26.796523,72.792250,26.796515,72.792199,26.796484,72.792191,26.796460,72.792198,26.796450,72.792199,26.796431,72.792207,26.796413,72.792214,26.796395,72.792232,26.796380,72.792259,26.796360,72.792258,26.796383,72.792242,26.796419,72.792229,26.796457,72.792205,26.796484,72.792205,26.796490,72.792229,26.796460,72.792244,26.796441,72.792256,26.796426,72.792290,26.796430,72.792303,26.796438,72.792330,26.796460,72.792326,26.796490,72.792343,26.796476,72.792363,26.796471,72.792380,26.796508,72.792369,26.796528,72.792367,26.796520,72.792404,26.796503,72.792409,26.796505,72.792441,26.796515,72.792465,26.796540,72.792457,26.796572,72.792422,26.796586,72.792440,26.796589,72.792474,26.796551,72.792480,26.796532,72.792480,26.796551,72.792509,26.796566,72.792526,26.796579,72.792557,26.796590,72.792550,26.796628,72.792523,26.796659,72.792550,26.796663,72.792595,26.796656,72.792598,26.796658,72.792637,26.796675,72.792615,26.796687,72.792602,26.796710,72.792624,26.796670,72.792688,26.796668,72.792703,26.796692,72.792725,26.796700,72.792727,26.796729,72.792750,26.796738,72.792739,26.796760,72.792687,26.796791,72.792664,26.796827,72.792642,26.796823,72.792610,26.796802,72.792605,26.796782,72.792627,26.796763,72.792637,26.796747,72.792664,26.796826,72.792593,26.796847,72.792579,26.796868,72.792574,26.796890,72.792561,26.796892,72.792552,26.796868,72.792515,26.796879,72.792486,26.796906,72.792501,26.796920,72.792540,26.796942,72.792546,26.796948,72.792527,26.796928,72.792494,26.796929,72.792466,26.796941,72.792445,26.796936,72.792479,26.796972,72.792506,26.796992,72.792496,26.796995,72.792456,26.797010,72.792423,26.797027,72.792421,26.797041,72.792462,26.797068,72.792470,26.797076,72.792459,26.797061,72.792417,26.797074,72.792383,26.797098,72.792381,26.797114,72.792420,26.797122,72.792424,26.797146,72.792424,26.797150,72.792404,26.797124,72.792376,26.797210,72.792293,26.797210,72.792333,26.797195,72.792333,26.797168,72.792324,26.797176,72.792354,26.797209,72.792382,26.797228,72.792372,26.797253,72.792366,26.797257,72.792346,26.797223,72.792296",images/blockplantation/941cb3b7-183c-453b-80f5-8219ff966983.jpg,500,"Neem: 300, Seesam: 100, Kadam: 100",FALSE,2024-08-31 09:21:34.127905+05:30,2024-08-31 09:21:34.127925+05:30,1,17021,26.7974458,72.7927135,2,2,10,0,0,0
47798,"29.273918,74.766468,29.273930,74.766439,29.273863,74.766263,29.273716,74.766370",images/blockplantation/2c24f18e-baa8-4380-ad24-7bcfa70726ef.jpg,100,Khejri: 100,FALSE,2024-08-31 09:23:41.809759+05:30,2024-08-31 09:23:41.809778+05:30,1,28056,29.2738915,74.7665485,2,9,0.2,810003,100,810003370
47799,"29.137677,74.875456,29.137624,74.875352,29.137487,74.875337,29.137463,74.875483,29.137458,74.875608,29.137411,74.875700",images/blockplantation/419b982c-a84c-42eb-9a84-8ee9d393b015.jpg,100,"Jamun: 50, Neem: 30, Amla: 20",FALSE,2024-08-31 09:32:04.534825+05:30,2024-08-31 09:32:04.534845+05:30,1,75878,29.1374462,74.8756891,2,7,0.4,810003,100,810003030
47800,"29.137485,74.876151,29.137441,74.876089,29.137511,74.876003,29.137506,74.875897,29.137458,74.875880,29.137429,74.875849,29.137472,74.875800,29.137511,74.875750",images/blockplantation/523ba67d-a0ac-4369-81df-d2826a767a62.jpg,100,"Jamun: 50, Neem: 30, Amla: 20",FALSE,2024-08-31 09:32:40.175986+05:30,2024-08-31 09:32:40.176003+05:30,1,75878,29.13749,74.875676,2,7,0.4,810003,100,810003030
47801,"29.206538,74.422472,29.206494,74.422507,29.206317,74.422662,29.206298,74.422686,29.206186,74.422847,29.206127,74.422975",images/blockplantation/06d9d6da-436a-4fc9-ba4b-6cc1ccab641f.jpg,200,Neem: 200,FALSE,2024-08-31 09:32:53.419235+05:30,2024-08-31 09:32:53.419257+05:30,1,46317,29.2061076,74.4229907,2,7,1,810005,100,810005040
47802,"25.573757,76.311649,25.573871,76.311608,25.573892,76.311629,25.573867,76.311690",images/blockplantation/d4828fea-3fa9-41d3-bd83-d23fda63bc31.jpg,100,"Aak: 20, Amaltas: 5, Amla: 5, Babool: 20, Bael: 10, Bargad: 5, Ber: 5, Jamun: 10, Lemon: 10, Neem: 10",FALSE,2024-08-31 09:37:03.963665+05:30,2024-08-31 09:37:03.963684+05:30,1,25466,25.5750674,76.3125283,23,2,0.2,812701,127,812701120
47803,"29.137609,74.875682,29.137598,74.875637,29.137612,74.875510,29.137654,74.875443,29.137702,74.875446,29.137720,74.875358",images/blockplantation/b9e5b724-9169-4e8e-a434-3edd4596de60.jpg,100,"Neem: 25, Amla: 10, Arjun: 30, Sagon: 20, Peepal: 15",FALSE,2024-08-31 09:38:34.834336+05:30,2024-08-31 09:38:34.834358+05:30,1,75878,29.1377674,74.8753735,2,7,0.5,810003,100,810003030
47804,"29.137567,74.876013,29.137584,74.875997,29.137581,74.875960,29.137591,74.875944,29.137581,74.875920,29.137599,74.875897,29.137583,74.875867,29.137548,74.875858,29.137521,74.875843,29.137526,74.875808,29.137552,74.875794,29.137579,74.875777,29.137616,74.875755,29.137630,74.875769,29.137640,74.875812,29.137647,74.875848,29.137642,74.875868,29.137640,74.875895,29.137642,74.875918,29.137635,74.875938,29.137634,74.875965,29.137652,74.875964,29.137658,74.875929,29.137655,74.875798,29.137691,74.875763,29.137695,74.875725,29.137696,74.875700,29.137695,74.875668,29.137687,74.875640,29.137690,74.875616",images/blockplantation/cb8100d7-276c-4353-9fda-8abd5d6b8c5a.jpg,100,"Neem: 25, Amla: 10, Arjun: 30, Sagon: 20, Peepal: 15",FALSE,2024-08-31 09:39:51.313718+05:30,2024-08-31 09:39:51.313732+05:30,1,75878,29.1377624,74.8755356,2,7,0.5,810003,100,810003030
47805,"29.206759,74.422695,29.206758,74.422719,29.206736,74.422831,29.206741,74.422902",images/blockplantation/2ddfbfa3-5010-41a7-9e37-dae362e04c0d.jpg,100,Arjun: 100,FALSE,2024-08-31 09:40:40.697865+05:30,2024-08-31 09:40:40.697884+05:30,1,46317,29.2067419,74.4228612,2,7,1,810005,100,810005040
47806,"28.696462,72.426883,28.696636,72.426955,28.696688,72.427393,28.696387,72.427408",images/blockplantation/b6741c25-a356-4b63-8f28-a4bf536f8bd6.jpg,100,"Khejri: 50, Neem: 50",FALSE,2024-08-31 09:52:29.657415+05:30,2024-08-31 09:52:29.657432+05:30,1,23050,28.6963583,72.4274019,6,7,2,810103,101,810103070
47807,"29.137805,74.875480,29.137863,74.875409,29.137880,74.875412,29.137957,74.875397,29.137999,74.875388,29.138087,74.875404,29.138134,74.875418,29.138171,74.875415,29.138244,74.875423,29.138296,74.875423,29.138345,74.875423,29.138380,74.875431,29.138421,74.875428,29.138462,74.875441,29.138505,74.875434,29.138566,74.875426,29.138626,74.875434,29.138691,74.875480,29.138763,74.875493,29.138817,74.875492,29.138860,74.875493",images/blockplantation/d0857242-3ce2-4d0e-ad01-0cda4d193483.jpg,100,"Jamun: 50, Neem: 5, Arjun: 10, Bargad: 2, Safed Kikar: 2, Khejri: 3, Moringa: 2, Seesam: 2, Kachnar: 2, Amaltas: 2, Amrood: 2, Gular: 10, Ardu: 2, Harsingar: 1, Bahera: 1, Bael: 1, Lemon: 1, Mango: 1, Mosambi: 1",FALSE,2024-08-31 09:56:11.269046+05:30,2024-08-31 09:56:11.26907+05:30,1,75878,29.1388669,74.8755305,2,7,1,810003,100,810003030
47808,"29.137741,74.875572,29.137755,74.875552,29.137790,74.875538,29.137818,74.875554,29.137846,74.875560,29.137888,74.875549,29.137912,74.875538,29.137928,74.875532,29.137944,74.875532,29.137958,74.875533,29.137976,74.875537,29.138015,74.875545,29.138033,74.875547,29.138060,74.875554,29.138083,74.875554,29.138096,74.875554,29.138121,74.875570,29.138127,74.875573,29.138164,74.875580,29.138178,74.875570,29.138196,74.875518,29.138237,74.875517,29.138259,74.875520,29.138274,74.875525,29.138295,74.875535,29.138323,74.875550,29.138338,74.875552,29.138359,74.875546,29.138388,74.875536,29.138405,74.875538,29.138440,74.875542,29.138463,74.875543,29.138473,74.875542,29.138531,74.875547,29.138590,74.875552,29.138619,74.875559,29.138645,74.875560,29.138672,74.875560,29.138696,74.875563,29.138715,74.875557,29.138730,74.875549,29.138752,74.875545,29.138767,74.875548,29.138791,74.875557,29.138804,74.875566",images/blockplantation/72179845-6317-48d9-92b4-160c47d12774.jpg,100,"Jamun: 50, Neem: 5, Arjun: 10, Bargad: 2, Kikar: 2, Khejri: 3, Moringa: 2, Seesam: 2, Kachnar: 2, Amaltas: 2, Amrood: 2, Gular: 10, Ardu: 2, Harsingar: 1, Bahera: 1, Bael: 1, Lemon: 1, Mango: 1, Mosambi: 1",FALSE,2024-08-31 09:56:23.767215+05:30,2024-08-31 09:56:23.767233+05:30,1,75878,29.1387956,74.8755947,2,7,1,810003,100,810003030
47809,"28.696695,72.426477,28.696843,72.426462,28.696869,72.426585,28.696738,72.426695",images/blockplantation/6c40519d-e7f5-4dfc-aa57-2d7d466305c0.jpg,100,"Khejri: 50, Neem: 50",FALSE,2024-08-31 09:58:21.452066+05:30,2024-08-31 09:58:21.452086+05:30,1,23050,28.6968697,72.4266292,6,7,2,810103,101,810103070
47810,"28.696742,72.426400,28.696898,72.426246,28.696707,72.426315,28.696620,72.426416",images/blockplantation/9469547f-4a86-4362-b11a-3412c31acc70.jpg,100,"Khejri: 50, Neem: 50",FALSE,2024-08-31 10:02:17.672112+05:30,2024-08-31 10:02:17.672131+05:30,1,23050,28.6965858,72.4264051,6,9,1,810103,101,810103070
47811,"28.695893,72.425383,28.695851,72.425122,28.695734,72.425227,28.695722,72.425410",images/blockplantation/75989a63-43e3-4db9-b972-ed566346406b.jpg,200,"Neem: 100, Khejri: 100",FALSE,2024-08-31 10:07:20.208298+05:30,2024-08-31 10:07:20.208316+05:30,1,23050,28.6957265,72.4254184,6,11,2,810103,101,810103070
47812,"29.138827,74.875732,29.138828,74.875744,29.138811,74.875883,29.138787,74.875974,29.138774,74.876074,29.138741,74.876232,29.138701,74.876304,29.138737,74.876248,29.138629,74.876349,29.138713,74.876428,29.138727,74.876552,29.138673,74.876673,29.138617,74.876812,29.138536,74.876811,29.138456,74.876850,29.138334,74.876791,29.138263,74.876741,29.138202,74.876662,29.138108,74.876643,29.138030,74.876610,29.138030,74.876517,29.137953,74.876409,29.137824,74.876356,29.137759,74.876327",images/blockplantation/7532f5c6-6c06-4f4c-8069-383c5d019f84.jpg,100,"Neem: 5, Arjun: 5, Peepal: 2, Bargad: 2, Sagon: 2, Gular: 3, Safed Kikar: 3, Seesam: 3, Neem: 5, Jamun: 25, Amla: 5, Arjun: 5, Peepal: 3, Bargad: 1, Sagon: 3, Gular: 2, Mosambi: 3, Amaltas: 6, Ardu: 1, Harsingar: 3, Kachnar: 6, Lemon: 3, Moringa: 3, Bahera: 1",FALSE,2024-08-31 10:15:56.818659+05:30,2024-08-31 10:15:56.818681+05:30,1,75878,29.1387134,74.8763992,2,7,1.7,810003,100,810003030
47813,"29.138846,74.875706,29.138844,74.875727,29.138831,74.875781,29.138829,74.875811,29.138827,74.875845,29.138817,74.875882,29.138804,74.875928,29.138798,74.875963,29.138770,74.876048,29.138770,74.876092,29.138768,74.876134,29.138751,74.876199,29.138828,74.876534,29.138835,74.876573,29.138824,74.876628,29.138802,74.876690,29.138752,74.876711,29.138658,74.876641,29.138608,74.876637,29.138563,74.876620,29.138509,74.876644,29.138413,74.876612,29.138365,74.876586,29.138326,74.876599,29.138240,74.876572,29.138165,74.876561,29.138152,74.876487,29.138112,74.876408,29.137815,74.876282,29.137741,74.876242,29.137692,74.876282",images/blockplantation/d8acb494-737c-46f1-b008-4587ba110584.jpg,100,"Neem: 5, Arjun: 5, Peepal: 2, Bargad: 2, Sagon: 2, Gular: 3, Kikar: 3, Seesam: 3, Neem: 5, Jamun: 25, Amla: 5, Arjun: 5, Peepal: 3, Bargad: 1, Sagon: 3, Gular: 2, Mango: 3, Bael: 3, Amrood: 6, Khejri: 9, Moringa: 3, Bahera: 2",FALSE,2024-08-31 10:16:02.344594+05:30,2024-08-31 10:16:02.344617+05:30,1,75878,29.1387539,74.8763047,2,7,1.7,810003,100,810003030
47814,"28.685275,72.451477,28.685472,72.451488,28.685488,72.451404,28.685353,72.451253",images/blockplantation/c79ed0ac-3f5a-4a92-ba2f-199d67e9ccab.jpg,100,"Neem: 50, Khejri: 50",FALSE,2024-08-31 10:20:40.147024+05:30,2024-08-31 10:20:40.147047+05:30,1,23050,28.6852652,72.4514477,6,7,1,810103,101,810103070
47815,"29.076481,74.783317,29.076465,74.783298,29.076465,74.783298,29.076465,74.783298",images/blockplantation/56313006-2c8c-47cb-8a6e-d5103ca5e8cd.jpg,300,Neem: 300,FALSE,2024-08-31 10:27:37.896751+05:30,2024-08-31 10:27:37.896769+05:30,2,75866,29.0764915,74.7830482,2,7,1,810003,100,810003100
47816,"24.934912,76.300749,24.934693,76.300749,24.934445,76.300541,24.934223,76.300301,24.934232,76.300180,24.934605,76.300180,24.934864,76.300147,24.935192,76.300098,24.935620,76.300026,24.935825,76.299941,24.936132,76.300063,24.936015,76.300470,24.935943,76.300704,24.935707,76.300753,24.935409,76.300719,24.935220,76.300717,24.934950,76.300742",images/blockplantation/023b5033-d800-483c-813b-b7c47ad00743.jpg,2500,"Peepal: 500, Seesam: 750, Karanj: 500, Neem: 750",FALSE,2024-08-31 10:36:11.003215+05:30,2024-08-31 10:36:11.003237+05:30,1,29677,24.9350558,76.3005374,30,3,1.2,812704,127,812704283
47817,"29.037563,74.693337,29.037607,74.693313,29.037695,74.693281,29.037746,74.693269,29.037733,74.693375",images/blockplantation/1d133164-ce2f-4c0e-b417-ae06b072fc72.jpg,132,"Babool: 50, Ber: 37, Siris: 45",FALSE,2024-08-31 10:44:49.934156+05:30,2024-08-31 10:44:49.934188+05:30,2,75874,29.0376425,74.6934675,2,7,1,810003,100,810003250
47818,"26.186708,70.926014,26.186597,70.926178,26.186446,70.925970,26.186521,70.925785",images/blockplantation/408a3e38-2915-46f1-a17b-32629bf65bc1.jpg,200,"Neem: 100, Seesam: 20, Khejri: 20, Kair: 40, Karanj: 20",FALSE,2024-08-31 10:49:16.591421+05:30,2024-08-31 10:49:16.591444+05:30,1,7743,26.1866086,70.9260072,13,2,0.1,811402,114,811402220
47819,"27.780902,77.211472,27.780809,77.211429,27.780754,77.211196,27.780785,77.211165,27.780786,77.211163,27.780806,77.211144,27.780860,77.211113,27.780693,77.211113,27.780599,77.211059,27.780515,77.211037,27.780789,77.210996,27.780787,77.210966,27.780751,77.210916,27.780722,77.210917,27.780697,77.210922",images/blockplantation/d6552877-b0b2-4abb-b57a-b73d230c2097.jpg,100,"Kadam: 10, Karanj: 10, Neem: 10, Seesam: 10, Siris: 10, Peepal: 10, Mango: 10, Jamun: 10, Gular: 10, Babool: 10",FALSE,2024-08-31 10:50:01.16723+05:30,2024-08-31 10:50:01.167252+05:30,1,75789,27.7807759,77.2111773,6,12,3,810503,105,810503110
47820,"26.187151,70.926092,26.187012,70.926288,26.187109,70.926434,26.187259,70.926299",images/blockplantation/c1bbb950-459e-4dfe-9331-3db1928648ed.jpg,200,"Neem: 100, Rohida: 50, Babool: 50",FALSE,2024-08-31 10:54:18.707026+05:30,2024-08-31 10:54:18.707046+05:30,1,7743,26.1871487,70.9260896,13,2,0.1,811402,114,811402220
47821,"24.943311,76.298721,24.943272,76.299120,24.943111,76.299607,24.942786,76.299313,24.942285,76.299060,24.942431,76.298528,24.942813,76.298567,24.942800,76.298660,24.943302,76.298723",images/blockplantation/56c4f887-1ae7-47b6-844b-37f8e591f67a.jpg,2500,"Karanj: 500, Neem: 750, Peepal: 500, Seesam: 750",FALSE,2024-08-31 10:57:31.68286+05:30,2024-08-31 10:57:31.68288+05:30,1,29677,24.9408045,76.297582,30,3,1.2,812704,127,812704283
47822,"26.187231,70.926451,26.187076,70.926710,26.187167,70.926794,26.187275,70.926683",images/blockplantation/dd104e44-9e73-4028-ab60-cc641b7b4f85.jpg,200,"Ber: 100, Kair: 50, Khejri: 50",FALSE,2024-08-31 10:58:31.554337+05:30,2024-08-31 10:58:31.554359+05:30,1,7743,26.1872342,70.9264738,13,2,0.1,811402,114,811402220
47823,"26.187319,70.926731,26.187344,70.926801,26.187243,70.926986,26.187089,70.926943",images/blockplantation/c719d143-2be1-4b83-9039-e12f2f7fe07e.jpg,200,"Babool: 100, Ber: 50, Neem: 50",FALSE,2024-08-31 11:01:28.228404+05:30,2024-08-31 11:01:28.228426+05:30,1,7743,26.1873392,70.9267878,13,2,0.1,811402,114,811402220
47824,"28.684373,72.380213,28.684615,72.380186,28.684240,72.380144,28.683994,72.380169",images/blockplantation/9c56c3dc-93ce-42ac-8517-a54c8775cc4b.jpg,200,"Khejri: 50, Kikar: 50, Neem: 50, Seesam: 50",FALSE,2024-08-31 11:01:32.330732+05:30,2024-08-31 11:01:32.330751+05:30,1,23050,28.6846367,72.380195,6,7,4,810103,101,810103070
47825,"26.187087,70.927004,26.186964,70.927086,26.186879,70.926961,26.186925,70.926754",images/blockplantation/42fd4f5a-04a6-4e15-892a-0e2f2e730461.jpg,200,"Neem: 100, Seesam: 100",FALSE,2024-08-31 11:05:15.216654+05:30,2024-08-31 11:05:15.216683+05:30,1,7743,26.1870838,70.9270029,13,2,0.1,811402,114,811402220
47826,"26.186816,70.926794,26.186765,70.926819,26.186674,70.926704,26.186732,70.926602",images/blockplantation/4b595b9d-602f-4099-b8f0-fa60cc52f957.jpg,200,"Seesam: 100, Rohida: 100",FALSE,2024-08-31 11:07:33.960262+05:30,2024-08-31 11:07:33.960283+05:30,1,7743,26.186835,70.9268399,13,2,0.1,811402,114,811402220
47827,"26.186650,70.926570,26.186580,70.926504,26.186704,70.926361,26.186795,70.926451",images/blockplantation/80438786-b933-4fe0-883f-2ab83dbc42d0.jpg,200,"Ber: 100, Neem: 100",FALSE,2024-08-31 11:09:54.876355+05:30,2024-08-31 11:09:54.876379+05:30,1,7743,26.1866449,70.9265697,13,2,0.1,811402,114,811402220
47828,"29.076858,74.783675,29.076858,74.783675,29.076858,74.783675,29.076858,74.783675",images/blockplantation/6fc2a0a3-4a21-4ca7-b82c-35db556fdc3e.jpg,250,Seesam: 250,FALSE,2024-08-31 11:14:51.528164+05:30,2024-08-31 11:14:51.528184+05:30,2,75866,29.0768516,74.7836132,2,7,1.2,810003,100,810003100
47829,"26.186552,70.926261,26.186597,70.926187,26.186626,70.925993,26.186514,70.925893",images/blockplantation/bb2c7ecf-bf80-48c2-b5c7-ba1b7ecfdbcc.jpg,200,"Babool: 100, Neem: 100",FALSE,2024-08-31 11:18:28.555816+05:30,2024-08-31 11:18:28.555843+05:30,1,7743,26.1865814,70.9261843,13,2,0.1,811402,114,811402220
47830,"24.668958,76.851225,24.669051,76.851077,24.668879,76.850828,24.669182,76.850686",images/blockplantation/d8787aec-993c-467d-b8e1-0952e1e74503.jpg,300,"Amla: 100, Google: 100, JUNGLE JALEBI: 100",FALSE,2024-08-31 11:44:36.819659+05:30,2024-08-31 11:44:36.819683+05:30,2,27718,24.669213,76.8506723,30,11,0.9,812804,128,812804624
47831,"24.668883,76.851352,24.668826,76.851784,24.668398,76.852443,24.668000,76.852548",images/blockplantation/b58727ab-ac21-46e3-81cb-6385759ecb3b.jpg,300,"Babool: 100, Amrood: 100, Imli: 100",FALSE,2024-08-31 11:49:29.744196+05:30,2024-08-31 11:49:29.744215+05:30,2,27718,24.6688914,76.8513533,30,11,0.9,812804,128,812804624
47832,"24.667968,76.852273,24.667872,76.852076,24.667715,76.851862,24.667479,76.851455",images/blockplantation/d0dde4a8-ba8b-4622-97e0-86fd707389b6.jpg,300,"Banyan: 100, Seesam: 100, Peepal: 100",FALSE,2024-08-31 11:53:18.894457+05:30,2024-08-31 11:53:18.894476+05:30,2,27718,24.6672008,76.8477177,30,11,0.8,812804,128,812804624
47833,"24.667266,76.851307,24.666673,76.851081,24.666246,76.850994,24.666381,76.851253",images/blockplantation/d13afcec-edb7-444b-bc2e-5582b8f30607.jpg,300,"Seesam: 100, Neem: 100, Mango: 100",FALSE,2024-08-31 11:57:41.696238+05:30,2024-08-31 11:57:41.696259+05:30,2,27718,24.6665932,76.8511038,30,11,0.9,812804,128,812804624
47834,"24.667958,76.851880,24.668184,76.851919,24.668537,76.851489,24.668736,76.851190",images/blockplantation/5e12268f-cbe7-4950-b00e-ce45c06b1c9a.jpg,300,"Amla: 100, Gular: 100, Mango: 100",FALSE,2024-08-31 12:05:02.381833+05:30,2024-08-31 12:05:02.381852+05:30,2,27718,24.6679383,76.8519433,30,11,0.8,812804,128,812804624
47835,"25.084520,76.524861,25.084519,76.524859,25.084469,76.524854,25.084406,76.524889",images/blockplantation/0b5c41e3-c775-40d4-aeeb-12d61bf0ce7a.jpg,15000,"Amla: 500, Amrood: 1000, Arjun: 500, Imli: 500, Kachnar: 1000, Karanj: 2000, Mango: 500, Neem: 1000, Peepal: 1000, Seesam: 1000, Semal: 1000, Others: 5000",FALSE,2024-08-31 12:05:30.856975+05:30,2024-08-31 12:05:30.856998+05:30,1,32035,25.0843486,76.5246188,30,8,1,812803,128,812803597
47836,"24.668686,76.850987,24.668864,76.850528,24.668907,76.849968,24.668893,76.849251",images/blockplantation/5840a0b9-1f92-4d38-add2-f8ee11efb75f.jpg,300,"Imli: 100, JUNGLE JALEBI: 100, Khejri: 100",FALSE,2024-08-31 12:07:42.62083+05:30,2024-08-31 12:07:42.62085+05:30,2,27718,24.6690091,76.8491941,30,11,0.9,812804,128,812804624
47837,"25.909457,73.568953,25.909587,73.569181,25.909438,73.569245,25.909315,73.569047",images/blockplantation/2ac2f9d6-8407-403f-9e9f-fd35c2782a2c.jpg,100,"Amrood: 10, Peepal: 10, Bael: 10, Jamun: 5, Imli: 15, Amla: 10, Neem: 40",FALSE,2024-08-31 12:08:54.822126+05:30,2024-08-31 12:08:54.822151+05:30,2,77006,25.9102372,73.5676945,2,7,0.5,811809,118,811809110
47838,"25.082805,76.523093,25.082847,76.523114,25.082967,76.522930,25.083080,76.522769,25.083275,76.522360,25.083298,76.522245,25.083284,76.521976,25.083236,76.521845,25.083098,76.521683",images/blockplantation/ae72da68-c2d3-44f7-b303-b03c0f92c752.jpg,12450,"Amrood: 1000, Amla: 500, Arjun: 1000, Imli: 500, Jamun: 1000, Kachnar: 1000, Kadamb: 500, Karanj: 1000, Neem: 1000, Peepal: 2000, Seesam: 1000, Semal: 950, Others: 1000",FALSE,2024-08-31 12:13:26.152506+05:30,2024-08-31 12:13:26.152525+05:30,1,32035,25.0828453,76.5229589,30,8,1.2,812803,128,812803597
47839,"24.669634,76.847976,24.669062,76.846705,24.667913,76.845861,24.667906,76.844611",images/blockplantation/1f6c4983-55e1-4fa2-84c4-0d67899a7f09.jpg,300,"Google: 50, Neem: 50, Peepal: 50, Seesam: 50, Bael: 100",FALSE,2024-08-31 12:18:18.269224+05:30,2024-08-31 12:18:18.269244+05:30,2,27718,24.66791,76.8444583,30,9,0.9,812804,128,812804020
47840,"29.154927,74.238793,29.154927,74.238793,29.154927,74.238793,29.154927,74.238793",images/blockplantation/325a4b80-a159-4c9f-ad97-1e2c5893d84e.jpg,250,"Amla: 20, Amrood: 45, Neem: 85, Neemuch: 40, Orange: 30, Seesam: 30",FALSE,2024-08-31 12:23:50.925808+05:30,2024-08-31 12:23:50.925827+05:30,2,77017,29.1547286,74.2388896,2,7,1,810005,100,810005170
47841,"25.096988,76.533261,25.097031,76.533332,25.097094,76.533400,25.097129,76.533432,25.097161,76.533439",images/blockplantation/e40e2da8-d322-4b7f-aa9b-f4a90b7fd477.jpg,5000,"Kadamb: 1000, Neem: 1000, Peepal: 1000, Seesam: 1000, Karanj: 1000",FALSE,2024-08-31 12:24:12.726023+05:30,2024-08-31 12:24:12.726046+05:30,1,32035,25.0968835,76.5332367,30,11,0.7,812803,128,812803597
47842,"26.721413,73.589735,26.721390,73.589539,26.721386,73.589502,26.721665,73.582785",images/blockplantation/2dcb2937-9238-4a61-90e2-0dd2f715dfbe.jpg,100,"Babool: 20, Kair: 15, Khejri: 15, Lemon: 10, Neem: 20, Seesam: 20",FALSE,2024-08-31 12:30:56.118662+05:30,2024-08-31 12:30:56.118696+05:30,1,48384,26.7214367,73.5899327,2,7,0.4,811305,113,811305040
47843,"29.154909,74.238534,29.154909,74.238534,29.154907,74.238531,29.154905,74.238528,29.154903,74.238527,29.154903,74.238527,29.154883,74.238522,29.154882,74.238522,29.154882,74.238522,29.154882,74.238522",images/blockplantation/7baa76f1-db21-4a05-b7b5-9a56abd1b1fd.jpg,450,"Amaltas: 50, Amla: 30, Amrood: 45, Babool: 20, Bael: 40, Ber: 20, Gular: 40, Gonda: 48, Seesam: 40, Amaltas: 40, Mango: 20, Neemuch: 30, Neem: 27",FALSE,2024-08-31 12:32:15.853161+05:30,2024-08-31 12:32:15.853195+05:30,2,77017,29.1550089,74.2384071,2,7,1,810005,100,810005170
47844,"25.070435,76.499636,25.070463,76.499698,25.070496,76.499738,25.070531,76.499784",images/blockplantation/cd0d6f38-8e81-4239-8ece-b396b91f7a98.jpg,2400,"Karanj: 600, Neem: 500, Peepal: 500, Seesam: 500, Others: 300",FALSE,2024-08-31 12:38:07.100682+05:30,2024-08-31 12:38:07.100704+05:30,1,32035,25.0703956,76.4996003,30,2,0.7,812803,128,812803597
47845,"24.667338,76.843734,24.667154,76.844087,24.667446,76.844123,24.667433,76.843803",images/blockplantation/f58e72a3-c0c3-408e-8d82-d0fae15679c6.jpg,200,"Amla: 50, Gular: 50, Jamun: 50, Mango: 50",FALSE,2024-08-31 12:41:47.756509+05:30,2024-08-31 12:41:47.756524+05:30,2,27718,24.6673585,76.8437873,30,2,0.8,812804,128,812804020
47846,"25.072155,76.497887,25.072170,76.497891,25.072205,76.497916,25.072236,76.497973",images/blockplantation/dc4dbde5-0db2-47a5-b60a-b0860929e8d1.jpg,1000,"Amrood: 200, Kachnar: 200, Karanj: 200, Neem: 200, Peepal: 200",FALSE,2024-08-31 12:42:49.335921+05:30,2024-08-31 12:42:49.335949+05:30,1,32035,25.0721747,76.4978015,30,2,0,812803,128,812803597
47847,"26.294129,71.020597,26.294007,71.020729,26.294018,71.020808,26.294049,71.020930",images/blockplantation/2ec0b1b2-353e-4f67-9275-8500fec93dcb.jpg,100,"Neem: 50, Seesam: 20, Peepal: 20, Rohida: 10",FALSE,2024-08-31 12:45:39.384891+05:30,2024-08-31 12:45:39.384911+05:30,1,7743,26.2941673,71.0206146,13,7,0.1,811515,115,811515260
47848,"24.667433,76.841465,24.667382,76.841212,24.667586,76.841275,24.667538,76.841698",images/blockplantation/17e6f300-577c-4954-b459-06f7fdccb955.jpg,200,"Jamun: 50, JUNGLE JALEBI: 100, Khejri: 50",FALSE,2024-08-31 12:47:30.069645+05:30,2024-08-31 12:47:30.069661+05:30,2,27718,24.6675286,76.8417775,30,2,0.8,812804,128,812804020
47849,"24.665103,76.842415,24.664733,76.842351,24.664677,76.842782,24.665045,76.842659",images/blockplantation/a86592df-6dec-4718-aabc-d70d95dd5357.jpg,200,"Amrood: 50, Gular: 50, Mango: 50, Neem: 50",FALSE,2024-08-31 12:54:40.801158+05:30,2024-08-31 12:54:40.801179+05:30,2,27718,24.6650629,76.8426576,30,5,0.9,812804,128,812804020
47850,"25.437289,76.202991,25.437628,76.203247,25.437482,76.202937,25.437381,76.202914",images/blockplantation/855fea87-9300-42c8-8ad1-8c0c4f01616f.jpg,530,"Amla: 250, Amrood: 108, Lemon: 172",FALSE,2024-08-31 13:01:16.671728+05:30,2024-08-31 13:01:16.671756+05:30,1,18154,25.4372964,76.2030057,9,4,1,812705,127,812705130
47851,"25.099071,76.453454,25.098997,76.453362,25.098844,76.453287,25.098713,76.453203,25.098633,76.453147,25.098571,76.453093,25.098535,76.453012,25.098465,76.452915,25.098373,76.452838,25.098383,76.452728,25.098462,76.452541,25.098501,76.452395,25.098564,76.452163,25.098591,76.452093,25.098652,76.452020,25.098723,76.452060,25.098815,76.452114,25.098910,76.452200,25.098986,76.452288,25.099073,76.452386,25.099159,76.452507,25.099304,76.452628,25.099272,76.452727,25.099247,76.452824,25.099199,76.453008,25.099172,76.453090,25.099147,76.453160,25.099122,76.453234,25.099094,76.453291,25.099062,76.453398",images/blockplantation/71ae2ff3-7f74-48ce-ae3a-7f17d53feea5.jpg,3600,"Amrood: 500, Arjun: 300, Imli: 500, Kachnar: 500, Karanj: 500, Neem: 500, Peepal: 300, Seesam: 500",FALSE,2024-08-31 13:02:13.268803+05:30,2024-08-31 13:02:13.268828+05:30,2,32035,25.0992286,76.4532305,30,2,1.4,812803,128,812803597
47852,"25.110997,76.438363,25.110944,76.438353,25.110877,76.438300,25.110825,76.438268,25.110789,76.438259,25.110713,76.438271,25.110660,76.438291,25.110618,76.438310,25.110591,76.438327",images/blockplantation/def1ba45-dca6-41bc-8751-5bfe8300e716.jpg,700,"Karanj: 200, Kadamb: 150, Neem: 200, Peepal: 50, Seesam: 100",FALSE,2024-08-31 13:10:16.885975+05:30,2024-08-31 13:10:16.886001+05:30,1,32035,25.1109957,76.4383181,30,9,0,812803,128,812803230
47853,"25.438808,76.198477,25.439448,76.198823,25.439741,76.198415,25.439198,76.198037,25.438898,76.198331",images/blockplantation/3336470c-6e3d-473d-8a3b-4f1330c3b777.jpg,302,"Amla: 90, Amrood: 90, Lemon: 122",FALSE,2024-08-31 13:18:45.289623+05:30,2024-08-31 13:18:45.289642+05:30,1,18154,25.4388236,76.1983978,9,4,0.9,812705,127,812705130
47854,"26.407659,71.039929,26.407612,71.040115,26.407546,71.039941,26.407592,71.039879",images/blockplantation/c0cf25ec-a815-4328-b5d6-c202281dd317.jpg,100,"Neem: 50, Seesam: 10, Kair: 40",FALSE,2024-08-31 13:42:07.283248+05:30,2024-08-31 13:42:07.283268+05:30,1,7743,26.4076592,71.0399298,13,7,0.1,811402,114,811402180
47855,"25.434130,76.194193,25.434173,76.194840,25.434588,76.194625,25.434712,76.194160,25.434208,76.194073,25.434093,76.194279",images/blockplantation/34e5f666-9585-4801-a441-32b31e92b519.jpg,403,"Amla: 180, Amrood: 173, Lemon: 50",FALSE,2024-08-31 13:43:31.053906+05:30,2024-08-31 13:43:31.053923+05:30,1,18154,25.4341363,76.1942002,9,4,1,812705,127,812705130
47856,"25.107555,75.989639,25.107578,75.989726,25.107608,75.989690,25.107681,75.989689",images/blockplantation/87969dc8-64c5-4106-845e-bfebc9675ed6.jpg,110,"Amrood: 28, Bargad: 12, Imli: 17, Jamun: 23, Neem: 16, Peepal: 14",FALSE,2024-08-31 14:06:04.648516+05:30,2024-08-31 14:06:04.648534+05:30,2,34652,25.1075553,75.9896394,30,2,0.1,812703,127,812703100
47857,"26.881835,77.990841,26.881782,77.990879,26.881707,77.990903,26.881900,77.991026",images/blockplantation/a0bf1186-70e7-42b7-972c-73328c37665e.jpg,715,Others: 715,FALSE,2024-08-31 14:11:59.082029+05:30,2024-08-31 14:11:59.082048+05:30,1,77026,26.8819767,77.9910767,2,11,1,810604,106,810604270
47858,"25.115625,75.986026,25.115453,75.985382,25.115444,75.985348,25.115440,75.985336",images/blockplantation/b5c8eb96-7bb8-4e01-8efe-fc2f405f44cc.jpg,230,"Amrood: 25, Imli: 20, Kachnar: 15, Neem: 40, Siris: 30, Peepal: 48, Seesam: 32, Bargad: 20",FALSE,2024-08-31 14:19:13.671986+05:30,2024-08-31 14:19:13.672004+05:30,2,34652,25.1157741,75.9858197,30,5,0.1,812703,127,812703100
47859,"24.665240,76.843632,24.665153,76.843369,24.665025,76.843033,24.665097,76.843332",images/blockplantation/76c6c5c9-0ff2-41dd-8a8b-427e4895bfa9.jpg,450,"JUNGLE JALEBI: 100, Mango: 50, Seesam: 50, Peepal: 50, Neem: 50, Arjun: 80, Bael: 50, Gular: 20",FALSE,2024-08-31 14:47:58.55019+05:30,2024-08-31 14:47:58.550218+05:30,2,27718,24.6651918,76.8431087,30,2,0.9,812804,128,812804020
47860,"29.405593,73.634972,29.405505,73.635583,29.405857,73.635621,29.405769,73.635208",images/blockplantation/c97344dd-3008-48d9-a42b-3888ee84b351.jpg,200,"Neem: 50, Jamun: 50, Khejri: 50, Siris: 50",FALSE,2024-08-31 15:01:50.353088+05:30,2024-08-31 15:01:50.353104+05:30,1,27005,29.4055792,73.6350518,6,2,1,809908,99,809908010
47861,"25.432222,76.176390,25.432435,76.176408,25.432613,76.175906,25.432296,76.175780,25.432180,76.176385",images/blockplantation/31fba9a3-73c6-432e-b513-cb8979d1bc15.jpg,230,"Amla: 90, Amrood: 90, Lemon: 50",FALSE,2024-08-31 15:05:36.0183+05:30,2024-08-31 15:05:36.018319+05:30,1,18154,25.4322267,76.1763954,9,4,0.8,812705,127,812705130
47862,"25.429553,76.174611,25.429555,76.174403,25.429327,76.174420,25.429450,76.174654",images/blockplantation/5570da44-e2a3-4d49-b1ee-a0155e53b7e1.jpg,202,"Amla: 90, Amrood: 82, Lemon: 30",FALSE,2024-08-31 15:16:53.380673+05:30,2024-08-31 15:16:53.380692+05:30,1,18154,25.4294777,76.1745386,9,4,0.5,812705,127,812705130
47863,"29.410806,73.658205,29.410885,73.658648,29.410101,73.658760,29.410105,73.658210",images/blockplantation/e7cc006c-c187-4362-b01b-82aa3469ee94.jpg,300,"Babool: 50, Jamun: 50, Khejri: 50, Moringa: 50, Seesam: 50, Siris: 50",FALSE,2024-08-31 15:19:15.650511+05:30,2024-08-31 15:19:15.650529+05:30,1,27005,29.4103745,73.6585328,6,2,2,809908,99,809908010
47864,"29.408293,73.640045,29.408281,73.640143,29.410350,73.640060,29.410412,73.640121",images/blockplantation/42b6d7a7-dbfa-4990-8611-83fa40b09d73.jpg,200,"Neem: 50, Seesam: 50, Moringa: 50, Jamun: 20, Siris: 30",FALSE,2024-08-31 15:41:57.415703+05:30,2024-08-31 15:41:57.415722+05:30,1,27005,29.4103843,73.6400647,6,2,1,809908,99,809908010
47865,"25.121272,75.978118,25.121231,75.978135,25.121173,75.978101,25.121143,75.978066",images/blockplantation/7f36f72c-c471-43a5-8b4b-55fa4379ff20.jpg,430,"Amrood: 65, Bargad: 30, Kachnar: 48, Neem: 118, Peepal: 85, Seesam: 84",FALSE,2024-08-31 16:58:56.970015+05:30,2024-08-31 16:58:56.970036+05:30,2,34652,25.1210752,75.9780267,30,7,0.8,812703,127,812703260
47866,"29.193385,74.198400,29.193385,74.198400,29.193385,74.198400,29.193385,74.198400,29.193385,74.198400,29.193385,74.198400,29.193385,74.198400,29.193385,74.198400",images/blockplantation/f55df9f9-db96-476a-8c7b-80ef65ca4513.jpg,1000,"Bael: 300, Khejri: 400, Kikar: 200, Others: 100",FALSE,2024-08-31 19:00:44.748873+05:30,2024-08-31 19:00:44.748894+05:30,2,77017,29.1933867,74.1984089,25,12,4,809909,99,809909220
47867,"26.813400,75.864130,26.813418,75.864136,26.813413,75.864144,26.813416,75.864139",images/blockplantation/cbaba918-04b1-44e3-af2f-a4e03e397bae.jpg,100,Amla: 100,FALSE,2024-09-01 00:17:38.515611+05:30,2024-09-01 00:17:38.515631+05:30,1,42239,26.8134327,75.8641507,43,3,1,811013,110,811013861
47868,"25.282823,76.179784,25.282880,76.179837,25.283023,76.179801,25.282953,76.179451",images/blockplantation/15831297-1090-4fe3-8e82-1c7b4c6f7237.jpg,1500,"Jamun: 300, Kachnar: 300, Karanj: 800, Neem: 100",FALSE,2024-09-01 19:16:31.820504+05:30,2024-09-01 19:16:31.820523+05:30,1,77012,25.2825917,76.17982,30,7,1.5,812705,127,812705300
47869,"24.949838,72.038908,24.949533,72.039013,24.949920,72.038726,24.950140,72.038850,24.950144,72.038820",images/blockplantation/589cd7ab-2db3-4b51-bb3f-fc7e2128ba10.jpg,100,"Babool: 50, Khejri: 10, Neem: 10, Others: 30",FALSE,2024-09-02 07:12:53.752777+05:30,2024-09-02 07:12:53.752797+05:30,1,5118,24.9498379,72.0389252,13,2,1,811606,116,811606220
47870,"24.950453,72.035160,24.950972,72.035219,24.950695,72.035380,24.950185,72.036143",images/blockplantation/17341e5f-0161-48f0-b1fa-bcbbbcf5445d.jpg,100,"Babool: 20, Karanj: 10, Khejri: 40, Neem: 30",FALSE,2024-09-02 07:14:55.683809+05:30,2024-09-02 07:14:55.683827+05:30,1,5118,24.9504114,72.0351784,13,2,1,811606,116,811606220
47871,"24.767280,71.683193,24.767243,71.682489,24.767950,71.682298,24.768073,71.683016",images/blockplantation/e2195fb0-6ef3-48da-819e-84f39dfc3dd4.jpg,250,"Babool: 5, Ber: 10, Gonda: 10, Imli: 10, Kair: 10, Khejri: 5, Lemon: 5, Mango: 5, Rohida: 5, Seesam: 25, Shatavari: 5, Siris: 45, Neem: 40, Karanj: 20, Moringa: 40, Others: 10",FALSE,2024-09-02 07:52:01.416299+05:30,2024-09-02 07:52:01.416316+05:30,1,75128,24.7679668,71.6829763,13,7,2.5,811607,116,811607090
47872,"29.154642,74.238935,29.154642,74.238935,29.154642,74.238935,29.154642,74.238935,29.154642,74.238935,29.154642,74.238935,29.154642,74.238935,29.154642,74.238935,29.154642,74.238935",images/blockplantation/ba0ad71c-a676-488c-8cfa-5c883adcb416.jpg,1000,"Amrood: 50, Babool: 100, Kadamb: 200, Khejri: 300, Lemon: 50, Mango: 50, Mosambi: 208, Seesam: 42",FALSE,2024-09-02 08:10:56.396729+05:30,2024-09-02 08:10:56.396748+05:30,2,77017,29.1545833,74.2389167,17,7,2,810005,100,810005170
47873,"24.950198,72.034968,24.951071,72.035113,24.950940,72.034867,24.950281,72.034643",images/blockplantation/e0ae76ea-72e0-47ae-b2c0-3841189e0754.jpg,100,"Neem: 30, Peepal: 20, Khejri: 30, Babool: 10, Others: 10",FALSE,2024-09-02 08:30:45.449005+05:30,2024-09-02 08:30:45.449029+05:30,1,5118,24.9502305,72.0349152,13,2,1,811606,116,811606220
47874,"24.949112,72.034737,24.949593,72.034903,24.950013,72.034991,24.950158,72.035445",images/blockplantation/3a710b45-e6eb-4e9d-9644-3d38958c3a3b.jpg,100,"Neem: 30, Peepal: 10, Karanj: 10, Khejri: 20, Others: 30",FALSE,2024-09-02 08:43:01.842168+05:30,2024-09-02 08:43:01.842189+05:30,1,5118,24.9496333,72.0348426,13,2,1,811606,116,811606220
47875,"25.679490,76.472203,25.679510,76.472223,25.679510,76.472258,25.679510,76.472259",images/blockplantation/f38bc206-b17a-4d16-9848-1bc836735596.jpg,210,"Amla: 50, Amrood: 50, Ber: 50, Lemon: 50, Mosambi: 10",FALSE,2024-09-02 08:45:20.170804+05:30,2024-09-02 08:45:20.170832+05:30,1,19025,25.679355,76.4722333,9,4,0.7,812701,127,812701200
47876,"24.304767,73.902008,24.304499,73.902728,24.304239,73.902614,24.304614,73.901856",images/blockplantation/edf712ee-be05-41d2-aaed-448ce9ceee83.jpg,1550,"Karanj: 350, Khair: 330, Amla: 260, Arjun: 150, Ber: 380, Jamun: 25, Mango: 20, Neem: 35",FALSE,2024-09-02 09:25:00.738525+05:30,2024-09-02 09:25:00.73855+05:30,1,73531,24.3047183,73.9021467,3,1,7,0,0,0
47877,"24.304767,73.902008,24.304499,73.902728,24.304239,73.902614,24.304614,73.901856",images/blockplantation/4ac94de1-3dae-4cfc-8342-36fe28e3f704.jpg,1550,"Karanj: 350, Khair: 330, Amla: 260, Arjun: 150, Ber: 380, Jamun: 25, Mango: 20, Neem: 35",FALSE,2024-09-02 09:25:03.663775+05:30,2024-09-02 09:25:03.663795+05:30,1,73531,24.3047183,73.9021467,3,1,7,0,0,0
47878,"24.305383,73.896574,24.305218,73.896929,24.303847,73.896164,24.303624,73.895545",images/blockplantation/3d31a043-5c2d-40c9-b631-b6054654226c.jpg,1470,"Amaltas: 230, Amla: 335, Sagon: 400, Seesam: 50, Kikar: 70, Mahua: 20, Khair: 200, Neem: 20, Others: 145",FALSE,2024-09-02 09:25:08.773649+05:30,2024-09-02 09:25:08.773671+05:30,1,73531,24.305325,73.8969967,3,1,10,0,0,0
47879,"24.303660,73.895612,24.303905,73.896116,24.300353,73.897071,24.300502,73.896016",images/blockplantation/5067bb4e-a4d4-4252-8445-827528cbee74.jpg,1260,"Amaltas: 150, Amla: 175, Arjun: 20, Bahera: 25, Bargad: 3, Jamun: 10, Khair: 300, Mahua: 10, Neem: 25, Peepal: 4, Seesam: 10, Sagon: 175, Kikar: 35, Others: 318",FALSE,2024-09-02 09:25:13.27024+05:30,2024-09-02 09:25:13.270257+05:30,1,73531,24.3035517,73.89568,3,1,8,0,0,0
47880,"24.302607,73.898282,24.302552,73.898265,24.301195,73.898208,24.298637,73.900000",images/blockplantation/9818ed30-5b69-4d23-84dd-112e6b195ebc.jpg,2470,"Amla: 275, Bahera: 80, Bargad: 10, Ber: 650, Imli: 50, JUNGLE JALEBI: 150, Khair: 300, Mahua: 40, Mango: 35, Arjun: 45, Others: 835",FALSE,2024-09-02 09:25:13.919931+05:30,2024-09-02 09:25:13.919955+05:30,1,73531,24.3024567,73.898085,3,1,8,0,0,0
47881,"24.297335,73.900798,24.296842,73.900608,24.295629,73.899603,24.296087,73.898468",images/blockplantation/ae64fcae-7515-4fd0-9495-d0bc35e39e80.jpg,2500,"Bahera: 100, Bargad: 5, Arjun: 100, Ber: 600, Others: 800, Peepal: 100, Seesam: 100, Sagon: 300, Neem: 100, Jamun: 110, JUNGLE JALEBI: 100, Mahua: 50, Khair: 35",FALSE,2024-09-02 09:25:18.215999+05:30,2024-09-02 09:25:18.216016+05:30,1,73531,24.297325,73.9008817,3,1,25,0,0,0
47882,"24.296263,73.897282,24.296422,73.896900,24.296587,73.896957,24.296712,73.897037",images/blockplantation/b233392b-8937-465c-a0d1-ca78be010c5d.jpg,7500,"Others: 4000, Peepal: 100, Sagon: 500, Seesam: 400, Semal: 450, Neem: 250, Sagon: 1000, Khair: 800",FALSE,2024-09-02 09:25:21.438056+05:30,2024-09-02 09:25:21.438077+05:30,1,73531,24.2962333,73.8972733,3,1,25,0,0,0
47883,"26.484614,71.806272,26.484592,71.806237,26.483921,71.806118,26.484274,71.806039",images/blockplantation/ffef691e-ab92-411e-a0b0-d1f7f38028d2.jpg,100,"Karanj: 70, Seesam: 25, Lemon: 5",FALSE,2024-09-02 09:25:22.938924+05:30,2024-09-02 09:25:22.938945+05:30,1,72970,26.484641,71.8062566,20,2,1,811403,114,811403010
47884,"26.908483,70.913765,26.908483,70.913765,26.908484,70.913764,26.908484,70.913764",images/blockplantation/e66048fe-fce7-4252-8db2-3984ad6b4091.jpg,100,"Neem: 50, Peepal: 50",FALSE,2024-09-02 09:47:13.705242+05:30,2024-09-02 09:47:13.705261+05:30,1,7669,26.9084776,70.9137829,13,5,2,811401,114,811401135
47885,"25.704173,76.449704,25.704260,76.449902,25.704325,76.449841,25.704511,76.449818",images/blockplantation/89df9176-f243-4471-a8d1-ba9580f9fb88.jpg,150,"Amla: 20, Lemon: 40, Amrood: 70, Palash: 20",FALSE,2024-09-02 09:52:57.723146+05:30,2024-09-02 09:52:57.723161+05:30,1,75892,25.7045151,76.4498493,9,4,0.5,0,0,0
47886,"25.696590,76.453732,25.696660,76.453368,25.696443,76.453324,25.696088,76.453342",images/blockplantation/9bdc1fa4-bfb1-400d-986d-3359403aafa9.jpg,170,"Ber: 50, Amla: 20, Amrood: 25, Karanj: 10, Lemon: 25, Mango: 10, Mosambi: 10, Others: 20",FALSE,2024-09-02 10:00:47.586078+05:30,2024-09-02 10:00:47.586098+05:30,1,75892,25.6966121,76.453797,9,4,0.5,0,0,0
47887,"25.696590,76.453732,25.696660,76.453368,25.696443,76.453324,25.696088,76.453342",images/blockplantation/c0787b24-6903-4021-911a-9e306dc7aa1b.jpg,170,"Ber: 50, Amla: 20, Amrood: 25, Karanj: 10, Lemon: 25, Mango: 10, Mosambi: 10, Others: 20",FALSE,2024-09-02 10:00:48.185575+05:30,2024-09-02 10:00:48.185593+05:30,1,75892,25.6966121,76.453797,9,4,0.5,0,0,0
47888,"25.193562,75.973537,25.193552,75.973515,25.193558,75.973523,25.193558,75.973523,25.193558,75.973523,25.193558,75.973523",images/blockplantation/3d9431a4-65d7-485a-86d4-15e6fc18482b.jpg,125,"Peepal: 25, Neem: 25, Seesam: 25, Karanj: 25, Kachnar: 25",FALSE,2024-09-02 10:07:34.247952+05:30,2024-09-02 10:07:34.247973+05:30,1,73976,25.19363,75.9734883,13,12,0.38,812703,127,812703261
47889,"25.193562,75.973537,25.193552,75.973515,25.193558,75.973523,25.193558,75.973523,25.193558,75.973523,25.193558,75.973523",images/blockplantation/57a6e57d-be82-45b0-aeab-e6e40bf47904.jpg,125,"Peepal: 25, Neem: 25, Seesam: 25, Karanj: 25, Kachnar: 25",FALSE,2024-09-02 10:07:34.450278+05:30,2024-09-02 10:07:34.450298+05:30,1,73976,25.19363,75.9734883,13,12,0.38,812703,127,812703261
47890,"25.193562,75.973537,25.193552,75.973515,25.193558,75.973523,25.193558,75.973523,25.193558,75.973523,25.193558,75.973523",images/blockplantation/5eaad988-6c9b-4b3e-87ad-03c2f38e9487.jpg,125,"Peepal: 25, Neem: 25, Seesam: 25, Karanj: 25, Kachnar: 25",FALSE,2024-09-02 10:07:37.640328+05:30,2024-09-02 10:07:37.640347+05:30,1,73976,25.19363,75.9734883,13,12,0.38,812703,127,812703261
47891,"25.193562,75.973537,25.193552,75.973515,25.193558,75.973523,25.193558,75.973523,25.193558,75.973523,25.193558,75.973523",images/blockplantation/af96e6da-2248-40f2-8ecc-7f8c9429c74c.jpg,125,"Peepal: 25, Neem: 25, Seesam: 25, Karanj: 25, Kachnar: 25",FALSE,2024-09-02 10:07:38.303666+05:30,2024-09-02 10:07:38.303692+05:30,1,73976,25.19363,75.9734883,13,12,0.38,812703,127,812703261
47892,"25.193562,75.973537,25.193552,75.973515,25.193558,75.973523,25.193558,75.973523,25.193558,75.973523,25.193558,75.973523",images/blockplantation/b67a7cca-7979-4c55-9ac2-d8f36e1e47e5.jpg,125,"Peepal: 25, Neem: 25, Seesam: 25, Karanj: 25, Kachnar: 25",FALSE,2024-09-02 10:07:40.747319+05:30,2024-09-02 10:07:40.747337+05:30,1,73976,25.19363,75.9734883,13,12,0.38,812703,127,812703261
47893,"25.193562,75.973537,25.193552,75.973515,25.193558,75.973523,25.193558,75.973523,25.193558,75.973523,25.193558,75.973523",images/blockplantation/b28ce81c-6278-4f35-9f61-dd0d741496af.jpg,125,"Peepal: 25, Neem: 25, Seesam: 25, Karanj: 25, Kachnar: 25",FALSE,2024-09-02 10:07:41.974255+05:30,2024-09-02 10:07:41.974274+05:30,1,73976,25.19363,75.9734883,13,12,0.38,812703,127,812703261
47894,"25.193562,75.973537,25.193552,75.973515,25.193558,75.973523,25.193558,75.973523,25.193558,75.973523,25.193558,75.973523",images/blockplantation/52d570e6-b0ed-495c-be1d-3662023d4a36.jpg,125,"Peepal: 25, Neem: 25, Seesam: 25, Karanj: 25, Kachnar: 25",FALSE,2024-09-02 10:07:44.088416+05:30,2024-09-02 10:07:44.088461+05:30,1,73976,25.19363,75.9734883,13,12,0.38,812703,127,812703261
47895,"25.193562,75.973537,25.193552,75.973515,25.193558,75.973523,25.193558,75.973523,25.193558,75.973523,25.193558,75.973523",images/blockplantation/3bd55858-b64d-4484-8526-f59b37d19c51.jpg,125,"Peepal: 25, Neem: 25, Seesam: 25, Karanj: 25, Kachnar: 25",FALSE,2024-09-02 10:07:45.261837+05:30,2024-09-02 10:07:45.261864+05:30,1,73976,25.19363,75.9734883,13,12,0.38,812703,127,812703261
47896,"25.193562,75.973537,25.193552,75.973515,25.193558,75.973523,25.193558,75.973523,25.193558,75.973523,25.193558,75.973523",images/blockplantation/647f5b0d-07db-4482-91b7-d5f1a3bb8961.jpg,125,"Peepal: 25, Neem: 25, Seesam: 25, Karanj: 25, Kachnar: 25",FALSE,2024-09-02 10:07:50.759757+05:30,2024-09-02 10:07:50.759779+05:30,1,73976,25.19363,75.9734883,13,12,0.38,812703,127,812703261
47897,"25.193562,75.973537,25.193552,75.973515,25.193558,75.973523,25.193558,75.973523,25.193558,75.973523,25.193558,75.973523",images/blockplantation/21e09b91-a1b8-4cf8-b64e-55bd670adb94.jpg,125,"Peepal: 25, Neem: 25, Seesam: 25, Karanj: 25, Kachnar: 25",FALSE,2024-09-02 10:08:01.371934+05:30,2024-09-02 10:08:01.371956+05:30,1,73976,25.19363,75.9734883,13,12,0.38,812703,127,812703261
47898,"25.193562,75.973537,25.193552,75.973515,25.193558,75.973523,25.193558,75.973523,25.193558,75.973523,25.193558,75.973523",images/blockplantation/4c4cae8f-ba9b-466c-847b-ace94f6cb359.jpg,125,"Peepal: 25, Neem: 25, Seesam: 25, Karanj: 25, Kachnar: 25",FALSE,2024-09-02 10:08:01.96742+05:30,2024-09-02 10:08:01.967442+05:30,1,73976,25.19363,75.9734883,13,12,0.38,812703,127,812703261
47899,"25.193562,75.973537,25.193552,75.973515,25.193558,75.973523,25.193558,75.973523,25.193558,75.973523,25.193558,75.973523",images/blockplantation/9a71e47e-0746-4f90-8816-b0fb3a06ea4b.jpg,125,"Peepal: 25, Neem: 25, Seesam: 25, Karanj: 25, Kachnar: 25",FALSE,2024-09-02 10:08:03.956733+05:30,2024-09-02 10:08:03.956752+05:30,1,73976,25.19363,75.9734883,13,12,0.38,812703,127,812703261
47900,"25.193562,75.973537,25.193552,75.973515,25.193558,75.973523,25.193558,75.973523,25.193558,75.973523,25.193558,75.973523",images/blockplantation/5cd111ad-7d41-4d12-90ce-2e16ab0d32e0.jpg,125,"Peepal: 25, Neem: 25, Seesam: 25, Karanj: 25, Kachnar: 25",FALSE,2024-09-02 10:08:04.997996+05:30,2024-09-02 10:08:04.998015+05:30,1,73976,25.19363,75.9734883,13,12,0.38,812703,127,812703261
47901,"25.193562,75.973537,25.193552,75.973515,25.193558,75.973523,25.193558,75.973523,25.193558,75.973523,25.193558,75.973523",images/blockplantation/1ab3db71-6951-4777-91d5-22a12e60833e.jpg,125,"Peepal: 25, Neem: 25, Seesam: 25, Karanj: 25, Kachnar: 25",FALSE,2024-09-02 10:08:06.12159+05:30,2024-09-02 10:08:06.12161+05:30,1,73976,25.19363,75.9734883,13,12,0.38,812703,127,812703261
47902,"28.039764,72.332250,28.039802,72.332325,28.039797,72.332320,28.039796,72.332323",images/blockplantation/ed9360ce-a6b5-487f-a84b-2e14f1435cf5.jpg,250,"Khejri: 50, Neem: 50, Moringa: 50, Ber: 50, Rohida: 50",FALSE,2024-09-02 10:44:32.258431+05:30,2024-09-02 10:44:32.258451+05:30,1,74843,28.0397852,72.3323445,6,7,1,810104,101,810104240
47903,"28.039810,72.332437,28.039804,72.332434,28.039801,72.332432,28.039797,72.332430",images/blockplantation/8d078bb1-b0f1-441b-8c5c-63750288dc37.jpg,150,"Babool: 50, Khejri: 50, Rohida: 50",FALSE,2024-09-02 10:48:04.353885+05:30,2024-09-02 10:48:04.353904+05:30,1,74843,28.0398835,72.3325569,6,7,0.5,810104,101,810104240
47904,"23.798447,73.691795,23.798575,73.691930,23.798206,73.692379,23.798356,73.691880",images/blockplantation/d51e277f-92f3-4123-8759-ca703a8ddbd2.jpg,1306,"Imli: 200, Peepal: 50, Siris: 50, Amla: 50, Sagon: 400, Others: 556",FALSE,2024-09-02 10:51:55.421974+05:30,2024-09-02 10:51:55.421993+05:30,1,4294,23.7984661,73.6918649,30,2,0.28,812402,124,812402030
47905,"25.291283,76.172708,25.291376,76.172719,25.291363,76.172737,25.291121,76.172638",images/blockplantation/320684d2-71dc-417c-aa52-64737de619ac.jpg,300,"Gular: 100, Jamun: 60, Kachnar: 50, Karanj: 90",FALSE,2024-09-02 10:56:41.189629+05:30,2024-09-02 10:56:41.189663+05:30,1,77012,25.2912167,76.1726917,30,11,0.5,812705,127,812705300
47906,"28.039827,72.332465,28.039827,72.332464,28.039827,72.332464,28.039830,72.332468",images/blockplantation/33e9c374-d670-43a7-b7da-e726b09d4aa5.jpg,150,"Khejri: 50, Seesam: 50, Neem: 50",FALSE,2024-09-02 11:01:22.555139+05:30,2024-09-02 11:01:22.555162+05:30,2,74843,28.0398033,72.3323969,6,7,0.8,810104,101,810104240
47907,"28.039758,72.332267,28.039756,72.332267,28.039756,72.332267,28.039755,72.332268",images/blockplantation/4a7ffff0-b981-46ec-a3af-7fc8302e15c9.jpg,250,"Khejri: 50, Seesam: 50, Rohida: 50, Neem: 50, Rohida: 50",FALSE,2024-09-02 11:04:47.538511+05:30,2024-09-02 11:04:47.538532+05:30,2,74843,28.039743,72.3322676,6,7,1,810104,101,810104240
47908,"29.205852,74.413383,29.206069,74.413402,29.206222,74.413423,29.206210,74.413543,29.206174,74.413694,29.206165,74.413675",images/blockplantation/699c5468-05d6-4cff-a815-d04b7ff11ed1.jpg,300,Neem: 300,FALSE,2024-09-02 11:09:03.220298+05:30,2024-09-02 11:09:03.220321+05:30,1,46317,29.2059137,74.4133544,2,5,1,810005,100,810005040
47909,"28.089369,72.367831,28.089367,72.367833,28.089367,72.367833,28.089367,72.367833",images/blockplantation/a9846304-213a-428c-b61f-ab40756f0952.jpg,200,"Khejri: 50, Rohida: 50, Neem: 50, Seesam: 50",FALSE,2024-09-02 11:43:59.713594+05:30,2024-09-02 11:43:59.713613+05:30,2,74843,28.0894456,72.3676884,6,7,1,810104,101,810104060
47910,"25.298652,76.183277,25.298508,76.183207,25.298238,76.183137,25.297593,76.183112",images/blockplantation/bef26f43-029b-44b3-a5c1-3f2b3bfdf18c.jpg,800,"Amrood: 100, Arjun: 50, Gular: 100, Jamun: 200, Kachnar: 100, Karanj: 200, Mango: 50",FALSE,2024-09-02 11:50:02.989273+05:30,2024-09-02 11:50:02.989292+05:30,1,77012,25.2985621,76.1832431,30,12,1.5,812705,127,812705300
47911,"28.127006,72.387706,28.127036,72.387759,28.127068,72.387852,28.127103,72.387834",images/blockplantation/b19ae65e-cdc5-4ebd-a917-094861798ba2.jpg,200,"Khejri: 80, Moringa: 50, Seesam: 30, Rohida: 40",FALSE,2024-09-02 11:58:45.302197+05:30,2024-09-02 11:58:45.302215+05:30,2,74843,28.1271529,72.3878026,6,2,1,810104,101,810104060
47912,"25.313794,76.196738,25.313812,76.196525,25.314004,76.196555,25.313960,76.196677",images/blockplantation/df41519d-a115-45f3-9ec0-3ae26b123bf9.jpg,300,"Neem: 100, Karanj: 100, Jamun: 50, Amrood: 50",FALSE,2024-09-02 12:06:11.819638+05:30,2024-09-02 12:06:11.819658+05:30,1,77012,25.3139637,76.1968127,30,12,0.25,812705,127,812705250
47913,"26.767807,71.827145,26.767767,71.827107,26.767772,71.827104,26.767772,71.827104",images/blockplantation/f20f53b4-df8f-43d2-a78a-d79a1f41b451.jpg,100,"Neem: 50, Seesam: 50",FALSE,2024-09-02 12:08:19.947657+05:30,2024-09-02 12:08:19.947678+05:30,1,6603,26.7677716,71.8271025,2,7,0.4,811403,114,811403140
47914,"25.324808,76.196384,25.324845,76.196180,25.325022,76.196125,25.324915,76.196393",images/blockplantation/93ffd853-be88-4977-8168-ddbf2fd3e3f5.jpg,250,"Amrood: 50, Bargad: 20, Karanj: 100, Seesam: 80",FALSE,2024-09-02 12:21:51.439525+05:30,2024-09-02 12:21:51.439546+05:30,1,77012,25.3249226,76.196338,30,12,0.6,812705,127,812705250
47915,"25.319946,76.199119,25.320040,76.199055,25.319944,76.199166,25.319872,76.199331",images/blockplantation/95848d1e-b15a-425a-a778-0eac099a8699.jpg,120,"Arjun: 30, Kachnar: 40, Karanj: 50",FALSE,2024-09-02 12:28:42.738261+05:30,2024-09-02 12:28:42.738281+05:30,1,77012,25.3197932,76.199373,30,11,0.2,812705,127,812705250
47916,"28.917565,74.391125,28.917564,74.391125,28.917563,74.391124,28.917562,74.391125",images/blockplantation/cdcb8915-50da-4c1a-8994-0535bd4e29d8.jpg,150,"Neem: 50, Seesam: 50, Peepal: 5, Rohida: 2, Lemon: 5, Imli: 10, Khejri: 25, Kikar: 3",FALSE,2024-09-02 12:45:23.841603+05:30,2024-09-02 12:45:23.841623+05:30,2,72965,28.9175769,74.3911252,2,7,0.6,810003,100,810003220
47917,"25.078678,76.122576,25.078565,76.122474,25.078411,76.122385,25.078316,76.122346,25.078723,76.122523,25.078762,76.122612,25.078744,76.122664,25.078759,76.122856,25.078751,76.123017,25.078803,76.123297,25.078843,76.123368",images/blockplantation/b6529d90-f904-4e91-849f-368fcc9d4628.jpg,400,"Neem: 300, Amrood: 50, Seesam: 50",FALSE,2024-09-02 12:48:37.508462+05:30,2024-09-02 12:48:37.508483+05:30,1,9572,25.0790277,76.1234219,13,3,1,812705,127,812705090
47918,"28.136849,72.295829,28.136872,72.295801,28.136901,72.295778,28.136954,72.295754,28.137051,72.295810",images/blockplantation/db6c2647-7269-4d13-977d-d877e16ba458.jpg,350,"Khejri: 100, Seesam: 50, Rohida: 50, Neem: 100, Babool: 50",FALSE,2024-09-02 13:08:49.529211+05:30,2024-09-02 13:08:49.529238+05:30,2,74843,28.1371021,72.2958136,6,2,2,810104,101,810104460
47919,"24.890291,71.768751,24.890285,71.768745,24.890283,71.768728,24.890314,71.768738,24.890339,71.768752,24.890359,71.768759,24.890384,71.768768,24.890417,71.768785,24.890473,71.768810,24.890496,71.768831,24.890554,71.768855,24.890593,71.768883,24.890605,71.768902,24.890643,71.768928,24.890668,71.768944,24.890686,71.768971,24.890694,71.768999,24.890692,71.769043,24.890711,71.769078,24.890720,71.769117,24.890734,71.769171,24.890753,71.769222,24.890766,71.769270,24.890765,71.769300,24.890768,71.769354,24.890777,71.769396,24.890781,71.769418,24.890775,71.769439,24.890771,71.769465,24.890762,71.769491,24.890726,71.769499,24.890705,71.769524,24.890651,71.769556,24.890637,71.769579,24.890611,71.769595,24.890597,71.769571,24.890564,71.769541,24.890523,71.769509,24.890493,71.769481,24.890483,71.769402,24.890491,71.769337,24.890477,71.769314,24.890460,71.769308,24.890423,71.769284,24.890403,71.769268,24.890399,71.769220,24.890400,71.769184,24.890359,71.769113,24.890334,71.769062,24.890339,71.769018,24.890331,71.768992,24.890313,71.768953,24.890299,71.768922,24.890284,71.768889,24.890281,71.768866,24.890284,71.768830,24.890284,71.768807,24.890273,71.768780,24.890263,71.768752",images/blockplantation/26953b2e-84ab-497e-ad9b-98bf0f1b0b5b.jpg,300,"Neem: 50, Gular: 50, Karanj: 80, Siris: 50, Khejri: 70",FALSE,2024-09-02 13:16:23.66938+05:30,2024-09-02 13:16:23.6694+05:30,1,8086,24.8903151,71.7687885,13,2,1.1,811603,116,811603230
47920,"28.134596,72.298339,28.134599,72.298355,28.134599,72.298370,28.134555,72.298397,28.134533,72.298417",images/blockplantation/eb905f73-832a-497c-96bc-db22e0893ab5.jpg,350,"Rohida: 70, Seesam: 70, Neem: 70, Khejri: 100, Lemon: 40",FALSE,2024-09-02 13:21:58.780475+05:30,2024-09-02 13:21:58.780499+05:30,2,74843,28.1345435,72.2984356,6,7,1,810104,101,810104460
47921,"24.890292,71.768774,24.890299,71.768721,24.890340,71.768713,24.890365,71.768720,24.890412,71.768723,24.890497,71.768743,24.890543,71.768762,24.890594,71.768773,24.890621,71.768796,24.890637,71.768814,24.890651,71.768824,24.890673,71.768832,24.890687,71.768872,24.890695,71.768886,24.890701,71.768922,24.890696,71.768958,24.890690,71.768987,24.890728,71.769018,24.890747,71.769075,24.890758,71.769132,24.890771,71.769171,24.890774,71.769245,24.890762,71.769273,24.890766,71.769333,24.890757,71.769374,24.890772,71.769416,24.890761,71.769457,24.890775,71.769493,24.890748,71.769491,24.890725,71.769487,24.890709,71.769508,24.890683,71.769528,24.890643,71.769558,24.890604,71.769607,24.890585,71.769593,24.890570,71.769538,24.890515,71.769495,24.890467,71.769449,24.890490,71.769415,24.890499,71.769372,24.890443,71.769347,24.890411,71.769318,24.890403,71.769270,24.890383,71.769238,24.890373,71.769167,24.890362,71.769130,24.890350,71.769087,24.890337,71.769041,24.890328,71.769019,24.890313,71.768983,24.890299,71.768957,24.890284,71.768931,24.890263,71.768893,24.890259,71.768879,24.890261,71.768859,24.890262,71.768831",images/blockplantation/429194d4-8164-495a-9966-96469d5d7038.jpg,300,"Neem: 80, Khejri: 70, Gular: 50, Karanj: 50, Siris: 50",FALSE,2024-09-02 13:33:31.114219+05:30,2024-09-02 13:33:31.114239+05:30,1,8086,24.8902646,71.7687698,13,2,1.1,811603,116,811603230
47922,"28.374559,75.463793,28.374405,75.463888,28.375505,75.457960,28.374267,75.462275",images/blockplantation/b8071b4c-593b-4fe3-ac57-12fb67530a36.jpg,250,"Neem: 100, Seesam: 100, Siris: 50",FALSE,2024-09-02 13:51:52.231807+05:30,2024-09-02 13:51:52.231829+05:30,1,17884,28.37411,75.462715,13,2,100,810203,102,810203360
47923,"25.308600,76.138402,25.308648,76.138537,25.308705,76.138603,25.308758,76.138464",images/blockplantation/3c8b7a6e-bd42-46fb-836d-1d0e8d4ee8a3.jpg,700,"Chokar: 50, Ber: 100, Gular: 100, Jamun: 100, Moringa: 50, Neem: 200, Palash: 50, Seesam: 50",FALSE,2024-09-02 14:57:25.455055+05:30,2024-09-02 14:57:25.45508+05:30,1,74012,25.3086615,76.1383473,13,3,1.2,812705,127,812705330
47924,"25.308600,76.138402,25.308648,76.138537,25.308705,76.138603,25.308758,76.138464",images/blockplantation/2cd551a1-b47d-465a-9d65-a92f167ce437.jpg,700,"Chokar: 50, Ber: 100, Gular: 100, Jamun: 100, Moringa: 50, Neem: 200, Palash: 50, Seesam: 50",FALSE,2024-09-02 14:57:33.690454+05:30,2024-09-02 14:57:33.690475+05:30,1,74012,25.3086615,76.1383473,13,3,1.2,812705,127,812705330
47925,"25.309298,76.138757,25.309298,76.138757,25.309298,76.138757,25.309298,76.138757",images/blockplantation/f373eb35-0a6a-4de8-9da0-70e77f920274.jpg,700,"Chokar: 100, Gular: 200, Amrood: 50, Harsingar: 50, Imli: 50, Jamun: 100, Neem: 100, Palash: 50",FALSE,2024-09-02 14:58:05.356527+05:30,2024-09-02 14:58:05.356547+05:30,1,74012,25.309363,76.1387438,13,3,1.2,812705,127,812705330
47926,"25.309298,76.138757,25.309298,76.138757,25.309298,76.138757,25.309298,76.138757",images/blockplantation/3b4edbf5-128a-4424-808c-1735d4a1e9dd.jpg,700,"Chokar: 100, Gular: 200, Amrood: 50, Harsingar: 50, Imli: 50, Jamun: 100, Neem: 100, Palash: 50",FALSE,2024-09-02 14:58:05.840562+05:30,2024-09-02 14:58:05.840582+05:30,1,74012,25.309363,76.1387438,13,3,1.2,812705,127,812705330
47927,"27.223763,77.493213,27.224011,77.493421,27.224357,77.493724,27.224568,77.493986,27.224341,77.493897",images/blockplantation/4dc3a113-6daa-4eac-a16d-5d3897d4e31b.jpg,760,"Jamun: 10, Neem: 30, Karanj: 320, Seesam: 50, Imli: 70, Amrood: 20, Amaltas: 50, Peepal: 37, Lemon: 70, Harsingar: 53, Siris: 50",FALSE,2024-09-02 15:24:10.75797+05:30,2024-09-02 15:24:10.758008+05:30,1,70155,27.2243302,77.4937231,30,5,0.1,810509,105,810509729
47928,"24.948008,72.040027,24.945668,72.036975,24.946072,72.036206,24.946670,72.037008",images/blockplantation/6cfd1279-f660-409c-8893-b36b273f1483.jpg,100,"Peepal: 20, Karanj: 20, Neem: 10, JUNGLE JALEBI: 10, Bargad: 1, Jamun: 10, Others: 29",FALSE,2024-09-02 15:46:38.691714+05:30,2024-09-02 15:46:38.691742+05:30,1,5118,24.9479631,72.0400207,13,2,1,811606,116,811606220
47929,"25.091256,75.863941,25.091242,75.863941,25.091254,75.863930,25.091274,75.863935,25.091240,75.863961",images/blockplantation/7e433ad2-7752-4b78-83e1-6bd4dbd87b8d.jpg,500,"Kadamb: 250, Neem: 250",FALSE,2024-09-02 16:23:39.069712+05:30,2024-09-02 16:23:39.069736+05:30,2,32655,25.0913051,75.8639538,30,2,0.2,812703,127,812703010
47930,"25.091472,75.864966,25.091492,75.864998,25.091296,75.865222,25.091244,75.865371,25.091015,75.865413,25.090850,75.865622,25.090778,75.865572,25.090817,75.865319,25.090865,75.865192,25.090922,75.865117,25.091015,75.865070,25.091081,75.865090",images/blockplantation/8e70f61b-6f33-4655-98ad-304a69f0c2aa.jpg,5000,"Peepal: 800, Seesam: 850, Neem: 1300, Karanj: 750, Kadamb: 1300",FALSE,2024-09-02 16:25:53.269427+05:30,2024-09-02 16:25:53.269453+05:30,1,32661,25.0911132,75.8653324,30,1,2.5,812703,127,812703010
47931,"25.091463,75.864668,25.091472,75.864677,25.091520,75.864667,25.091555,75.864655",images/blockplantation/eba45f39-50fe-4509-8e66-31c51fdef998.jpg,500,"Gular: 200, Jamun: 200, Kadam: 100",FALSE,2024-09-02 16:27:09.774134+05:30,2024-09-02 16:27:09.774156+05:30,2,32655,25.0915091,75.8646787,30,2,0.2,812703,127,812703010
47932,"25.091271,75.864633,25.091266,75.864622,25.091231,75.864620,25.091221,75.864603",images/blockplantation/9fc2a10b-ecaf-4532-85fb-503fc231e279.jpg,500,"Gular: 200, Kadamb: 100, Mango: 50, Neem: 150",FALSE,2024-09-02 16:29:42.767254+05:30,2024-09-02 16:29:42.767276+05:30,2,32655,25.0914764,75.8646696,30,2,0.2,812703,127,812703010
47933,"25.091544,75.864854,25.091542,75.865120,25.091657,75.865512,25.091745,75.866377,25.091785,75.866616,25.091954,75.866964,25.092152,75.866842,25.092708,75.866594,25.092682,75.866108,25.092720,75.865825,25.092624,75.865280,25.092809,75.865000",images/blockplantation/0f915634-ede0-4801-8427-d5e494878f26.jpg,5000,"Peepal: 1200, Neem: 2000, Karanj: 1800",FALSE,2024-09-02 16:31:28.124589+05:30,2024-09-02 16:31:28.124608+05:30,1,77011,25.0927711,75.8648605,30,1,2.5,812703,127,812703010
47934,"25.091144,75.864615,25.091132,75.864626,25.091122,75.864642,25.091095,75.864658",images/blockplantation/4d48f3e8-bd15-45f6-9c11-2d6527f7d1b1.jpg,300,"Peepal: 100, Sagon: 100, Seesam: 100",FALSE,2024-09-02 16:31:40.867491+05:30,2024-09-02 16:31:40.867516+05:30,2,32655,25.0911107,75.8646058,30,2,0.2,812703,127,812703010
47935,"25.091101,75.864702,25.091100,75.864710,25.091099,75.864727,25.091072,75.864755",images/blockplantation/4a9b1694-2db5-424e-bf21-b6a22fa4015c.jpg,500,"Amrood: 50, Arjun: 50, Banyan: 50, Gular: 50, Jamun: 100, Kadamb: 100, Kair: 100",FALSE,2024-09-02 16:33:43.349986+05:30,2024-09-02 16:33:43.350011+05:30,2,32655,25.0911233,75.8646993,30,2,0.2,812703,127,812703010
47936,"25.091477,75.865792,25.091387,75.865916,25.091408,75.866068,25.091400,75.866238,25.091273,75.866353,25.091151,75.866380,25.091048,75.866436,25.091201,75.866607,25.091395,75.866674,25.091525,75.866819,25.091645,75.866957,25.091825,75.867010,25.092054,75.866890,25.092168,75.866776,25.092243,75.866667",images/blockplantation/15b7e19f-bf54-4403-97ad-973e0331d23b.jpg,5000,"Khejri: 1800, Karanj: 800, Neem: 1300, Seesam: 400, Peepal: 700",FALSE,2024-09-02 16:35:16.624454+05:30,2024-09-02 16:35:16.624478+05:30,1,32661,25.0914954,75.8657999,30,1,2.8,812703,127,812703010
47937,"25.091171,75.864523,25.091164,75.864519,25.091158,75.864519,25.091149,75.864523",images/blockplantation/e09cc1f0-9e73-40a5-9155-0a1424722225.jpg,500,"Aak: 50, Amaltas: 50, Amrood: 50, Arjun: 50, Bael: 50, Bargad: 50, Gular: 100, Khair: 100",FALSE,2024-09-02 16:39:27.409005+05:30,2024-09-02 16:39:27.409039+05:30,2,32655,25.0912478,75.8643143,30,1,0.2,812703,127,812703010
47938,"28.293912,74.093625,28.293860,74.093693,28.293846,74.093719,28.293724,74.093645",images/blockplantation/1a939731-625e-4036-a7d7-d36f45d05aff.jpg,100,"Neem: 25, Peepal: 30, Seesam: 30, Ardu: 15",FALSE,2024-09-02 16:39:35.738462+05:30,2024-09-02 16:39:35.738482+05:30,1,54166,28.293681,74.0936225,6,7,4,810102,101,810102200
47939,"25.091106,75.864544,25.091095,75.864526,25.091077,75.864507,25.091065,75.864506",images/blockplantation/0184e369-a1f1-4819-bf59-b858d8bba3e8.jpg,500,"Arjun: 100, Bael: 100, Dhak: 50, Gular: 100, Imli: 50, Kadam: 100",FALSE,2024-09-02 16:41:17.782427+05:30,2024-09-02 16:41:17.782453+05:30,2,32655,25.0910356,75.8646159,30,1,0.2,812703,127,812703010
47940,"25.091115,75.864467,25.091118,75.864468,25.091126,75.864454,25.091131,75.864446",images/blockplantation/41ad9a2e-ca0f-4ed9-a3b7-f9f3ec65a0d8.jpg,500,"Babool: 100, Bael: 100, Ber: 100, Dhak: 100, Gular: 100",FALSE,2024-09-02 16:42:49.241736+05:30,2024-09-02 16:42:49.241763+05:30,2,32655,25.0910482,75.8645384,30,1,0.3,812703,127,812703010
47941,"25.091513,75.864405,25.091517,75.864404,25.091542,75.864395,25.091561,75.864381",images/blockplantation/e51f60f2-0ab2-4f0b-ad56-b912dc7029f3.jpg,500,"Amrood: 100, Ber: 100, Dhak: 50, Gular: 50, Jamun: 100, Kadam: 100",FALSE,2024-09-02 16:45:17.622233+05:30,2024-09-02 16:45:17.622253+05:30,2,32655,25.0915885,75.8644497,30,1,0.2,812703,127,812703010
47942,"25.091610,75.864256,25.091620,75.864252,25.091643,75.864206,25.091640,75.864195,25.091639,75.864194",images/blockplantation/83aedd4b-7e44-4303-88ad-9fe0db01b088.jpg,500,"Amaltas: 100, Amla: 100, Amrood: 100, Arjun: 100, Bael: 100",FALSE,2024-09-02 16:47:06.11217+05:30,2024-09-02 16:47:06.112196+05:30,2,32655,25.0915077,75.8643837,30,1,0.3,812703,127,812703010
47943,"25.091185,75.863583,25.091184,75.863586,25.091182,75.863593,25.091178,75.863603,25.091188,75.863620,25.091202,75.863624",images/blockplantation/a9d09df7-777a-4e41-b27a-c5e0b3a83109.jpg,500,"Arjun: 100, Bael: 100, Banyan: 100, Ber: 100, Gular: 100",FALSE,2024-09-02 16:51:55.077131+05:30,2024-09-02 16:51:55.077154+05:30,2,32655,25.0912047,75.8636177,30,1,0.2,812703,127,812703010
47944,"25.091442,75.864788,25.091446,75.864804,25.091444,75.864817,25.091445,75.864823",images/blockplantation/4e378407-dbda-44ff-bab6-aae34a09d7cf.jpg,500,"Bael: 100, Banyan: 100, Ber: 100, Gular: 100, Jamun: 100",FALSE,2024-09-02 16:54:42.009313+05:30,2024-09-02 16:54:42.009341+05:30,2,32655,25.0913056,75.8641893,30,1,0.3,812703,127,812703010
47945,"28.300235,74.095790,28.300221,74.095795,28.300187,74.095703,28.300220,74.095791",images/blockplantation/abd3b5a6-1a6c-439f-9180-29ebbfd89956.jpg,100,"Peepal: 25, Neem: 30, Seesam: 15, Ardu: 30",FALSE,2024-09-02 16:55:54.045593+05:30,2024-09-02 16:55:54.045614+05:30,1,54166,28.3001391,74.0958139,6,7,5,810102,101,810102200
47946,"28.004094,74.214001,28.003515,74.214007,28.003353,74.213759,28.003658,74.213706,28.003976,74.213537",images/blockplantation/e73d591f-b21d-4a24-8756-e9d087530a33.jpg,238,"Aak: 20, Amrood: 20, Arjun: 40, Chokar: 8, Kadamb: 15, Neem: 100, Karanj: 5, Seesam: 30",FALSE,2024-09-02 17:10:05.280579+05:30,2024-09-02 17:10:05.280606+05:30,1,62179,28.0039399,74.213593,6,7,3,810102,101,810102070
47947,"27.162336,77.285463,27.162987,77.285452,27.162973,77.284606,27.162304,77.284539,27.162333,77.285434,27.162329,77.285435",images/blockplantation/6eedd0f2-710a-430c-a4cc-fd025f9dbf10.jpg,228,Lemon: 228,FALSE,2024-09-02 17:43:29.391583+05:30,2024-09-02 17:43:29.391604+05:30,1,653,27.1623691,77.2854814,24,4,1,810505,105,810505080
47948,"28.265297,74.087452,28.265297,74.087452,28.265298,74.087451,28.265298,74.087451,28.265298,74.087451",images/blockplantation/7ad2ed89-ee1f-47c7-8d87-27c11daf5b13.jpg,800,"Amla: 200, Arjun: 200, Bael: 200, Ber: 200",FALSE,2024-09-02 18:08:57.271577+05:30,2024-09-02 18:08:57.271593+05:30,1,74516,28.2652977,74.0874512,13,7,2,810102,101,810102410
47949,"27.071464,76.738487,27.071235,76.739959,27.071819,76.741027,27.072682,76.742383,27.072692,76.743033,27.072693,76.743540,27.072996,76.744718,27.073226,76.745450,27.073739,76.746698,27.073621,76.747810",images/blockplantation/d17d69c9-a214-4eb2-909f-0a4816f4a062.jpg,200,"Gular: 50, Karanj: 50, Neem: 30, Seesam: 20, Kair: 50",FALSE,2024-09-02 18:14:33.270102+05:30,2024-09-02 18:14:33.270121+05:30,1,10103,27.0714744,76.7384816,7,9,1.2,810901,109,810901160
47950,"26.566100, 76.891755,26.566102, 76.891763,26.566104, 76.891767,26.566104, 76.891767,26.566104, 76.891767,26.566107, 76.891775,26.566107, 76.891775,26.566108, 76.891782",images/blockplantation/2600b219-ba05-45e0-aa9d-01b2fd85fff7.jpg,100,"Ambla,Neebu",FALSE,2024-09-02 18:16:34.52952+05:30,2024-09-02 18:16:34.529555+05:30,1,75729,26.5708242,76.9003787,2,5,1,810804,108,810804380
47951,"24.948055,72.034690,24.948603,72.035257,24.948428,72.035110,24.947898,72.034694",images/blockplantation/32335be6-b902-4b53-bf94-b66325bc9158.jpg,100,"Neem: 10, Peepal: 10, Karanj: 10, Babool: 20, Others: 50",FALSE,2024-09-02 18:22:11.702327+05:30,2024-09-02 18:22:11.702348+05:30,1,5118,24.9480679,72.03466,13,2,1,811606,116,811606220
47952,"27.214839,77.477683,27.214838,77.477686,27.214837,77.477688,27.214828,77.477681,27.214830,77.477678,27.214824,77.477684,27.214822,77.477685,27.214819,77.477689,27.214820,77.477690,27.214823,77.477693,27.214818,77.477741,27.214816,77.477700,27.214816,77.477706,27.214821,77.477710,27.214814,77.477703,27.214814,77.477703,27.214814,77.477703,27.214815,77.477703,27.214816,77.477702,27.214817,77.477701,27.214817,77.477701,27.214819,77.477698,27.214819,77.477695,27.214818,77.477689,27.214814,77.477682,27.214814,77.477680,27.214810,77.477672,27.214804,77.477657,27.214800,77.477654,27.214791,77.477676,27.214798,77.477670,27.214808,77.477671,27.214821,77.477677,27.214837,77.477700,27.214843,77.477717,27.214847,77.477737,27.214847,77.477746,27.214848,77.477756,27.214837,77.477772,27.214832,77.477770,27.214809,77.477785,27.214806,77.477788,27.214803,77.477788,27.214798,77.477788,27.214792,77.477787,27.214787,77.477784,27.214777,77.477778",images/blockplantation/6c230fa0-102c-41af-bc1c-c0b1d1afa510.jpg,100,"Amrood: 10, Harsingar: 10, Lemon: 10, Amla: 10, Arjun: 5, Jamun: 5, Kachnar: 5, Mahua: 8, Mosambi: 8, Neem: 10, Others: 10, Seesam: 9",FALSE,2024-09-02 18:31:27.482441+05:30,2024-09-02 18:31:27.48246+05:30,1,77080,27.2146146,77.4779613,2,12,0.8,810509,105,810509729
47953,"27.073769,76.748520,27.073872,76.749487,27.074494,76.750490,27.075250,76.752072,27.075557,76.752956,27.075893,76.754179,27.076096,76.755166,27.076309,76.756075,27.076112,76.757756",images/blockplantation/e876a6a6-4690-4be7-a2a4-dbde8b77c604.jpg,200,"Gular: 50, Karanj: 50, Khair: 50, Neem: 40, Seesam: 10",FALSE,2024-09-02 18:35:04.40011+05:30,2024-09-02 18:35:04.400145+05:30,1,10103,27.0737671,76.7485192,7,9,1.2,810901,109,810901320
47954,"27.076055,76.757755,27.076040,76.758287,27.075932,76.759172,27.075665,76.760282,27.075364,76.761464,27.075080,76.762352,27.074892,76.762844,27.074576,76.763623,27.074593,76.763789",images/blockplantation/ecebeade-4abd-4a04-af62-0810a3b7ddb4.jpg,100,"Gular: 30, Karanj: 50, Neem: 10, Seesam: 10",FALSE,2024-09-02 18:43:52.398694+05:30,2024-09-02 18:43:52.398713+05:30,1,10103,27.0760844,76.7577338,7,9,0.6,810901,109,810901070
47955,"28.008970,73.770981,28.008310,73.772217,28.007458,73.771454,28.007582,73.769524,28.007851,73.772697",images/blockplantation/00d4e1ff-6efc-4d44-a047-6b3561d0a0dc.jpg,609,"Neem: 450, Neemuch: 100, Ardu: 30, Peepal: 5, Gular: 24",FALSE,2024-09-02 19:20:21.327533+05:30,2024-09-02 19:20:21.327554+05:30,1,77132,28.00897026,73.77098083,6,12,2 5,810102,101,810102100
47956,"29.076462,74.783375,29.076462,74.783375,29.076462,74.783375,29.076462,74.783375",images/blockplantation/2b1dc333-ccb9-4047-982d-fd8db3d5986c.jpg,100,Jamun: 100,FALSE,2024-09-03 07:44:12.035307+05:30,2024-09-03 07:44:12.035326+05:30,2,75866,29.0764476,74.7833674,2,7,1.3,810003,100,810003100
47957,"29.076975,74.783519,29.076998,74.783510,29.077099,74.783481,29.077111,74.783483,29.077154,74.783487",images/blockplantation/3ea3ea2e-605c-40fd-adac-b2bc96b9b469.jpg,100,Khejri: 100,FALSE,2024-09-03 07:55:00.797518+05:30,2024-09-03 07:55:00.797544+05:30,2,75866,29.0774672,74.7836582,2,7,1.5,810003,100,810003100
47958,"27.779981,77.180571,27.780020,77.180753,27.780038,77.180735,27.780129,77.180703",images/blockplantation/b9ef948c-b168-4672-946d-cbf126888f97.jpg,700,"Neem: 200, Karanj: 400, Siris: 100",FALSE,2024-09-03 08:12:57.498663+05:30,2024-09-03 08:12:57.498682+05:30,1,77014,27.779844,77.1805312,2,7,50,810507,105,810507180
47959,"25.800534,75.601206,25.800681,75.601398,25.800689,75.601472,25.800713,75.601517,25.800718,75.601570,25.800861,75.601256,25.800875,75.601156,25.800887,75.601139",images/blockplantation/04296324-5524-4f3f-abca-04627b37694d.jpg,545,"Peepal: 100, Neem: 100, Amla: 45, Seesam: 100, Karanj: 100, Others: 100",FALSE,2024-09-03 08:14:23.33004+05:30,2024-09-03 08:14:23.330063+05:30,1,41864,25.8006642,75.6012926,2,7,2,812001,120,812001010
47960,"27.220606,77.424257,27.220636,77.424255,27.220644,77.424279,27.220647,77.424291,27.220652,77.424301,27.220665,77.424317,27.220678,77.424334,27.220691,77.424351,27.220689,77.424397,27.220679,77.424422,27.220665,77.424448,27.220669,77.424452,27.220671,77.424437,27.220667,77.424412,27.220664,77.424403,27.220661,77.424395,27.220657,77.424386,27.220654,77.424377,27.220651,77.424366,27.220651,77.424346,27.220652,77.424328,27.220652,77.424317,27.220654,77.424307,27.220656,77.424296,27.220658,77.424283,27.220659,77.424268,27.220661,77.424243,27.220660,77.424231,27.220659,77.424222,27.220655,77.424203,27.220652,77.424143,27.220656,77.424131,27.220643,77.424001,27.220634,77.423974,27.220629,77.423917,27.220651,77.423908,27.220679,77.423913,27.220690,77.423913,27.220706,77.423901,27.220711,77.423892",images/blockplantation/580d1ae0-3a68-4b71-a7ca-945d4040c74d.jpg,100,"Amrood: 10, Arjun: 10, Harsingar: 5, Kadam: 10, Jamun: 10, Karanj: 10, Lemon: 5, Mango: 5, Neem: 10, Orange: 10, Seesam: 10, Moringa: 5",FALSE,2024-09-03 08:17:38.012645+05:30,2024-09-03 08:17:38.012713+05:30,1,77080,27.2112249,77.4628472,2,7,1,810509,105,810509729
47961,"29.076353,74.785224,29.076367,74.785202,29.076367,74.785201,29.076367,74.785202",images/blockplantation/012c2e39-93a6-435e-94ee-9261a6e446e5.jpg,100,Khejri: 100,FALSE,2024-09-03 08:23:54.543802+05:30,2024-09-03 08:23:54.543822+05:30,2,75866,29.0763289,74.7851976,2,9,1.5,810003,100,810003100
47962,"26.022951, 75.621844,26.022912, 75.621890,26.022912, 75.621891,26.022907, 75.621896",images/blockplantation/1fc42bc5-03ab-43f3-abf4-f1b3ac672055.jpg,100,"Neem,Kaner,Gulmohar",FALSE,2024-09-03 08:27:07.939978+05:30,2024-09-03 08:27:07.939996+05:30,2,22565,26.0238357,75.621851,2,2,2,812004,120,812004170
47963,"28.129431,74.190140,28.129395,74.189804,28.129436,74.189781,28.129490,74.190155,28.129429,74.189964",images/blockplantation/d55c147c-a13e-44a5-a34d-3f14f59dac12.jpg,450,"Aak: 40, Seesam: 150, Peepal: 50, Neem: 170, Khejri: 40",FALSE,2024-09-03 08:54:41.044992+05:30,2024-09-03 08:54:41.045012+05:30,1,25944,28.12943077,74.19013977,6,7,0.5,810102,101,810102130
47964,"28.917826,74.391292,28.917810,74.391291,28.917801,74.391291,28.917789,74.391301",images/blockplantation/b64d2eba-06e1-4077-aa43-2f8f4de88052.jpg,200,"Seesam: 50, Neem: 70, Khejri: 30, Lemon: 10, Babool: 3, Imli: 10, Jamun: 20, Lemon: 7",FALSE,2024-09-03 08:55:20.103953+05:30,2024-09-03 08:55:20.103972+05:30,2,72965,28.9178361,74.3912905,2,7,0.6,810003,100,810003220
47965,"27.170631,77.383521,27.170652,77.383441,27.170671,77.383448,27.170725,77.383421,27.170727,77.383508",images/blockplantation/d185de69-c3ea-461f-a901-a4ddd56173e4.jpg,100,"Bael: 5, Jamun: 10, Kachnar: 5, Kadam: 10, Karanj: 30, Neem: 20, Peepal: 10, Seesam: 10",FALSE,2024-09-03 08:57:30.133984+05:30,2024-09-03 08:57:30.134003+05:30,1,77078,27.1706341,77.3836717,2,7,0.3,810509,105,810509220
47966,"27.170133,77.383342,27.170184,77.383224,27.170164,77.383239,27.170148,77.383254,27.170156,77.383279",images/blockplantation/c6b6d5cc-7af2-44d9-a4a9-a72e21f8d88c.jpg,100,"Amrood: 10, Bael: 5, Banyan: 5, Ber: 10, Jamun: 20, Kachnar: 5, Kadam: 10, Karanj: 20, Neem: 15",FALSE,2024-09-03 09:04:11.029336+05:30,2024-09-03 09:04:11.029356+05:30,1,77078,27.1701333,77.3833417,2,7,1,810509,105,810509220
47967,"27.196667,77.353643,27.196666,77.353667,27.196613,77.353670,27.196655,77.353648",images/blockplantation/6b1e22c6-ec7d-4847-b16d-0a56d73cd7bc.jpg,100,Gular: 100,FALSE,2024-09-03 09:08:00.829961+05:30,2024-09-03 09:08:00.82998+05:30,1,77077,27.1967225,77.3536183,2,7,1.5,810509,105,810509040
47968,"27.592948,77.327746,27.592949,77.327747,27.592949,77.327748,27.592924,77.327741,27.592908,77.327724,27.592890,77.327711,27.592869,77.327693,27.592829,77.327679,27.592819,77.327668,27.592821,77.327659,27.592828,77.327658,27.592833,77.327716,27.592913,77.327729,27.592949,77.327736,27.592968,77.327737,27.592978,77.327745,27.592988,77.327750,27.593017,77.327845,27.593015,77.327867,27.593015,77.327874,27.593008,77.327870,27.593007,77.327867,27.593003,77.327872,27.592998,77.327882,27.592994,77.327881,27.592985,77.327870,27.592974,77.327867,27.593054,77.327849,27.593088,77.327862,27.593134,77.327907,27.593255,77.328034,27.593215,77.328064,27.593110,77.327995,27.593012,77.327921,27.592851,77.327825,27.592805,77.327812,27.592774,77.327820,27.592739,77.327781,27.592720,77.327762,27.592700,77.327746,27.592645,77.327748,27.592632,77.327705,27.592799,77.327821,27.592827,77.327823,27.592874,77.327854",images/blockplantation/d38877f6-a09d-4885-b46e-2e4fc9d3c71f.jpg,545,"Neem: 150, Amrood: 10, Karanj: 25, Kikar: 100, Peepal: 10, Babool: 10, Bael: 20, Gular: 25, Jamun: 10, Mango: 50, Kadamb: 25, Kachnar: 50, Ber: 50, Khejri: 10",FALSE,2024-09-03 09:39:21.14568+05:30,2024-09-03 09:39:21.145698+05:30,1,18698,27.5930457,77.3278678,2,7,5.3,810502,105,810502110
47969,"27.764481,74.024120,27.764480,74.024122,27.764480,74.024119,27.764422,74.024117,27.764415,74.024105,27.764415,74.024098,27.764413,74.024069,27.764384,74.024029,27.764382,74.023995,27.764409,74.023973,27.764404,74.023963,27.764381,74.023966,27.764357,74.023966,27.764342,74.023936,27.764311,74.023909,27.764288,74.023902,27.764278,74.023891,27.764281,74.023859,27.764258,74.023847,27.764245,74.023830,27.764222,74.023824,27.764194,74.023817,27.764167,74.023820,27.764169,74.023848,27.764174,74.023877,27.764193,74.023902,27.764200,74.023926,27.764209,74.023946,27.764195,74.023960,27.764167,74.023938,27.764151,74.023906,27.764132,74.023905,27.764115,74.023898,27.764100,74.023892,27.764081,74.023871,27.764070,74.023865,27.764060,74.023857,27.764056,74.023853,27.764050,74.023842,27.764045,74.023828,27.764042,74.023821,27.764034,74.023812,27.764025,74.023804,27.764012,74.023800,27.764001,74.023807,27.763992,74.023803,27.763985,74.023798,27.763972,74.023797,27.763964,74.023794,27.763961,74.023792,27.763960,74.023786,27.763959,74.023777,27.763962,74.023765,27.763967,74.023753,27.763966,74.023748,27.763964,74.023737,27.763977,74.023711,27.763969,74.023695,27.763958,74.023686,27.763956,74.023677,27.763955,74.023659,27.763956,74.023654,27.763963,74.023673,27.763952,74.023685,27.763944,74.023687,27.763938,74.023688,27.763933,74.023689,27.763910,74.023702,27.763914,74.023710,27.763917,74.023718,27.763918,74.023725,27.763921,74.023739,27.763923,74.023751,27.763927,74.023765,27.763939,74.023774,27.763979,74.023818,27.763979,74.023829,27.763981,74.023842,27.763982,74.023847,27.763987,74.023854,27.763995,74.023865,27.763999,74.023870,27.764003,74.023876,27.764008,74.023886,27.764014,74.023894,27.764024,74.023905,27.764031,74.023911,27.764040,74.023917,27.764044,74.023922,27.764048,74.023931,27.764051,74.023939,27.764054,74.023950,27.764055,74.023956,27.764057,74.023964,27.764061,74.023974,27.764066,74.023980,27.764071,74.023985,27.764076,74.023988,27.764083,74.023988,27.764083,74.023988,27.764129,74.024002,27.764136,74.024000,27.764145,74.023999,27.764150,74.024000,27.764155,74.024002,27.764160,74.024005,27.764165,74.024008,27.764171,74.024012,27.764175,74.024013,27.764180,74.024014,27.764187,74.024017,27.764190,74.024021,27.764192,74.024027,27.764193,74.024034,27.764197,74.024041,27.764202,74.024044,27.764206,74.024045,27.764214,74.024051,27.764219,74.024056,27.764222,74.024059,27.764224,74.024062,27.764228,74.024067,27.764233,74.024069,27.764240,74.024070,27.764260,74.024072,27.764270,74.024083,27.764274,74.024084,27.764280,74.024084,27.764287,74.024086,27.764293,74.024089,27.764297,74.024093,27.764302,74.024099,27.764304,74.024110,27.764303,74.024113,27.764303,74.024115,27.764313,74.024118,27.764317,74.024119,27.764327,74.024121,27.764331,74.024120,27.764339,74.024118,27.764345,74.024115,27.764355,74.024116,27.764363,74.024121,27.764366,74.024123,27.764370,74.024131,27.764372,74.024136,27.764374,74.024146,27.764374,74.024153,27.764373,74.024160,27.764375,74.024170,27.764377,74.024173,27.764385,74.024178,27.764391,74.024180,27.764394,74.024186,27.764395,74.024190,27.764397,74.024195,27.764402,74.024207,27.764402,74.024207,27.764403,74.024211,27.764404,74.024218,27.764402,74.024222,27.764402,74.024222,27.764401,74.024229,27.764403,74.024233,27.764406,74.024239,27.764412,74.024246,27.764414,74.024247,27.764417,74.024248,27.764418,74.024249,27.764419,74.024250,27.764420,74.024252,27.764422,74.024257,27.764423,74.024265,27.764423,74.024271,27.764425,74.024285,27.764426,74.024291,27.764430,74.024303,27.764433,74.024309,27.764443,74.024319,27.764445,74.024323,27.764445,74.024328,27.764443,74.024333,27.764441,74.024341,27.764441,74.024349,27.764442,74.024353,27.764446,74.024362,27.764452,74.024372,27.764452,74.024372,27.764458,74.024383,27.764460,74.024387,27.764462,74.024390,27.764464,74.024394,27.764468,74.024401,27.764470,74.024405,27.764472,74.024410,27.764475,74.024415",images/blockplantation/9d3b4b8f-d138-4c17-8e36-f47434c94d34.jpg,600,"Siris: 120, Kikar: 60, Mango: 20, Neem: 110, Others: 130, Rohida: 20, Seesam: 40, Peepal: 5, Imli: 30, Bael: 65",FALSE,2024-09-03 09:46:55.817668+05:30,2024-09-03 09:46:55.817687+05:30,1,77139,27.7644876,74.0241449,13,2,10,810201,102,810201090
47970,"27.172930,77.399980,27.172870,77.399973,27.172840,77.399960,27.172847,77.399974,27.172847,77.399974",images/blockplantation/b5e6bea9-f808-47b5-bdc9-022f9a967e30.jpg,100,"Banyan: 20, Ber: 15, Kachnar: 30, Neem: 10, Peepal: 20, Gonda: 5",FALSE,2024-09-03 09:50:32.167396+05:30,2024-09-03 09:50:32.167417+05:30,2,77082,27.1728584,77.3999178,2,2,0.1,810509,105,810509270
47971,"29.337287,74.898295,29.337001,74.898275,29.337255,74.898331,29.337320,74.898104",images/blockplantation/31ef1420-a773-4c5b-8340-f1e6024915a5.jpg,402,Others: 402,FALSE,2024-09-03 09:52:58.987108+05:30,2024-09-03 09:52:58.98713+05:30,1,77065,29.3377162,74.8984517,2,12,20,810003,100,810003160
47972,"25.800460,75.609325,25.800460,75.609325,25.800460,75.609325,25.800485,75.609288,25.800512,75.609297,25.800509,75.609296,25.800508,75.609277",images/blockplantation/433b347f-e947-46ba-9082-457472cc528f.jpg,150,JUNGLE JALEBI: 150,FALSE,2024-09-03 10:26:13.42315+05:30,2024-09-03 10:26:13.42317+05:30,1,23357,25.8005086,75.6093567,2,2,4,812001,120,812001010
47973,"27.573234,77.291904,27.573768,77.292683,27.572869,77.293059,27.572798,77.292773,27.572568,77.292527,27.572486,77.292245,27.572668,77.292099,27.572909,77.292026",images/blockplantation/e941467c-2c34-434c-a1f3-4d0c429d329c.jpg,950,"Karanj: 50, Lemon: 10, Mango: 50, Peepal: 60, Rohida: 5, Seesam: 10, Siris: 50, Kadamb: 10, Neem: 68, Bael: 20, Bargad: 5, Jamun: 50, Others: 562",FALSE,2024-09-03 10:27:47.380214+05:30,2024-09-03 10:27:47.380233+05:30,1,19099,27.5735217,77.2924233,2,11,2.2,810502,105,810502280
47974,"25.800492,75.609345,25.800492,75.609345,25.800482,75.609324,25.800467,75.609317,25.800469,75.609315",images/blockplantation/41009972-3197-4727-88f1-f6f1e0bf8162.jpg,150,Chokar: 150,FALSE,2024-09-03 10:28:23.010227+05:30,2024-09-03 10:28:23.010247+05:30,1,23357,25.8002739,75.6093232,2,2,4,812001,120,812001010
47975,"24.261740,73.947710,24.261388,73.947610,24.261453,73.947339,24.261678,73.947195,24.261910,73.947154",images/blockplantation/50a2bd16-0b8d-403b-93e2-7f5083847f0f.jpg,4280,"Others: 1860, Ber: 330, Dhak: 240, Jamun: 180, Khair: 430, Mahua: 155, Karanj: 485, Mango: 230, Peepal: 25, Kikar: 260, Moringa: 85",FALSE,2024-09-03 10:31:32.186055+05:30,2024-09-03 10:31:32.186082+05:30,1,73531,24.2616462,73.9475766,3,1,20,813015,130,813015070
47976,"24.261740,73.947710,24.261388,73.947610,24.261453,73.947339,24.261678,73.947195,24.261910,73.947154",images/blockplantation/005d5e32-a79a-40a4-937b-d6705ec933eb.jpg,4280,"Others: 1860, Ber: 330, Dhak: 240, Jamun: 180, Khair: 430, Mahua: 155, Karanj: 485, Mango: 230, Peepal: 25, Kikar: 260, Moringa: 85",FALSE,2024-09-03 10:31:36.105221+05:30,2024-09-03 10:31:36.105242+05:30,1,73531,24.2616462,73.9475766,3,1,20,813015,130,813015070
47977,"24.261373,73.950605,24.261297,73.950832,24.261283,73.950943,24.261078,73.950706",images/blockplantation/7a132d9b-5051-4a61-bc5b-fe089a766eb9.jpg,2150,"Amla: 125, Arjun: 230, Banyan: 15, Gular: 175, JUNGLE JALEBI: 340, Khair: 425, Mahua: 105, Neem: 100, Tendu: 115, Others: 520",FALSE,2024-09-03 10:31:36.46606+05:30,2024-09-03 10:31:36.466079+05:30,1,73531,24.261334,73.9505778,3,1,11,813015,130,813015070
47978,"24.260537,73.948540,24.260115,73.948803,24.260255,73.948133,24.260670,73.948147",images/blockplantation/af58766b-5f9b-46d9-ab1f-8af026f66645.jpg,3570,"Amla: 270, Arjun: 317, Banyan: 10, Ber: 630, Gular: 180, JUNGLE JALEBI: 385, Khair: 635, Mahua: 115, Moringa: 250, Others: 778",FALSE,2024-09-03 10:31:43.570309+05:30,2024-09-03 10:31:43.570346+05:30,1,73531,24.260487,73.9485436,3,1,19,813015,130,813015070
47979,"27.186245,77.441141,27.186218,77.441195,27.186226,77.441192,27.186240,77.441241,27.186253,77.441390,27.186253,77.441390,27.186253,77.441390,27.186253,77.441390,27.186278,77.441364,27.186364,77.441302,27.186385,77.441267,27.186386,77.441272,27.186385,77.441283",images/blockplantation/4b2b3e0b-13cc-485d-aa3f-81002271997c.jpg,100,Karanj: 100,FALSE,2024-09-03 10:38:28.729814+05:30,2024-09-03 10:38:28.729844+05:30,1,38049,27.1862867,77.4413733,2,7,0.3,810509,105,810509730
47980,"27.347454,77.419932,27.347349,77.419961,27.347174,77.419769,27.347216,77.419749,27.347307,77.419779,27.347438,77.419834,27.347566,77.419859,27.347638,77.419670,27.347666,77.419666,27.347801,77.419764,27.347910,77.419825,27.347915,77.419829,27.347924,77.419846,27.347875,77.419897,27.347824,77.419881,27.347775,77.419853,27.347756,77.419919,27.347708,77.419985,27.347709,77.420004,27.347796,77.420060,27.347780,77.420099,27.347750,77.420125,27.347708,77.420088,27.347698,77.420085,27.347693,77.420084,27.347673,77.420078,27.347661,77.420073,27.347641,77.420064,27.347617,77.420053,27.347593,77.420042,27.347564,77.420028,27.347504,77.419997,27.347471,77.419983",images/blockplantation/91143531-0019-4859-83e5-6227b849cfe1.jpg,100,"JUNGLE JALEBI: 10, Neem: 20, Others: 70",FALSE,2024-09-03 11:06:33.962273+05:30,2024-09-03 11:06:33.962297+05:30,2,574,27.3474416,77.4199689,24,4,1,810504,105,810504160
47981,"25.180622,76.195090,25.180579,76.195081,25.180548,76.195066,25.180505,76.195070",images/blockplantation/271da79e-3f08-4829-b52b-da9d677d6de6.jpg,2000,"Karanj: 1500, Kachnar: 500",FALSE,2024-09-03 11:07:36.181714+05:30,2024-09-03 11:07:36.181732+05:30,2,74082,25.1806942,76.1951335,13,3,1.5,812705,127,812705020
47982,"25.179985,76.195120,25.179959,76.195115,25.179916,76.195127,25.179885,76.195148",images/blockplantation/26feade8-e4f1-41af-895d-83b876642687.jpg,500,"Neem: 200, Seesam: 100, Shatavari: 100, Kachnar: 100",FALSE,2024-09-03 11:11:57.775763+05:30,2024-09-03 11:11:57.775802+05:30,2,74082,25.1800968,76.1951219,13,3,1,812705,127,812705020
47983,"25.178518,76.194642,25.178537,76.194644,25.178522,76.194641,25.178477,76.194610",images/blockplantation/0adf2724-42d2-410a-b7ea-4b78c11d054e.jpg,400,Kachnar: 400,FALSE,2024-09-03 11:16:17.919309+05:30,2024-09-03 11:16:17.919328+05:30,2,74082,25.1784665,76.1946292,13,3,0.5,0,0,0
47984,"25.178034,76.194581,25.178015,76.194576,25.177971,76.194565,25.177919,76.194541",images/blockplantation/a4158502-dd71-4b82-baaf-bd22f287fbcc.jpg,2200,"Babool: 500, Jamun: 300, Kachnar: 1000, Karanj: 400",FALSE,2024-09-03 11:19:29.008406+05:30,2024-09-03 11:19:29.008427+05:30,2,74082,25.1780353,76.1945849,13,3,1.5,0,0,0
47985,"27.167319,77.353703,27.167315,77.353700,27.167296,77.353690,27.167265,77.353679",images/blockplantation/be471511-3c52-4ccd-8278-4740f0d3aea2.jpg,110,"Babool: 60, Kikar: 50",FALSE,2024-09-03 11:26:02.739572+05:30,2024-09-03 11:26:02.739596+05:30,2,77076,27.1675169,77.3538549,2,1,0.5,810509,105,810509220
47986,"27.166064,77.353536,27.166055,77.353541,27.166049,77.353552,27.166040,77.353562",images/blockplantation/6bd1dc72-a9f2-437d-9638-2e2494bd4541.jpg,150,"Khejri: 60, Peepal: 70, Kair: 20",FALSE,2024-09-03 11:36:54.531304+05:30,2024-09-03 11:36:54.531327+05:30,2,77076,27.166126,77.3534884,2,7,0.75,810509,105,810509220
47987,"27.166033,77.353630,27.166027,77.353643,27.166013,77.353652,27.166003,77.353660",images/blockplantation/a9904a17-d0f9-4469-a806-7a038153b3f5.jpg,200,"Aak: 60, Salai: 60, Babool: 80",FALSE,2024-09-03 11:38:44.534399+05:30,2024-09-03 11:38:44.534443+05:30,2,77076,27.1660085,77.3536313,2,7,1,810509,105,810509220
47988,"29.070518,74.784521,29.070522,74.784514,29.070532,74.784485,29.070544,74.784444",images/blockplantation/395de5b5-bfee-4f19-a95a-681917fb5328.jpg,250,Neem: 250,FALSE,2024-09-03 11:39:09.220264+05:30,2024-09-03 11:39:09.220283+05:30,1,75437,29.0705472,74.7844519,2,2,4,810003,100,810003100
47989,"27.027817,77.177333,27.027817,77.177333,27.027707,77.178128,27.027687,77.178128,27.027688,77.178128,27.027688,77.178128,27.027688,77.178128,27.027688,77.178128,27.027688,77.178128,27.027688,77.178128,27.027688,77.178128",images/blockplantation/04575105-2566-4174-809b-c5de822ae77d.jpg,180,Lemon: 180,FALSE,2024-09-03 11:39:45.398442+05:30,2024-09-03 11:39:45.398482+05:30,1,837,27.0278167,77.1773333,24,4,1,810510,105,810510767
47990,"27.165965,77.353364,27.165972,77.353361,27.165976,77.353358,27.165993,77.353340",images/blockplantation/56b1d0f8-739f-45b4-acc8-0afcc4061205.jpg,100,"Salai: 40, Khejri: 60",FALSE,2024-09-03 11:41:03.582828+05:30,2024-09-03 11:41:03.582847+05:30,2,77076,27.1659704,77.353367,2,7,1,810509,105,810509220
47991,"27.166382,77.353384,27.166387,77.353381,27.166403,77.353371,27.166412,77.353369",images/blockplantation/ef4a6c1f-3744-41d7-9a48-48e6337dda9b.jpg,140,"Kikar: 55, Moringa: 65, Kadamb: 20",FALSE,2024-09-03 11:42:56.639648+05:30,2024-09-03 11:42:56.639677+05:30,2,77076,27.1662106,77.3535292,2,7,1,810509,105,810509220
47992,"27.166649,77.353093,27.166659,77.353071,27.166665,77.353063,27.166670,77.353054",images/blockplantation/bdbe3ab9-2393-4895-9658-efd7b0746f88.jpg,200,"Aak: 70, Chokar: 70, Gular: 60",FALSE,2024-09-03 11:44:25.483226+05:30,2024-09-03 11:44:25.483246+05:30,2,77076,27.166588,77.3532339,2,9,2,810509,105,810509220
47993,"27.166882,77.352794,27.166887,77.352792,27.166895,77.352799,27.166903,77.352806",images/blockplantation/7fc3e996-80bb-4551-8cd1-1018d39391e6.jpg,200,"Aak: 50, JUNGLE JALEBI: 50, Khair: 50, Safed Kikar: 50",FALSE,2024-09-03 11:46:24.405545+05:30,2024-09-03 11:46:24.405567+05:30,2,77076,27.1668701,77.3528394,2,8,2,810509,105,810509220
47994,"27.167303,77.352919,27.167310,77.352922,27.167323,77.352927,27.167337,77.352933",images/blockplantation/542677dc-8ba3-4662-a3f0-a654ce5a79f3.jpg,200,"Dhonk: 100, Kair: 100",FALSE,2024-09-03 11:48:22.855347+05:30,2024-09-03 11:48:22.855376+05:30,2,77076,27.1671034,77.3528665,2,7,2,810509,105,810509220
47995,"27.167421,77.353816,27.167432,77.353823,27.167443,77.353828,27.167448,77.353832",images/blockplantation/12a4e3a5-5738-4bb4-9b76-60386b47279c.jpg,150,"Aak: 50, Amaltas: 20, Ardu: 30, Bahera: 50",FALSE,2024-09-03 11:50:55.552326+05:30,2024-09-03 11:50:55.552346+05:30,2,77076,27.167158,77.3536566,2,7,1,810509,105,810509220
47996,"24.723173,74.225539,24.723335,74.225329,24.723438,74.224947,24.723346,74.224801,24.723192,74.224585,24.722914,74.224555,24.722756,74.224506,24.722737,74.224647,24.722768,74.224682,24.722592,74.224662,24.722550,74.224693,24.722507,74.224754,24.721923,74.224538,24.721772,74.224688,24.721706,74.224871,24.721660,74.225255,24.721712,74.225402,24.721763,74.225719,24.721903,74.225967,24.722058,74.225988,24.722219,74.226102,24.722317,74.226209,24.722484,74.226368,24.722622,74.226445,24.722718,74.226380,24.722854,74.226073,24.722952,74.225862,24.723015,74.225708",images/blockplantation/67640e33-aea2-4811-a6cb-f88a18ff34b4.jpg,181,"Amla: 50, Others: 50, Jamun: 43, Bael: 38",FALSE,2024-09-03 11:51:47.204993+05:30,2024-09-03 11:51:47.205014+05:30,1,2594,24.7231602,74.2255041,9,3,5,0,0,0
47997,"25.344603,72.626313,25.344577,72.626398,25.344523,72.626406,25.344528,72.626407",images/blockplantation/0e73dc01-0e86-419e-b3b3-be498afe240e.jpg,1000,"Babool: 500, Ber: 500",FALSE,2024-09-03 11:57:04.428457+05:30,2024-09-03 11:57:04.428482+05:30,2,9349,25.3445383,72.62636,30,12,1,811604,116,811604385
47998,"27.167882,77.354707,27.167879,77.354713,27.167877,77.354715,27.167868,77.354724",images/blockplantation/4eae9379-3c6a-4e0c-bf66-6632d2b31cf3.jpg,150,"Aak: 50, Ardu: 60, Kikar: 40",FALSE,2024-09-03 12:00:28.283994+05:30,2024-09-03 12:00:28.284013+05:30,2,77234,27.1678721,77.3546735,2,7,0.5,810509,105,810509220
47999,"27.220727,77.424033,27.220746,77.424007,27.220753,77.423990,27.220768,77.423968,27.220770,77.423961,27.220776,77.423942,27.220778,77.423938,27.220780,77.423929,27.220779,77.423913,27.220775,77.423901,27.220771,77.423887,27.220770,77.423868,27.220767,77.423855,27.220765,77.423853,27.220761,77.423843,27.220756,77.423829,27.220755,77.423823,27.220754,77.423801,27.220754,77.423794,27.220755,77.423780,27.220756,77.423760,27.220757,77.423757,27.220758,77.423725,27.220753,77.423715,27.220746,77.423699,27.220747,77.423688,27.220752,77.423667,27.220753,77.423660,27.220732,77.423652,27.220720,77.423652,27.220707,77.423652,27.220693,77.423654,27.220678,77.423656,27.220659,77.423661,27.220654,77.423654,27.220648,77.423648,27.220644,77.423642,27.220642,77.423636,27.220640,77.423631",images/blockplantation/db0595fc-0c4e-4042-8769-e9051b7019fe.jpg,250,"Amaltas: 10, Amla: 20, Amrood: 20, Arjun: 15, Bael: 15, Banyan: 10, Ber: 10, Gular: 10, Harsingar: 15, Jamun: 15, Kadamb: 10, Lemon: 10, Mango: 20, Mosambi: 10, Neem: 10, Peepal: 20, Seesam: 15, Siris: 15",FALSE,2024-09-03 12:07:55.629099+05:30,2024-09-03 12:07:55.629117+05:30,1,77148,27.2209783,77.4241717,2,7,0.8,0,0,0
48000,"27.035944,77.190288,27.035829,77.189999,27.035563,77.189924,27.035305,77.189925,27.035619,77.189577,27.035937,77.189142,27.036228,77.188547,27.036467,77.188369,27.036497,77.188502,27.036743,77.188638,27.036806,77.188764,27.036554,77.189202,27.036352,77.189650,27.036051,77.190174,27.036028,77.190262",images/blockplantation/da5df993-6c67-4665-ab76-a2929a00ff3f.jpg,550,Lemon: 550,FALSE,2024-09-03 12:14:25.801756+05:30,2024-09-03 12:14:25.801776+05:30,1,837,27.0360954,77.1902016,24,4,2,0,0,0
48001,"27.220799,77.423581,27.220796,77.423573,27.220795,77.423569,27.220780,77.423510,27.220780,77.423506,27.220779,77.423501,27.220778,77.423485,27.220774,77.423472,27.220772,77.423463,27.220772,77.423455,27.220773,77.423439,27.220772,77.423431,27.220769,77.423425,27.220764,77.423416,27.220761,77.423405,27.220761,77.423400,27.220758,77.423382,27.220758,77.423373,27.220757,77.423365,27.220759,77.423363,27.220766,77.423352,27.220775,77.423352,27.220780,77.423355,27.220782,77.423359,27.220785,77.423362,27.220795,77.423369,27.220796,77.423371,27.220799,77.423374,27.220802,77.423379,27.220810,77.423382,27.220816,77.423385,27.220835,77.423394,27.220850,77.423421,27.220853,77.423425,27.220872,77.423427,27.220903,77.423422,27.220906,77.423421,27.220923,77.423421,27.220924,77.423447,27.220920,77.423462,27.220918,77.423471,27.220918,77.423489,27.220916,77.423509,27.220915,77.423516,27.220913,77.423531,27.220913,77.423539,27.220911,77.423545,27.220906,77.423554,27.220892,77.423579,27.220887,77.423582,27.220878,77.423595,27.220875,77.423601,27.220862,77.423627,27.220858,77.423637,27.220850,77.423648,27.220840,77.423665,27.220837,77.423673,27.220835,77.423683,27.220833,77.423717,27.220832,77.423727,27.220831,77.423733,27.220829,77.423746,27.220828,77.423753",images/blockplantation/dc8bbce2-602d-40ba-ae03-43bad9d507a9.jpg,400,"Aak: 30, Amla: 35, Amla: 10, Amrood: 20, Arjun: 20, Babool: 40, Bael: 15, Banyan: 35, Ber: 40, Gular: 5, Gular: 15, Harsingar: 15, Imli: 5, Jamun: 15, Kadam: 20, Kadam: 20, Kikar: 20, Lemon: 10, Mango: 15, Neem: 15",FALSE,2024-09-03 12:24:55.418244+05:30,2024-09-03 12:24:55.418264+05:30,1,77148,27.2208234,77.4235947,2,8,0.8,0,0,0
48002,"27.173616,77.451312,27.173614,77.451317,27.173612,77.451369,27.173631,77.451384",images/blockplantation/1647376d-010e-4b83-b688-a919073c86df.jpg,110,"Aak: 10, Babool: 20, Bael: 20, Gonda: 10, Jamun: 10, Karanj: 20, Lemon: 5, Neem: 10, Seesam: 5",FALSE,2024-09-03 12:25:49.678446+05:30,2024-09-03 12:25:49.678464+05:30,1,77152,27.1736181,77.4513759,2,11,1,810509,105,810509180
48003,"27.105624,76.322853,27.106480,76.322346,27.106943,76.321556,27.106418,76.320777",images/blockplantation/b897d812-47be-48c7-b37e-8e217f5a47a6.jpg,600,"Moringa: 20, Semal: 20, Seesam: 20, Babool: 100, Aak: 140, Ardu: 100, Kikar: 100, Neem: 100",FALSE,2024-09-03 12:27:21.303765+05:30,2024-09-03 12:27:21.303783+05:30,2,77226,27.106408,76.3207681,2,9,1,0,0,0
48004,"26.423155,71.949454,26.423160,71.949370,26.422706,71.949589,26.422709,71.949586,26.423024,71.950064",images/blockplantation/a4faa3df-04ba-478e-9918-b40d70f51332.jpg,119,"Neem: 40, Rohida: 15, Khejri: 42, Babool: 22",FALSE,2024-09-03 12:32:43.00461+05:30,2024-09-03 12:32:43.004632+05:30,1,11556,26.4231239,71.9494729,2,7,1,811403,114,811403330
48005,"27.184141,77.438313,27.184142,77.438299,27.184227,77.438201,27.184212,77.438113,27.184194,77.438130,27.184330,77.438318,27.184381,77.438514,27.184222,77.438511,27.184265,77.438507",images/blockplantation/1d7df3ff-bbfc-4ee2-9d4d-a10e743575d6.jpg,105,Aak: 105,FALSE,2024-09-03 12:37:36.819353+05:30,2024-09-03 12:37:36.819376+05:30,1,38049,27.18432,77.43812,2,5,0.6,810509,105,810509730
48006,"29.084319,74.442956,29.084356,74.442998,29.084458,74.443018,29.084799,74.442881",images/blockplantation/20e5ce5e-a421-4c39-bd8c-fa477d59ed00.jpg,145,"Amaltas: 10, Gular: 20, Kachnar: 40, Kadamb: 10, Neem: 20, Palash: 10, Moringa: 10, Aak: 10, Bael: 15",FALSE,2024-09-03 12:54:29.181916+05:30,2024-09-03 12:54:29.181935+05:30,2,77020,29.0844146,74.4430727,2,7,1,810005,100,810005330
48007,"27.168702,77.280155,27.168814,77.279540,27.169308,77.279682,27.168902,77.280557,27.168530,77.280418,27.168626,77.280291",images/blockplantation/a35761d6-c3e4-4ebd-a7f9-35f94cc7c21e.jpg,194,Lemon: 194,FALSE,2024-09-03 12:54:53.910946+05:30,2024-09-03 12:54:53.910965+05:30,1,1266,27.1686406,77.2803647,24,4,1,810505,105,810505080
48008,"29.344078,74.896667,29.344078,74.896667,29.344078,74.896667,29.344078,74.896667,29.344078,74.896667",images/blockplantation/debf2021-dfb1-42dd-abcb-70ddf306459b.jpg,100,"Arjun: 1, Gular: 1, Harsingar: 1, Karanj: 20, Lemon: 20, Neem: 10, Others: 20, Seesam: 27",FALSE,2024-09-03 12:59:17.54711+05:30,2024-09-03 12:59:17.54713+05:30,2,77238,29.3440267,74.8968217,2,7,100,810003,100,810003160
48009,"26.449738,71.941890,26.449650,71.941841,26.449802,71.941895,26.449768,71.942065,26.449782,71.942054",images/blockplantation/550bc9c9-15c2-4349-a285-ed0f10caf661.jpg,100,"Arjun: 25, Ber: 25, Peepal: 25, Rohida: 25",FALSE,2024-09-03 13:11:53.199224+05:30,2024-09-03 13:11:53.199242+05:30,1,11556,26.4498295,71.9419592,11,12,0.12,811403,114,811403310
48010,"23.973935,73.879057,23.973943,73.879050,23.973987,73.879071,23.974019,73.879098",images/blockplantation/f86e3c22-8585-4c58-8f4e-90e7254bdfda.jpg,300,"Karanj: 120, Kikar: 40, Amrood: 20, Neem: 50, Seesam: 20, Imli: 50",FALSE,2024-09-03 13:12:17.478162+05:30,2024-09-03 13:12:17.478183+05:30,1,74052,23.9739827,73.879083,13,9,2,813017,130,813017200
48011,"23.973935,73.879057,23.973943,73.879050,23.973987,73.879071,23.974019,73.879098",images/blockplantation/6f21028e-625f-4da7-8460-fe150216bdc7.jpg,300,"Karanj: 120, Kikar: 40, Amrood: 20, Neem: 50, Seesam: 20, Imli: 50",FALSE,2024-09-03 13:12:19.805987+05:30,2024-09-03 13:12:19.806015+05:30,1,74052,23.9739827,73.879083,13,9,2,813017,130,813017200
48012,"27.164406,77.282391,27.164390,77.282443,27.164172,77.282329,27.164252,77.281849,27.164577,77.281957,27.164385,77.282396",images/blockplantation/d9c789d9-a92b-4dec-bdaf-e398a8bba632.jpg,185,Lemon: 185,FALSE,2024-09-03 13:16:32.853204+05:30,2024-09-03 13:16:32.853222+05:30,1,1266,27.1643994,77.2823114,24,4,1,810505,105,810505080
48013,"27.190408,77.460150,27.190435,77.460518,27.191047,77.471249,27.191562,77.477408,27.191552,77.477416,27.191498,77.485624,27.182746,77.484292",images/blockplantation/e8cde1e4-058b-4ac7-97b0-6ed13a77cafc.jpg,110,"Karanj: 20, Khejri: 20, Aak: 15, Neem: 25, Seesam: 15, Babool: 15",FALSE,2024-09-03 13:21:45.218745+05:30,2024-09-03 13:21:45.218765+05:30,1,77151,27.1887198,77.4857918,2,9,1,810509,105,810509230
48014,"27.334510,77.452707,27.334516,77.452598,27.334540,77.452402,27.334547,77.452346,27.334576,77.452224,27.334597,77.452133,27.334610,77.452073,27.334611,77.451981,27.334611,77.451922,27.334618,77.451865,27.334651,77.451763,27.334667,77.451701,27.334622,77.451661,27.334533,77.451635,27.334482,77.451654,27.334438,77.451672,27.334384,77.451680,27.334336,77.451693,27.334275,77.451705,27.334234,77.451725,27.334181,77.451725,27.334141,77.451721,27.334082,77.451720,27.334036,77.451713,27.334037,77.451780,27.334049,77.451850,27.334045,77.451906,27.333946,77.452024,27.333786,77.451998,27.333617,77.451926,27.333558,77.451907,27.333493,77.451899,27.333399,77.451888,27.333369,77.451968,27.333357,77.452035,27.333366,77.452072,27.333344,77.452175,27.333371,77.452206,27.333477,77.452223,27.333584,77.452247,27.333635,77.452260,27.333763,77.452285,27.333817,77.452286,27.333882,77.452294,27.333990,77.452325,27.334062,77.452338,27.334097,77.452343,27.334180,77.452349,27.334219,77.452459,27.334237,77.452512,27.334248,77.452581,27.334251,77.452630,27.334263,77.452664,27.334294,77.452671,27.334313,77.452678,27.334363,77.452688,27.334394,77.452690,27.334421,77.452696,27.334456,77.452714",images/blockplantation/9e0601de-7a55-4615-be1b-4c4c794a9c36.jpg,325,Ber: 325,FALSE,2024-09-03 13:28:31.988963+05:30,2024-09-03 13:28:31.988984+05:30,1,574,27.33451,77.4527354,24,4,1,810504,105,810504170
48015,"26.977058,77.236108,26.977207,77.235856,26.977435,77.235299,26.976965,77.235108,26.976858,77.235104,26.976782,77.235404,26.976613,77.235840,26.976547,77.236039,26.976752,77.236118,26.976943,77.236239,26.977067,77.236108",images/blockplantation/f8b7d049-c77e-47b4-ba54-da8459f25da0.jpg,286,Others: 286,FALSE,2024-09-03 13:30:52.449879+05:30,2024-09-03 13:30:52.449901+05:30,1,837,26.9769359,77.2361918,24,4,2,810501,105,810501180
48016,"25.156723,75.901682,25.156938,75.900946,25.156116,75.900284,25.155602,75.900902",images/blockplantation/156384c1-c945-492a-aae8-9ef19e82c3d8.jpg,5000,"Semal: 1000, Neem: 2000, Seesam: 2000",FALSE,2024-09-03 13:37:37.353173+05:30,2024-09-03 13:37:37.353193+05:30,1,77235,25.1558882,75.90065,30,1,3,812703,127,812703261
48017,"25.156139,75.900264,25.155230,75.899599,25.154873,75.900240,25.155236,75.900419",images/blockplantation/9def2b4b-e679-4d81-a84d-6ebc09f7fc0b.jpg,5000,"Kadam: 1000, Karanj: 1000, Neem: 1000, Seesam: 1000, Semal: 1000",FALSE,2024-09-03 13:45:10.639349+05:30,2024-09-03 13:45:10.639379+05:30,1,77235,25.1557178,75.8998598,30,1,2,812703,127,812703261
48018,"27.157823,77.283782,27.157983,77.283245,27.158227,77.283312,27.158167,77.283842,27.158098,77.283883,27.157857,77.283694",images/blockplantation/f43f34dd-5e54-4f3f-a298-a916064be207.jpg,152,Ber: 152,FALSE,2024-09-03 13:49:12.169757+05:30,2024-09-03 13:49:12.169776+05:30,1,1266,27.1578204,77.2837791,24,4,1,810505,105,810505080
48019,"25.155035,75.900197,25.155241,75.899601,25.154916,75.899032,25.154062,75.899689",images/blockplantation/5d8f361a-40dc-4ae2-82c9-f8a9d42e8696.jpg,5000,"Kadamb: 1000, Karanj: 1000, Neem: 1000, Seesam: 1000, Semal: 1000",FALSE,2024-09-03 13:51:06.649585+05:30,2024-09-03 13:51:06.649612+05:30,1,77235,25.1548275,75.8991328,30,1,2,812703,127,812703261
48020,"25.154058,75.899685,25.154791,75.900364,25.154411,75.900664,25.152461,75.902227",images/blockplantation/7981c0d4-e71f-4cac-91b2-570c8126ff57.jpg,5000,"Kadamb: 1000, Karanj: 1000, Neem: 1000, Seesam: 1000, Semal: 1000",FALSE,2024-09-03 13:59:12.391078+05:30,2024-09-03 13:59:12.391098+05:30,1,77235,25.1540023,75.8997147,30,1,2,812703,127,812703261
48021,"26.877047,70.583946,26.877047,70.583946,26.877047,70.583946,26.877047,70.583946",images/blockplantation/3c530285-4bc0-4336-a65a-a4ad7fe0ef5c.jpg,100,"Neem: 50, Aak: 50",FALSE,2024-09-03 14:01:57.605576+05:30,2024-09-03 14:01:57.605596+05:30,1,9990,26.87704659,70.58394623,6,2,1.2,811402,114,811402170
48022,"25.154290,75.899352,25.154107,75.899215,25.154892,75.899052,25.154320,75.898208",images/blockplantation/b9d75a12-1b47-486f-bb10-9e674dff3d1a.jpg,5000,"Kadamb: 1000, Karanj: 1000, Neem: 1000, Seesam: 1000, Semal: 1000",FALSE,2024-09-03 14:05:01.481572+05:30,2024-09-03 14:05:01.481665+05:30,1,77235,25.1541603,75.8992685,30,1,2,812703,127,812703261
48023,"25.154337,75.898193,25.155435,75.897688,25.155083,75.897469,25.155619,75.897649",images/blockplantation/d602babb-c3c6-4fb3-b882-c131521b8e4b.jpg,5000,"Kadamb: 1000, Karanj: 1000, Neem: 1000, Seesam: 1000, Semal: 1000",FALSE,2024-09-03 14:10:51.89119+05:30,2024-09-03 14:10:51.891211+05:30,1,77235,25.1553168,75.8976935,30,1,2,812703,127,812703261
48024,"26.381113,71.942060,26.380942,71.942357,26.380768,71.942273,26.380810,71.941845,26.380848,71.941771",images/blockplantation/3747dde5-e138-460b-ba06-62d99b91fad5.jpg,100,"Arjun: 25, Bael: 20, Neem: 30, Neemuch: 25",FALSE,2024-09-03 14:16:10.355143+05:30,2024-09-03 14:16:10.355165+05:30,1,11556,26.381121,71.9420533,2,7,0.1,811403,114,811403330
48025,"25.155658,75.897617,25.155816,75.898111,25.154668,75.898409,25.155752,75.899843",images/blockplantation/deb4d01e-9208-4d5f-b051-fd48e4dc93a7.jpg,5000,"Kadamb: 1000, Karanj: 1000, Neem: 1000, Seesam: 1000, Semal: 1000",FALSE,2024-09-03 14:18:50.586112+05:30,2024-09-03 14:18:50.586133+05:30,1,77235,25.1554518,75.8997407,30,1,2,812703,127,812703261
48026,"25.155758,75.899860,25.156465,75.900538,25.157275,75.899433,25.157356,75.898715",images/blockplantation/b808e187-e6cc-49ec-afab-02287608481b.jpg,5000,"Kadamb: 1000, Karanj: 1000, Neem: 1000, Seesam: 1000, Semal: 1000",FALSE,2024-09-03 14:27:01.203821+05:30,2024-09-03 14:27:01.20385+05:30,1,77235,25.1569978,75.8997428,30,1,2,812703,127,812703261
48027,"24.713867,74.191847,24.713893,74.191689,24.713870,74.191404,24.713830,74.191383,24.713634,74.191336,24.713453,74.191350,24.713336,74.191284,24.713119,74.191310,24.712901,74.191328,24.712568,74.191369,24.712469,74.191610,24.712384,74.191693,24.712356,74.191792,24.712218,74.191949,24.712202,74.192036,24.712217,74.192293,24.712273,74.192610,24.712165,74.192792,24.712207,74.192840,24.712287,74.193066,24.712342,74.193285,24.712527,74.193471,24.712741,74.193356,24.712999,74.193309,24.713388,74.193340,24.713675,74.193345,24.713772,74.193038,24.713880,74.192494,24.713875,74.192282,24.713884,74.192116",images/blockplantation/b197fed4-f562-4017-96f4-3687f804e7e4.jpg,241,"Amla: 80, Jamun: 61, Bael: 50, Others: 50",FALSE,2024-09-03 14:28:41.12004+05:30,2024-09-03 14:28:41.120065+05:30,1,2594,24.7139254,74.1919815,9,3,5,812605,126,812605180
48028,"27.437743,77.271655,27.437797,77.271413,27.437904,77.271164,27.437697,77.271068,27.437435,77.271093,27.437370,77.271237,27.437370,77.271495,27.437432,77.271546,27.437639,77.271626,27.437721,77.271641",images/blockplantation/3226b417-c367-43fa-9018-9b6676bc32b5.jpg,200,"Amrood: 10, Lemon: 190",FALSE,2024-09-03 14:35:13.537257+05:30,2024-09-03 14:35:13.537275+05:30,2,2287,27.4377233,77.2716707,24,4,1,810502,105,810502210
48029,"27.120620,77.238508,27.120562,77.238016,27.121221,77.237994,27.121214,77.238199,27.120655,77.238274,27.120662,77.238450",images/blockplantation/32735391-d2e1-4cac-96a1-a7ee4ce2617e.jpg,355,Lemon: 355,FALSE,2024-09-03 14:48:00.698886+05:30,2024-09-03 14:48:00.698923+05:30,1,1266,27.1206883,77.238525,24,4,2,810505,105,810505130
48030,"27.413143,77.093788,27.413407,77.093699,27.413713,77.093696,27.413995,77.093682",images/blockplantation/6db8c71f-3eba-4278-8e57-60c43ba68631.jpg,315,"Seesam: 115, Kikar: 50, Babool: 50, Karanj: 80, Khair: 20",FALSE,2024-09-03 14:54:10.288444+05:30,2024-09-03 14:54:10.288465+05:30,2,24194,27.4131617,77.0937833,30,12,1,810506,105,810506615
48031,"24.919046,71.820261,24.919075,71.820277,24.919076,71.820283,24.919076,71.820283,24.919075,71.820287,24.919073,71.820293,24.919073,71.820293",images/blockplantation/427f82f2-3422-4926-a1e0-871907938b6e.jpg,600,"Karanj: 200, Khejri: 50, Kikar: 50, Lemon: 50, Moringa: 50, Neem: 150, Others: 50",FALSE,2024-09-03 14:59:10.389869+05:30,2024-09-03 14:59:10.389906+05:30,1,75306,24.919043,71.8203065,6,2,5,811607,116,811607040
48032,"25.061463,74.394848,25.060974,74.394735,25.060910,74.394693,25.061471,74.394828,25.061407,74.394915,25.061247,74.394867",images/blockplantation/9a37533a-cd49-4900-87f3-252b933d56ba.jpg,120,"JUNGLE JALEBI: 30, Karanj: 30, Seesam: 30, Babool: 30",FALSE,2024-09-03 15:00:33.208363+05:30,2024-09-03 15:00:33.208389+05:30,1,15752,25.061441,74.3948855,9,3,5,812611,126,812611230
48033,"24.680121,72.215159,24.680120,72.215148,24.680120,72.215147,24.680120,72.215147,24.680119,72.215147,24.680119,72.215147",images/blockplantation/5d7ee6f1-b4dd-4a0e-b59a-add0944b0587.jpg,100,Babool: 100,FALSE,2024-09-03 15:12:02.926526+05:30,2024-09-03 15:12:02.926545+05:30,1,75717,24.6801719,72.2149181,13,7,0.2,811606,116,811606110
48034,"25.062428,74.393197,25.062417,74.393402,25.063077,74.393726,25.062294,74.393676",images/blockplantation/f269df63-ea68-4fb7-b342-32683dcbe6d0.jpg,120,"Babool: 30, JUNGLE JALEBI: 30, Neem: 30, Seesam: 30",FALSE,2024-09-03 15:12:21.069919+05:30,2024-09-03 15:12:21.069939+05:30,1,15752,25.0622868,74.3936777,9,3,5,812611,126,812611230
48035,"27.110712,77.305701,27.110715,77.305710,27.110735,77.305695,27.110753,77.305627",images/blockplantation/d0bb3a16-9b84-49c6-be0b-63c99277e174.jpg,100,"Kadamb: 10, Lemon: 10, Peepal: 10, Seesam: 20, Siris: 10, Tendu: 5, Amla: 10, Bargad: 5, Ber: 10, Jamun: 10",FALSE,2024-09-03 15:27:00.573318+05:30,2024-09-03 15:27:00.573339+05:30,1,77212,27.1107769,77.3056406,2,4,1.5,810505,105,810505250
48036,"27.110707,77.305528,27.110719,77.305564,27.110702,77.305670,27.110636,77.305803",images/blockplantation/737be73d-c05a-430d-9500-312b7f6c1146.jpg,110,"Aak: 10, Amla: 10, Amrood: 10, Babool: 10, Bahera: 10, Kadam: 10, Kair: 10, Karanj: 10, Khejri: 30",FALSE,2024-09-03 15:28:24.575296+05:30,2024-09-03 15:28:24.575316+05:30,1,77155,27.1107545,77.3055922,2,9,1,810505,105,810505250
48037,"24.891509,72.847205,24.891488,72.847247,24.891485,72.847258,24.891481,72.847274",images/blockplantation/e78aa37e-0763-456c-943f-22ba0b174676.jpg,2200,Peepal: 2200,FALSE,2024-09-03 15:35:44.043098+05:30,2024-09-03 15:35:44.043118+05:30,1,77272,24.8915067,72.8471952,13,2,4.5,811705,117,811705489
48038,"25.806692,74.852515,25.806737,74.852520,25.806770,74.852194,25.806697,74.852242",images/blockplantation/a7751370-2a67-4354-96ad-d85d65c70587.jpg,101,"Ber: 25, Jamun: 5, Neem: 6, Karanj: 60, Babool: 5",FALSE,2024-09-03 15:40:27.130285+05:30,2024-09-03 15:40:27.130313+05:30,1,74580,25.8066975,74.852509,2,2,0.3,812211,122,812211140
48039,"24.891463,72.847387,24.891440,72.847424,24.891430,72.847441,24.891406,72.847477,24.891375,72.847505,24.891350,72.847528,24.891333,72.847548",images/blockplantation/2525cc59-e4a0-478b-84b6-2b95102e5db7.jpg,800,Bargad: 800,FALSE,2024-09-03 15:41:11.601794+05:30,2024-09-03 15:41:11.601816+05:30,1,77272,24.8914775,72.8472707,13,2,4.5,811705,117,811705489
48040,"25.131000,75.916818,25.131224,75.916512,25.131761,75.916945,25.131599,75.917355",images/blockplantation/f87b2303-3a15-4a5c-a47d-147bbd157418.jpg,2000,"Kadamb: 500, Amrood: 500, Seesam: 500, Neem: 500",FALSE,2024-09-03 16:06:16.335329+05:30,2024-09-03 16:06:16.335349+05:30,1,14455,25.1310667,75.9168867,30,2,3,812703,127,812703261
48041,"25.131363,75.917857,25.130827,75.918413,25.128732,75.916618,25.129183,75.916025",images/blockplantation/ee1b2b6d-75ee-45ee-a3ef-62bd5de1b334.jpg,2000,"Amrood: 200, Kadamb: 500, Seesam: 400, Semal: 400, Neem: 500",FALSE,2024-09-03 16:19:46.991893+05:30,2024-09-03 16:19:46.991921+05:30,1,14455,25.1312075,75.9179112,30,2,5,812703,127,812703261
48042,"25.131590,75.917585,25.131598,75.917591,25.130519,75.921677,25.130520,75.921677",images/blockplantation/7a87eea8-c6fc-4aa4-b568-2e70b9dd9115.jpg,1500,"Kadamb: 200, Neem: 500, Seesam: 500, Semal: 300",FALSE,2024-09-03 16:30:57.841055+05:30,2024-09-03 16:30:57.841078+05:30,1,14455,25.1313067,75.918255,30,2,2,812703,127,812703261
48043,"27.209093,77.484806,27.209062,77.484829,27.209062,77.484770,27.209039,77.484803,27.209050,77.484780,27.209050,77.484780",images/blockplantation/df2aca7c-805c-486a-83b2-cbe4d2f1de88.jpg,101,Orange: 101,FALSE,2024-09-03 16:44:40.406012+05:30,2024-09-03 16:44:40.406029+05:30,2,77153,27.2090658,77.4847751,2,4,0.8,810509,105,810509729
48044,"27.207269,77.481824,27.207362,77.481905,27.207408,77.481764,27.207447,77.481867,27.207374,77.482009,27.207444,77.481774",images/blockplantation/5d067ffb-2c6b-4a0b-a108-7449cbf7fa4c.jpg,100,"Mango: 50, Neem: 20, Lemon: 20, Amrood: 10",FALSE,2024-09-03 16:55:09.554953+05:30,2024-09-03 16:55:09.554975+05:30,2,77204,27.2070821,77.4819262,2,4,1,810509,105,810509729
48045,"24.937076,72.249162,24.937069,72.249152,24.937070,72.249135,24.937089,72.249133,24.937058,72.249073,24.937048,72.249066,24.937051,72.249047,24.937073,72.249028,24.937089,72.249016,24.937093,72.249003,24.937112,72.248992,24.937117,72.248998,24.937129,72.248990,24.937127,72.248970,24.937138,72.248936,24.937145,72.248926,24.937171,72.248896,24.937183,72.248883,24.937196,72.248892,24.937213,72.248883,24.937220,72.248870,24.937225,72.248848,24.937226,72.248826,24.937226,72.248798,24.937226,72.248777,24.937229,72.248750",images/blockplantation/1c6f855d-c4df-4a5e-9acc-910cb3af644b.jpg,100,"Gular: 45, Neem: 15, Karanj: 40",FALSE,2024-09-03 16:57:14.614522+05:30,2024-09-03 16:57:14.614541+05:30,1,21211,24.9370917,72.2491538,13,7,1,811606,116,811606030
48046,"24.937442,72.248573,24.937441,72.248574,24.937428,72.248590,24.937412,72.248614,24.937389,72.248658,24.937341,72.248716,24.937330,72.248726,24.937312,72.248747,24.937299,72.248793",images/blockplantation/9a596b44-8bb4-4775-ac02-03d7f21d2089.jpg,100,"Gular: 35, Neem: 25, Karanj: 40",FALSE,2024-09-03 16:57:22.494254+05:30,2024-09-03 16:57:22.494278+05:30,1,21211,24.9374754,72.2486564,13,7,0.6,811606,116,811606030
48047,"24.937268,72.248707,24.937369,72.248639,24.937395,72.248581,24.937427,72.248529",images/blockplantation/773f9e86-5b9d-4b64-98ef-b8fc7d34c969.jpg,100,"Bael: 28, Gular: 32, Karanj: 20, Neem: 20",FALSE,2024-09-03 16:57:26.719109+05:30,2024-09-03 16:57:26.719135+05:30,1,21211,24.9374086,72.2485237,13,7,0.8,811606,116,811606030
48048,"24.937076,72.249162,24.937069,72.249152,24.937070,72.249135,24.937089,72.249133,24.937058,72.249073,24.937048,72.249066,24.937051,72.249047,24.937073,72.249028,24.937089,72.249016,24.937093,72.249003,24.937112,72.248992,24.937117,72.248998,24.937129,72.248990,24.937127,72.248970,24.937138,72.248936,24.937145,72.248926,24.937171,72.248896,24.937183,72.248883,24.937196,72.248892,24.937213,72.248883,24.937220,72.248870,24.937225,72.248848,24.937226,72.248826,24.937226,72.248798,24.937226,72.248777,24.937229,72.248750",images/blockplantation/212b0d9b-363c-4323-bbc0-df6ef790dde5.jpg,100,"Gular: 45, Neem: 15, Karanj: 40",FALSE,2024-09-03 16:57:29.360081+05:30,2024-09-03 16:57:29.36011+05:30,1,21211,24.9370917,72.2491538,13,7,1,811606,116,811606030
48049,"27.136366,77.334365,27.136411,77.334478,27.136471,77.334606,27.136563,77.334798",images/blockplantation/0e732aa0-414a-40fa-835f-27831204bb62.jpg,110,"Aak: 50, Babool: 20, Seesam: 20, Karanj: 10, Neem: 10",FALSE,2024-09-03 16:59:31.190405+05:30,2024-09-03 16:59:31.190421+05:30,1,77074,27.1363301,77.3344382,2,9,1,810505,105,810505020
48050,"27.459008,77.172306,27.459132,77.172361,27.459307,77.172435,27.459509,77.172532,27.459622,77.172575,27.459760,77.172626,27.459730,77.172766,27.459658,77.172891,27.459552,77.172837,27.459382,77.172741,27.459243,77.172667,27.458999,77.172550,27.458917,77.172493,27.458844,77.172424,27.458892,77.172408,27.458938,77.172348,27.458961,77.172322",images/blockplantation/afa385e5-e8db-4187-9351-bfa712fa0f89.jpg,200,Lemon: 200,FALSE,2024-09-03 17:17:55.410145+05:30,2024-09-03 17:17:55.410166+05:30,1,574,27.4590095,77.1722536,24,4,1,810506,105,810506270
48051,"27.194038,77.173758,27.194657,77.173924,27.194721,77.173594,27.194212,77.173353,27.194086,77.173740,27.194044,77.173755",images/blockplantation/f0c5c015-51fe-440c-8851-e1001ca2f043.jpg,428,Ber: 428,FALSE,2024-09-03 17:36:48.983998+05:30,2024-09-03 17:36:48.984018+05:30,1,1266,27.2022085,77.1903919,24,4,2,810505,105,810505200
48052,"27.237614,77.456775,27.237621,77.456786,27.237629,77.456815,27.237625,77.456814,27.237626,77.456812,27.237627,77.456816,27.237627,77.456820,27.237628,77.456822,27.237629,77.456823,27.237632,77.456826,27.237645,77.456853,27.237648,77.456877,27.237653,77.456899,27.237663,77.456919,27.237673,77.456935,27.237714,77.456755,27.237692,77.456835,27.237718,77.456848,27.237702,77.456933,27.237700,77.456963,27.237846,77.456852,27.237861,77.456831,27.237870,77.456839,27.237871,77.456838,27.237866,77.456844,27.237860,77.456854,27.237859,77.456855,27.237858,77.456858,27.237858,77.456858,27.237857,77.456859,27.237857,77.456860,27.237857,77.456862,27.237750,77.456889,27.237734,77.456867,27.237695,77.456831",images/blockplantation/e789aaec-ea95-47df-9243-0f494794065e.jpg,300,"Amla: 10, Amrood: 15, Babool: 15, Bael: 15, Banyan: 10, Ber: 10, Gular: 10, Harsingar: 8, Imli: 4, Jamun: 12, Kadam: 8, Karanj: 10, Lemon: 15, Mango: 22, Mosambi: 6, Neem: 25, Peepal: 20, Safed Kikar: 30, Seesam: 25, Siris: 25, Dhak: 5",FALSE,2024-09-03 18:27:37.610696+05:30,2024-09-03 18:27:37.610718+05:30,1,77148,27.2381133,77.4548261,2,9,0.6,0,0,0
48053,"27.218347,77.497193,27.218421,77.497225,27.218540,77.497233,27.218459,77.497185,27.218360,77.497067,27.218435,77.496899,27.218388,77.496870,27.218353,77.496962",images/blockplantation/d51c19b9-322c-4c60-a406-1c27d4ce41b6.jpg,500,"Banyan: 100, Karanj: 200, Kadamb: 200",FALSE,2024-09-03 19:03:33.971601+05:30,2024-09-03 19:03:33.97162+05:30,2,77204,27.2183921,77.4972199,2,5,5,810509,105,810509729
48054,"27.176996,77.412172,27.176959,77.412065,27.176959,77.412065,27.176875,77.411777,27.176875,77.411777",images/blockplantation/685daabd-24a3-410e-90de-a071de5de75b.jpg,100,"Aak: 30, Babool: 25, Bael: 30, Ber: 15",FALSE,2024-09-04 07:20:56.041195+05:30,2024-09-04 07:20:56.041214+05:30,1,77075,27.1760784,77.409117,2,12,1,810509,105,810509270
48055,"27.175659,77.379602,27.175659,77.379602,27.175660,77.379618,27.175665,77.379639",images/blockplantation/264b260d-a9bf-4bd9-a82a-f18e02eaaa80.jpg,100,"Neem: 20, Seesam: 25, Babool: 20, Bael: 15, Others: 20",FALSE,2024-09-04 07:37:05.910902+05:30,2024-09-04 07:37:05.910926+05:30,1,77150,27.1756367,77.3797009,2,7,1,810509,105,810509220
48056,"29.315101, 74.348758,29.315112, 74.348800,29.315100, 74.348791,29.315092, 74.348786,29.315075, 74.348788,29.315074, 74.348781,29.315069, 74.348764,29.315068, 74.348760,29.315061, 74.348752,29.315054, 74.348743,29.315065, 74.348747,29.315068, 74.348753,29.315065, 74.348772,29.315065, 74.348778,29.315038, 74.348748,29.315043, 74.348735,29.315054, 74.348726,29.315096, 74.348722,29.315110, 74.348709,29.315188, 74.348693,29.315206, 74.348658,29.315240, 74.348630,29.315228, 74.348636,29.315219, 74.348639,29.315225, 74.348642,29.315236, 74.348645,29.315241, 74.348645,29.315241, 74.348644,29.315230, 74.348690,29.315199, 74.348722,29.315180, 74.348744,29.315179, 74.348750,29.315171, 74.348768,29.315161, 74.348779,29.315201, 74.348826,29.315217, 74.348817,29.315204, 74.348853,29.315293, 74.348532,29.315114, 74.348558,29.315006, 74.348531,29.314983, 74.348552,29.315044, 74.348896,29.315047, 74.348988,29.315016, 74.349038,29.314995, 74.349072,29.314993, 74.349195,29.315012, 74.349271,29.314981, 74.349310,29.314970, 74.349331,29.314991, 74.349424,29.315052, 74.349370,29.315078, 74.349332,29.315091, 74.349287,29.315118, 74.349176,29.315102, 74.349131,29.315101, 74.349101,29.315142, 74.348662,29.315092, 74.348536,29.315118, 74.348678",images/blockplantation/f1a085fb-f418-4d78-9b3e-1ebd58db38e7.jpg,60,"Sheesham,Belgiri,Gudhal,Gulab,Sdabahar,Nimbu,Pipal,Cactus",FALSE,2024-09-04 07:51:46.276675+05:30,2024-09-04 07:51:46.276698+05:30,1,72835,29.3156855,74.3484178,2,7,1,0,0,0
48057,"27.203597,77.556383,27.203561,77.556447,27.203525,77.556504,27.203499,77.556534",images/blockplantation/fdd862c3-c6b3-435a-bc9b-dc9b3bee4c2b.jpg,500,Arjun: 500,FALSE,2024-09-04 08:25:45.340331+05:30,2024-09-04 08:25:45.340351+05:30,1,77203,27.203576,77.5564392,2,7,0.5,810509,105,810509020
48058,"27.203853,77.556370,27.203906,77.556286,27.203916,77.556196,27.203934,77.556062",images/blockplantation/38143240-a8b6-4c77-9782-3cb88cd211a7.jpg,500,Seesam: 500,FALSE,2024-09-04 08:32:32.160541+05:30,2024-09-04 08:32:32.160561+05:30,1,77203,27.2040127,77.5564131,2,7,0.5,810509,105,810509020
48059,"27.179046,77.569310,27.178957,77.569324,27.178949,77.569358,27.178923,77.569408",images/blockplantation/c7d57d2f-ac62-45cd-a8d0-ca4a8cf0537d.jpg,300,"Bargad: 100, Kadam: 100, Karanj: 100",FALSE,2024-09-04 08:36:20.288071+05:30,2024-09-04 08:36:20.288086+05:30,2,77211,27.1790448,77.5693104,2,7,1,810509,105,810509310
48060,"27.232640,77.617546,27.232548,77.617381,27.232525,77.617512,27.232376,77.617577",images/blockplantation/af399163-91b4-490e-ae6d-a48a7b528afb.jpg,100,"Bargad: 5, Jamun: 20, Kadamb: 5, Karanj: 20, Neem: 20, Peepal: 10, Seesam: 10, Mango: 10",FALSE,2024-09-04 08:44:26.154118+05:30,2024-09-04 08:44:26.154138+05:30,1,8820,27.2327576,77.6175324,2,7,2,810509,105,810509290
48061,"27.230503,77.607140,27.230503,77.607140,27.230504,77.607140,27.230500,77.607140",images/blockplantation/c4df2710-642b-417a-8b9e-b7005485efab.jpg,300,Karanj: 300,FALSE,2024-09-04 08:56:25.89998+05:30,2024-09-04 08:56:25.9+05:30,1,4723,27.2302315,77.6071048,2,7,2,810509,105,810509290
48062,"27.230632,77.607407,27.230632,77.607407,27.230632,77.607407,27.230630,77.607398",images/blockplantation/7d6d505e-77c7-4440-af1b-7326435f5904.jpg,200,Neem: 200,FALSE,2024-09-04 08:58:41.956163+05:30,2024-09-04 08:58:41.956184+05:30,1,4723,27.2305866,77.6073624,2,9,2,810509,105,810509290
48063,"27.172931,77.578968,27.172914,77.578942,27.172893,77.578894,27.172887,77.578842,27.172865,77.578773,27.172823,77.578765,27.172794,77.578767,27.172771,77.578716",images/blockplantation/78239489-8eab-44ea-9dee-a85bc97993fe.jpg,500,"Kadamb: 50, Karanj: 50, Neem: 50, Peepal: 50, Seesam: 50, Siris: 50, Palash: 50, Amaltas: 50, Amla: 50, Amrood: 50",FALSE,2024-09-04 09:06:38.550212+05:30,2024-09-04 09:06:38.550231+05:30,1,77211,27.172771,77.5790352,2,7,0.4,810509,105,810509310
48064,"27.173803,77.399779,27.173750,77.399842,27.173760,77.399845,27.173751,77.399804,27.173713,77.399814,27.173660,77.399848",images/blockplantation/1eeca73d-74ee-484d-bf14-f9051e26f8b1.jpg,100,"Amrood: 20, Babool: 5, Ber: 5, Karanj: 5, Neem: 5, Orange: 5, Others: 5, Peepal: 5, Safed Kikar: 45",FALSE,2024-09-04 09:14:01.760637+05:30,2024-09-04 09:14:01.760657+05:30,1,77175,27.173697,77.4000948,2,7,2,810509,105,810509270
48065,"27.196258,77.453114,27.196417,77.453239,27.196550,77.453448,27.196495,77.453702,27.196321,77.453611,27.196250,77.453501,27.196225,77.453479,27.196142,77.453410,27.196077,77.453317,27.196073,77.453310,27.196200,77.453111",images/blockplantation/46889b88-1c8c-4a94-bf12-a258ba8f6a58.jpg,200,"Amrood: 50, Banyan: 50, Amla: 50, Ber: 50",FALSE,2024-09-04 09:22:52.006615+05:30,2024-09-04 09:22:52.006635+05:30,2,77204,27.196247,77.4531315,2,7,2,810509,105,810509230
48066,"27.173777,77.399898,27.173752,77.399941,27.173758,77.399886,27.173650,77.399862",images/blockplantation/c6aa50c0-a48c-41ec-b3ae-13075eda43d1.jpg,104,"Aak: 20, Amaltas: 10, Babool: 20, Ber: 20, Gonda: 20, Jamun: 14",FALSE,2024-09-04 09:37:29.423952+05:30,2024-09-04 09:37:29.423973+05:30,1,77180,27.1737548,77.3998819,2,7,1,810509,105,810509270
48067,"27.166476,77.589313,27.166434,77.589342,27.166404,77.589381,27.166409,77.589429,27.166409,77.589466,27.166410,77.589509,27.166597,77.589472,27.166598,77.589491",images/blockplantation/224d98c3-8178-40b2-99f4-bea12a4dfd5d.jpg,500,"Amaltas: 50, Amla: 50, Amrood: 50, Arjun: 50, Banyan: 50, Ber: 50, Gular: 50, Jamun: 50, Kadam: 50, Karanj: 50",FALSE,2024-09-04 09:40:07.079349+05:30,2024-09-04 09:40:07.07937+05:30,1,77211,27.1664754,77.5893572,2,7,0.2,810509,105,810509310
48068,"27.173022,77.579165,27.173024,77.579129,27.173035,77.579077,27.173041,77.579044,27.173045,77.579023,27.173050,77.578977,27.173056,77.578955,27.173063,77.578924,27.173073,77.578883,27.173082,77.578812,27.173087,77.578776",images/blockplantation/89cd1046-45c5-45d6-8009-507aca5b5d47.jpg,500,"Amaltas: 50, Amla: 50, Amrood: 50, Arjun: 50, Bael: 50, Bargad: 50, Gular: 50, Imli: 50, Jamun: 50, Kadam: 50",FALSE,2024-09-04 09:48:15.073049+05:30,2024-09-04 09:48:15.073068+05:30,2,77211,27.1730203,77.5791509,2,9,0.5,810509,105,810509310
48069,"25.221600,75.856689,25.221620,75.856725,25.221608,75.856774,25.221620,75.856772,25.221646,75.856776",images/blockplantation/93e10f73-7705-4852-a62f-d295c900b631.jpg,200,Neem: 200,FALSE,2024-09-04 09:58:15.677732+05:30,2024-09-04 09:58:15.677751+05:30,1,77232,25.2216526,75.8567719,30,2,20,812703,127,812703261
48070,"25.000733,74.455400,25.008952,74.457509,25.000338,74.453994,25.000477,74.455378",images/blockplantation/d5f2b934-747d-4879-9c71-b9046b18e8e6.jpg,259,"Babool: 60, JUNGLE JALEBI: 60, Karanj: 60, Seesam: 60, Neem: 19",FALSE,2024-09-04 10:02:11.331852+05:30,2024-09-04 10:02:11.331869+05:30,1,15648,25.000471,74.4553403,9,3,5,812611,126,812611030
48071,"25.107632,75.833517,25.107632,75.833518,25.107632,75.833530,25.107630,75.833554,25.107629,75.833583,25.107627,75.833614,25.107625,75.833648,25.107623,75.833682,25.107622,75.833700,25.107621,75.833719,25.107620,75.833739,25.107619,75.833760,25.107619,75.833782,25.107619,75.833782,25.107620,75.833805,25.107665,75.833979,25.107718,75.834026,25.107741,75.834032,25.107741,75.834032,25.107767,75.834036",images/blockplantation/27af0095-1b4a-4c0c-ad4e-700be6c75ca3.jpg,250,"Karanj: 50, Mango: 25, Neem: 75, Kachnar: 100",FALSE,2024-09-04 10:13:13.371638+05:30,2024-09-04 10:13:13.371658+05:30,1,77268,25.1079178,75.8340197,30,9,0.07,812703,127,812703261
48072,"25.221621,75.856683,25.221642,75.856772,25.221639,75.856795,25.221619,75.856791",images/blockplantation/b8c17f3c-fb38-49c3-80e4-2e12f5a9bfe5.jpg,200,Neem: 200,FALSE,2024-09-04 10:13:22.330801+05:30,2024-09-04 10:13:22.330821+05:30,2,77232,25.2215952,75.8566819,30,2,0.1,812703,127,812703261
48073,"25.221615,75.856797,25.221615,75.856796,25.221578,75.856769,25.221556,75.856754",images/blockplantation/21f8454a-80ca-4e00-9bc1-29641ada81ec.jpg,400,Seesam: 400,FALSE,2024-09-04 10:15:01.264694+05:30,2024-09-04 10:15:01.264719+05:30,2,77232,25.2216128,75.8567861,30,2,0.1,812703,127,812703261
48074,"25.128131,75.833843,25.128131,75.833823,25.128187,75.833705,25.128215,75.833384,25.128231,75.833307,25.128241,75.833264,25.128262,75.833164,25.128284,75.833058,25.128322,75.832879,25.128347,75.832756,25.128357,75.832698,25.128357,75.832698,25.128380,75.832594,25.128385,75.832555,25.128396,75.832465,25.128404,75.832436,25.128412,75.832402,25.128437,75.832326,25.128437,75.832326,25.128449,75.832284,25.128462,75.832233,25.128479,75.832177,25.128493,75.832124,25.128514,75.832025,25.128531,75.831982,25.128539,75.831942,25.128543,75.831846,25.128563,75.831690,25.128566,75.831632",images/blockplantation/cdce9af1-d3cc-4375-afd7-08c67a90b6bf.jpg,500,"Jamun: 20, Kadam: 50, Karanj: 150, Moringa: 50, Neem: 150, Peepal: 50, Seesam: 30",FALSE,2024-09-04 10:23:27.996115+05:30,2024-09-04 10:23:27.996136+05:30,1,77268,25.1283636,75.8340695,30,9,0.08,812703,127,812703261
48075,"27.195179,77.489199,27.195165,77.489174,27.195165,77.489173,27.195166,77.489172",images/blockplantation/b22c4c89-06cb-48e3-9204-dddc932913c5.jpg,200,Karanj: 200,FALSE,2024-09-04 10:25:06.303693+05:30,2024-09-04 10:25:06.303713+05:30,1,77287,27.1952482,77.4892149,2,4,2,810509,105,810509230
48076,"25.097756, 75.855934,25.097756, 75.855934,25.097756, 75.855934,25.097751, 75.855942,25.097749, 75.855957,25.097747, 75.855963,25.097742, 75.855981,25.097741, 75.855988,25.097738, 75.855996",images/blockplantation/63a0d0da-57d6-49b8-95c1-4c730b767970.jpg,10,Neem,FALSE,2024-09-04 10:31:39.730024+05:30,2024-09-04 10:31:39.730042+05:30,1,28194,25.0977331,75.8560098,30,1,1,812703,127,812703261
48077,"25.206829,75.827078,25.206817,75.827105,25.206843,75.827164,25.206882,75.827183",images/blockplantation/d69631b2-792b-43db-9fe4-0fbc23e66128.jpg,150,Aak: 150,FALSE,2024-09-04 10:39:55.904924+05:30,2024-09-04 10:39:55.904942+05:30,2,77232,25.2068198,75.8270735,30,5,0.1,812703,127,812703261
48078,"27.173795,77.399847,27.173782,77.399894,27.173739,77.399960,27.173569,77.399792,27.173639,77.399944",images/blockplantation/110ac0f0-a0a4-461d-8a94-95b9e0bd5d9f.jpg,100,"Peepal: 30, Neem: 20, Karanj: 20, Seesam: 20, Siris: 10",FALSE,2024-09-04 10:41:31.695967+05:30,2024-09-04 10:41:31.695987+05:30,1,77170,27.1736254,77.3998191,2,7,1,810509,105,810509270
48079,"26.757552,77.932748,26.757694,77.932755,26.757549,77.932628,26.757694,77.932682,26.757694,77.932683,26.757702,77.932683,26.757704,77.932683,26.757704,77.932682",images/blockplantation/fcc5f0b5-5697-4b37-bcfa-800658741c52.jpg,150,"Amla: 20, Amrood: 20, Arjun: 20, Google: 20, Karanj: 70",FALSE,2024-09-04 10:43:29.885112+05:30,2024-09-04 10:43:29.885131+05:30,2,77197,26.7576045,77.9327135,2,7,0.07,810603,106,810603190
48080,"25.091172, 75.864090,25.091172, 75.864116,25.091175, 75.864140,25.091178, 75.864173,25.091177, 75.864180,25.091175, 75.864200,25.091180, 75.864224,25.091209, 75.864395,25.091196, 75.864380,25.091193, 75.864378,25.091180, 75.864371,25.091173, 75.864367,25.091158, 75.864363,25.091152, 75.864359,25.091146, 75.864366,25.091138, 75.864380,25.091132, 75.864385,25.091119, 75.864392,25.091078, 75.864375,25.091073, 75.864378,25.091047, 75.864388,25.091030, 75.864398,25.091033, 75.864398,25.091041, 75.864397,25.091042, 75.864396,25.091042, 75.864396,25.091045, 75.864395,25.091048, 75.864399,25.091051, 75.864402,25.091061, 75.864409,25.091066, 75.864411,25.091077, 75.864422,25.091084, 75.864433,25.091092, 75.864451,25.091097, 75.864454,25.091105, 75.864463,25.091107, 75.864471,25.091101, 75.864478,25.091099, 75.864481,25.091097, 75.864483,25.091097, 75.864483,25.091096, 75.864483,25.091094, 75.864482,25.091094, 75.864482,25.091093, 75.864481,25.091093, 75.864481,25.091092, 75.864481,25.091092, 75.864481,25.091094, 75.864487,25.091094, 75.864487,25.091094, 75.864487,25.091100, 75.864496,25.091100, 75.864496,25.091106, 75.864503,25.091106, 75.864503,25.091110, 75.864508,25.091110, 75.864508,25.091114, 75.864515,25.091114, 75.864515,25.091116, 75.864521,25.091116, 75.864521,25.091116, 75.864521,25.091116, 75.864529,25.091116, 75.864529,25.091113, 75.864538,25.091113, 75.864538,25.091110, 75.864546,25.091110, 75.864546,25.091109, 75.864553,25.091109, 75.864553,25.091111, 75.864561,25.091111, 75.864561,25.091115, 75.864567,25.091115, 75.864567,25.091115, 75.864567,25.091119, 75.864573,25.091119, 75.864573,25.091121, 75.864582,25.091121, 75.864582,25.091120, 75.864592,25.091120, 75.864592,25.091119, 75.864600,25.091121, 75.864608,25.091124, 75.864615,25.091124, 75.864615,25.091130, 75.864623,25.091130, 75.864623",images/blockplantation/2f83bb76-853b-4a63-8ad2-e9d58d7ea31c.jpg,5000,"Neem,Peepal,Kapas,Gulmohar,Charen,Bans,Sheesham,Kathal,Amrood,Bilpatra,Chamdni,Chavra",FALSE,2024-09-04 10:44:29.296814+05:30,2024-09-04 10:44:29.296834+05:30,2,28194,25.0911045,75.8643749,30,1,5,812703,127,812703010
48081,"27.278059,77.491166,27.278147,77.490911,27.277796,77.490943,27.277860,77.491247",images/blockplantation/a018c46b-2872-40f4-b840-06835cbd1552.jpg,500,"Peepal: 100, Jamun: 100, Neem: 200, Seesam: 100",FALSE,2024-09-04 10:46:03.19371+05:30,2024-09-04 10:46:03.193729+05:30,1,21931,27.2780223,77.4911749,2,2,1.2,810504,105,810504300
48082,"27.809537,77.201604,27.809694,77.201646,27.809762,77.201663,27.809994,77.201721",images/blockplantation/6297aebe-af25-44c6-95bf-2baaa695722f.jpg,500,"Babool: 270, Kikar: 230",FALSE,2024-09-04 10:46:06.61058+05:30,2024-09-04 10:46:06.6106+05:30,2,73794,27.8096402,77.2017722,2,6,1.2,810503,105,810503110
48083,"28.420006,75.508767,28.420007,75.508779,28.419995,75.508776,28.419989,75.508775",images/blockplantation/766b19ba-d69e-4541-bd7d-7a1b17eab397.jpg,100,"Peepal: 50, Siris: 50",FALSE,2024-09-04 10:50:27.666584+05:30,2024-09-04 10:50:27.66661+05:30,1,8675,28.419984,75.5087753,13,10,2,810203,102,810203110
48084,"28.419946,75.509126,28.419941,75.509142,28.419931,75.509145,28.419930,75.509140",images/blockplantation/b603eefe-4a74-442b-b584-85243eeb79f3.jpg,100,"Seesam: 50, Neem: 50",FALSE,2024-09-04 10:52:02.614924+05:30,2024-09-04 10:52:02.614943+05:30,1,8675,28.4199884,75.5090866,13,10,2,810203,102,810203110
48085,"28.307073,72.648284,28.307082,72.648286,28.307085,72.648294,28.307091,72.648318,28.307094,72.648337,28.307095,72.648360,28.307093,72.648374,28.307091,72.648392,28.307091,72.648408,28.307091,72.648423,28.307092,72.648443,28.307092,72.648456,28.307092,72.648463,28.307093,72.648470,28.307094,72.648478,28.307092,72.648485,28.307093,72.648496,28.307091,72.648503,28.307090,72.648506,28.307088,72.648515,28.307086,72.648520,28.307084,72.648528,28.307083,72.648533,28.307081,72.648543,28.307079,72.648555,28.307080,72.648557,28.307080,72.648564,28.307081,72.648577,28.307082,72.648580,28.307082,72.648590,28.307081,72.648596,28.307080,72.648603,28.307079,72.648616,28.307079,72.648627,28.307079,72.648634,28.307079,72.648641,28.307078,72.648652,28.307078,72.648658,28.307077,72.648672,28.307077,72.648683,28.307077,72.648689,28.307077,72.648696,28.307078,72.648704,28.307081,72.648715,28.307085,72.648719,28.307097,72.648729,28.307107,72.648731,28.307113,72.648729,28.307116,72.648729,28.307128,72.648728,28.307140,72.648726,28.307149,72.648726,28.307155,72.648725,28.307165,72.648724,28.307173,72.648723,28.307176,72.648724,28.307189,72.648725,28.307197,72.648727,28.307203,72.648728,28.307211,72.648729,28.307212,72.648730,28.307220,72.648730,28.307225,72.648732,28.307229,72.648732,28.307232,72.648733,28.307244,72.648735,28.307252,72.648736,28.307262,72.648737,28.307285,72.648738,28.307289,72.648738,28.307295,72.648739,28.307307,72.648740,28.307321,72.648742,28.307331,72.648743,28.307339,72.648744,28.307345,72.648745,28.307358,72.648746,28.307365,72.648747,28.307380,72.648748,28.307389,72.648749,28.307395,72.648750,28.307406,72.648752,28.307416,72.648753,28.307422,72.648753,28.307443,72.648756,28.307452,72.648757,28.307459,72.648757,28.307466,72.648756,28.307475,72.648755,28.307482,72.648756,28.307489,72.648758,28.307495,72.648758,28.307505,72.648759,28.307512,72.648761,28.307520,72.648762,28.307534,72.648767,28.307540,72.648770,28.307546,72.648771,28.307552,72.648772,28.307566,72.648775,28.307573,72.648776,28.307586,72.648777,28.307592,72.648777,28.307607,72.648779,28.307614,72.648780,28.307627,72.648780,28.307639,72.648781,28.307649,72.648783,28.307660,72.648785,28.307667,72.648786,28.307678,72.648788,28.307691,72.648791,28.307697,72.648794,28.307708,72.648797,28.307715,72.648798,28.307728,72.648802,28.307741,72.648804,28.307748,72.648804,28.307760,72.648805,28.307772,72.648806,28.307779,72.648807,28.307791,72.648807,28.307803,72.648806,28.307811,72.648806,28.307825,72.648809,28.307838,72.648811,28.307850,72.648812,28.307864,72.648815,28.307870,72.648816,28.307883,72.648820,28.307899,72.648826,28.307910,72.648827,28.307940,72.648794,28.307936,72.648789,28.307932,72.648775,28.307930,72.648765,28.307928,72.648753,28.307927,72.648739,28.307926,72.648727,28.307925,72.648708,28.307941,72.648398,28.307941,72.648398,28.307941,72.648399,28.307940,72.648398,28.307934,72.648397,28.307928,72.648394,28.307910,72.648390,28.307903,72.648388,28.307888,72.648387,28.307869,72.648384,28.307849,72.648380,28.307842,72.648377,28.307828,72.648375,28.307817,72.648372,28.307803,72.648366,28.307788,72.648363,28.307778,72.648364,28.307770,72.648363,28.307762,72.648359,28.307747,72.648359,28.307737,72.648359,28.307725,72.648358,28.307714,72.648358,28.307701,72.648355,28.307657,72.648354,28.307639,72.648347,28.307643,72.648328,28.307631,72.648329,28.307622,72.648330,28.307596,72.648333,28.307593,72.648334,28.307573,72.648332,28.307552,72.648329,28.307535,72.648327,28.307520,72.648325,28.307505,72.648323,28.307486,72.648320,28.307468,72.648319,28.307455,72.648321,28.307433,72.648316,28.307425,72.648315,28.307409,72.648314,28.307391,72.648311,28.307373,72.648306,28.307358,72.648302,28.307347,72.648296,28.307335,72.648290,28.307324,72.648286,28.307309,72.648287,28.307287,72.648293,28.307278,72.648295,28.307265,72.648296,28.307246,72.648298,28.307230,72.648301,28.307217,72.648300,28.307200,72.648295,28.307184,72.648284,28.307169,72.648279,28.307153,72.648277,28.307138,72.648277,28.307118,72.648273,28.307183,72.648379,28.307192,72.648391,28.307199,72.648406,28.307204,72.648412,28.307206,72.648436,28.307211,72.648448,28.307213,72.648460,28.307216,72.648477,28.307211,72.648496,28.307210,72.648511,28.307211,72.648526,28.307211,72.648544,28.307210,72.648565,28.307209,72.648578,28.307207,72.648585,28.307205,72.648604,28.307203,72.648615,28.307205,72.648629,28.307207,72.648639,28.307210,72.648650,28.307215,72.648666,28.307223,72.648679,28.307235,72.648684,28.307246,72.648679,28.307253,72.648675,28.307268,72.648667,28.307278,72.648665,28.307287,72.648664,28.307297,72.648665,28.307309,72.648666,28.307319,72.648670,28.307334,72.648674,28.307350,72.648676,28.307364,72.648677,28.307377,72.648673,28.307392,72.648674,28.307416,72.648681,28.307435,72.648683,28.307450,72.648681,28.307471,72.648682,28.307484,72.648685,28.307495,72.648685,28.307504,72.648686,28.307512,72.648692,28.307519,72.648695,28.307535,72.648693,28.307546,72.648691,28.307565,72.648692,28.307581,72.648693,28.307590,72.648693,28.307605,72.648690,28.307618,72.648691,28.307664,72.648693,28.307663,72.648694,28.307680,72.648694,28.307712,72.648699,28.307729,72.648702,28.307750,72.648708,28.307768,72.648713,28.307789,72.648720,28.307803,72.648723,28.307820,72.648727,28.307839,72.648734,28.307857,72.648739,28.307877,72.648740,28.307887,72.648725,28.307884,72.648696,28.307883,72.648680,28.307879,72.648652,28.307881,72.648628,28.307885,72.648601,28.307892,72.648577,28.307896,72.648556,28.307898,72.648525,28.307899,72.648506,28.307901,72.648490,28.307903,72.648465,28.307902,72.648448,28.307900,72.648435,28.307887,72.648413,28.307874,72.648422,28.307855,72.648428,28.307841,72.648430,28.307818,72.648437,28.307800,72.648440,28.307778,72.648439,28.307765,72.648434,28.307747,72.648430,28.307731,72.648430,28.307712,72.648425,28.307693,72.648421,28.307669,72.648418,28.307646,72.648417,28.307631,72.648412,28.307612,72.648407,28.307597,72.648404,28.307571,72.648398,28.307543,72.648390,28.307517,72.648390,28.307495,72.648389,28.307470,72.648390,28.307455,72.648403,28.307442,72.648411,28.307423,72.648418,28.307398,72.648420,28.307364,72.648411,28.307341,72.648399,28.307317,72.648391,28.307295,72.648385,28.307274,72.648383,28.307255,72.648380,28.307226,72.648371,28.307195,72.648366,28.307194,72.648407,28.307217,72.648429,28.307219,72.648451,28.307227,72.648484,28.307232,72.648511,28.307234,72.648536,28.307240,72.648567,28.307240,72.648603,28.307240,72.648625,28.307266,72.648630,28.307280,72.648613,28.307297,72.648605,28.307329,72.648601,28.307366,72.648603,28.307395,72.648604,28.307423,72.648607,28.307434,72.648608,28.307449,72.648609,28.307476,72.648611,28.307498,72.648615,28.307529,72.648620,28.307556,72.648628,28.307578,72.648632,28.307600,72.648633,28.307626,72.648639,28.307647,72.648640,28.307663,72.648642,28.307683,72.648641,28.307703,72.648640,28.307720,72.648641,28.307742,72.648645,28.307764,72.648648,28.307786,72.648649,28.307808,72.648647,28.307818,72.648632,28.307815,72.648605,28.307811,72.648578,28.307810,72.648542,28.307812,72.648521,28.307793,72.648492,28.307777,72.648491,28.307752,72.648488,28.307731,72.648487,28.307714,72.648483,28.307691,72.648478,28.307670,72.648474,28.307652,72.648470,28.307627,72.648463,28.307603,72.648461,28.307577,72.648455,28.307555,72.648454,28.307519,72.648458,28.307489,72.648461,28.307460,72.648462,28.307431,72.648465,28.307407,72.648464,28.307369,72.648456,28.307362,72.648450,28.307362,72.648450,28.307354,72.648446,28.307344,72.648442,28.307326,72.648439,28.307305,72.648437,28.307290,72.648437,28.307258,72.648436,28.307265,72.648454,28.307278,72.648472,28.307288,72.648487,28.307299,72.648509,28.307317,72.648536,28.307329,72.648552,28.307344,72.648570,28.307375,72.648583,28.307387,72.648569,28.307403,72.648560,28.307419,72.648550,28.307432,72.648544,28.307450,72.648538,28.307467,72.648536,28.307479,72.648535,28.307557,72.648520,28.307575,72.648507,28.307406,72.648465,28.307402,72.648496,28.307414,72.648494,28.307396,72.648493,28.307369,72.648486,28.307338,72.648473,28.307193,72.648454,28.307174,72.648613,28.307167,72.648641,28.307097,72.648748,28.307082,72.648730",images/blockplantation/5313ed32-7786-41c1-8d0e-4983356f6cc7.jpg,400,Karanj: 400,FALSE,2024-09-04 10:53:45.014275+05:30,2024-09-04 10:53:45.014293+05:30,1,75696,28.307193,72.6486917,13,12,1,810103,101,810103170
48086,"27.809440,77.201490,27.809329,77.201397,27.809206,77.201365,27.809066,77.201329",images/blockplantation/a6a7b43d-dd8b-4554-9cb9-8db87fa39ddf.jpg,100,"Aak: 50, Babool: 20, Kikar: 30",FALSE,2024-09-04 10:58:37.64327+05:30,2024-09-04 10:58:37.64329+05:30,2,77315,27.8095383,77.201525,2,6,0.8,810503,105,810503110
48087,"27.189622,77.491720,27.189630,77.491743,27.189653,77.491721,27.189689,77.491683",images/blockplantation/fb5dbe2e-773a-4d38-96a9-6ddbafc3bfd7.jpg,100,"Harsingar: 20, Gular: 30, Bael: 30, Dhonk: 20",FALSE,2024-09-04 10:58:41.604174+05:30,2024-09-04 10:58:41.604193+05:30,1,77202,27.1897009,77.4919334,2,7,0.5,810509,105,810509230
48088,"24.784163,71.721277,24.783732,71.720594,24.784340,71.720109,24.784832,71.720960,24.784573,71.721193",images/blockplantation/f4f86f9c-ffeb-43c0-9ea3-dd2ff0591f88.jpg,123,"Bargad: 5, Ber: 5, Imli: 25, Neem: 40, Rohida: 5, Seesam: 5, Karanj: 20, Ardu: 5, Others: 13",FALSE,2024-09-04 10:59:18.129038+05:30,2024-09-04 10:59:18.129058+05:30,1,75128,24.7841533,71.7212133,13,7,2,811607,116,811607090
48089,"27.189604,77.492197,27.189688,77.492116,27.189767,77.492116,27.189794,77.492091",images/blockplantation/79040023-0cb6-41a1-82da-3102a5ad9229.jpg,100,"Neem: 25, Peepal: 35, Kadamb: 20, Gular: 20",FALSE,2024-09-04 11:01:31.564941+05:30,2024-09-04 11:01:31.56496+05:30,1,77202,27.1897602,77.4917711,2,7,0.56,810509,105,810509230
48090,"25.109505, 75.862158,25.109507, 75.862159,25.109510, 75.862160,25.109510, 75.862160,25.109510, 75.862160,25.109510, 75.862160,25.109510, 75.862160,25.109510, 75.862160,25.109510, 75.862160,25.109510, 75.862160,25.109510, 75.862160,25.109510, 75.862160,25.109510, 75.862160,25.109510, 75.862160,25.109510, 75.862160,25.109510, 75.862160,25.109510, 75.862160,25.109510, 75.862160,25.109510, 75.862160,25.109510, 75.862160,25.109510, 75.862160,25.109510, 75.862160,25.109514, 75.862161,25.109513, 75.862161,25.109513, 75.862161,25.109520, 75.862151,25.109520, 75.862151,25.109533, 75.862138,25.109533, 75.862138,25.109533, 75.862138,25.109551, 75.862122,25.109551, 75.862122,25.109570, 75.862106,25.109570, 75.862106,25.109590, 75.862088,25.109590, 75.862088,25.109612, 75.862071,25.109612, 75.862071,25.109636, 75.862055,25.109636, 75.862055,25.109662, 75.862038,25.109662, 75.862038,25.109689, 75.862023,25.109689, 75.862023,25.109716, 75.862008,25.109716, 75.862008,25.109744, 75.861995,25.109744, 75.861995,25.109771, 75.861985,25.109771, 75.861985,25.109797, 75.861974,25.109797, 75.861974,25.109822, 75.861958,25.109844, 75.861935,25.109844, 75.861935,25.109864, 75.861911,25.109864, 75.861911,25.109887, 75.861889,25.109887, 75.861889,25.109887, 75.861889,25.109913, 75.861868,25.109913, 75.861868,25.109940, 75.861849,25.109940, 75.861849,25.109965, 75.861829,25.109965, 75.861829,25.109988, 75.861806,25.109988, 75.861806,25.110008, 75.861781,25.110008, 75.861781,25.110026, 75.861758,25.110045, 75.861737,25.110045, 75.861737,25.110060, 75.861712,25.110060, 75.861712,25.110060, 75.861712,25.110071, 75.861684,25.110071, 75.861684,25.110076, 75.861651,25.110076, 75.861651,25.110080, 75.861617,25.110080, 75.861617,25.110089, 75.861586,25.110089, 75.861586,25.110105, 75.861561,25.110105, 75.861561,25.110124, 75.861539,25.110124, 75.861539,25.110144, 75.861518,25.110144, 75.861518,25.110167, 75.861502,25.110167, 75.861502,25.110191, 75.861490,25.110191, 75.861490,25.110215, 75.861480,25.110215, 75.861480,25.110240, 75.861471,25.110240, 75.861471,25.110264, 75.861463,25.110264, 75.861463,25.110287, 75.861454,25.110312, 75.861442,25.110338, 75.861426,25.110366, 75.861410,25.110366, 75.861410,25.110366, 75.861410,25.110393, 75.861392,25.110393, 75.861392,25.110419, 75.861373,25.110419, 75.861373,25.110443, 75.861355,25.110443, 75.861355,25.110466, 75.861336,25.110487, 75.861318,25.110487, 75.861318,25.110509, 75.861300,25.110509, 75.861300,25.110528, 75.861283,25.110528, 75.861283,25.110545, 75.861268,25.110545, 75.861268,25.110563, 75.861253,25.110585, 75.861238,25.110585, 75.861238,25.110606, 75.861221,25.110606, 75.861221,25.110652, 75.861176,25.110677, 75.861158,25.110677, 75.861158,25.110701, 75.861138,25.110723, 75.861115,25.110746, 75.861094,25.110746, 75.861094,25.110771, 75.861077,25.110796, 75.861065,25.110823, 75.861056,25.110823, 75.861056,25.110851, 75.861048,25.110878, 75.861041,25.110906, 75.861036,25.110906, 75.861036,25.110950, 75.861037,25.110970, 75.861038,25.110970, 75.861038,25.110989, 75.861041,25.111010, 75.861044,25.111029, 75.861049,25.111048, 75.861057,25.111065, 75.861068,25.111065, 75.861068,25.111084, 75.861080,25.111100, 75.861092,25.111116, 75.861105,25.111135, 75.861119,25.111135, 75.861119,25.111156, 75.861135,25.111178, 75.861150,25.111200, 75.861163,25.111223, 75.861177,25.111245, 75.861192,25.111245, 75.861192,25.111268, 75.861208,25.111292, 75.861222,25.111316, 75.861236,25.111341, 75.861249,25.111365, 75.861262,25.111389, 75.861274,25.111411, 75.861287,25.111434, 75.861302,25.111434, 75.861302,25.111480, 75.861337,25.111505, 75.861353,25.111505, 75.861353,25.111530, 75.861367,25.111552, 75.861379,25.111576, 75.861393,25.111602, 75.861410,25.111630, 75.861425,25.111659, 75.861439,25.111659, 75.861439,25.111684, 75.861456,25.111707, 75.861477,25.111731, 75.861498,25.111758, 75.861518,25.111758, 75.861518,25.111788, 75.861534,25.111847, 75.861565,25.111876, 75.861581,25.111905, 75.861596,25.111932, 75.861611,25.111932, 75.861611,25.111954, 75.861622,25.111972, 75.861631,25.111990, 75.861643,25.112006, 75.861655,25.112019, 75.861667,25.112019, 75.861667,25.112036, 75.861679,25.112058, 75.861687,25.112084, 75.861693,25.112111, 75.861700,25.112139, 75.861710,25.112165, 75.861724,25.112165, 75.861724,25.112217, 75.861757,25.112217, 75.861757,25.112244, 75.861771,25.112271, 75.861784,25.112298, 75.861798,25.112326, 75.861812,25.112354, 75.861827,25.112383, 75.861840,25.112412, 75.861855,25.112440, 75.861872,25.112469, 75.861888,25.112499, 75.861903,25.112499, 75.861903,25.112556, 75.861935,25.112583, 75.861950,25.112609, 75.861965,25.112635, 75.861980,25.112662, 75.861994,25.112690, 75.862009,25.112717, 75.862026,25.112745, 75.862043,25.112772, 75.862057,25.112772, 75.862057,25.112799, 75.862072,25.112823, 75.862087,25.112848, 75.862102,25.112873, 75.862116,25.112899, 75.862129,25.112925, 75.862144,25.112976, 75.862175,25.113018, 75.862209,25.113028, 75.862234,25.113029, 75.862261,25.113022, 75.862287,25.113011, 75.862315,25.113002, 75.862343,25.112993, 75.862371,25.112980, 75.862400,25.112965, 75.862427,25.112950, 75.862452,25.112937, 75.862480,25.112922, 75.862508,25.112894, 75.862560,25.112883, 75.862585,25.112872, 75.862611,25.112862, 75.862639,25.112859, 75.862666,25.112857, 75.862694,25.112855, 75.862724,25.112850, 75.862752,25.112844, 75.862781,25.112839, 75.862811,25.112832, 75.862840,25.112824, 75.862866,25.112809, 75.862890,25.112767, 75.862920,25.112767, 75.862920,25.112745, 75.862934,25.112726, 75.862949,25.112692, 75.862986,25.112684, 75.863007,25.112677, 75.863030,25.112671, 75.863051,25.112662, 75.863069,25.112653, 75.863086,25.112663, 75.863114,25.112679, 75.863120,25.112698, 75.863124,25.112724, 75.863119,25.112751, 75.863111,25.112777, 75.863105,25.112807, 75.863100,25.112868, 75.863096,25.112898, 75.863095,25.112928, 75.863095,25.112958, 75.863095,25.113021, 75.863092,25.113052, 75.863093,25.113084, 75.863095,25.113115, 75.863097,25.113174, 75.863091,25.113203, 75.863084,25.113233, 75.863079,25.113295, 75.863076,25.113328, 75.863081,25.113361, 75.863085,25.113393, 75.863088,25.113455, 75.863084,25.113486, 75.863083,25.113546, 75.863081,25.113605, 75.863077,25.113633, 75.863076,25.113660, 75.863073,25.113687, 75.863071,25.113739, 75.863061,25.113762, 75.863047,25.113780, 75.863027,25.113793, 75.863004,25.113813, 75.862957,25.113819, 75.862933,25.113827, 75.862908,25.113838, 75.862879,25.113861, 75.862823,25.113873, 75.862800,25.113885, 75.862778,25.113907, 75.862742,25.113923, 75.862733,25.113944, 75.862731,25.113967, 75.862737,25.114012, 75.862768,25.114033, 75.862787,25.114100, 75.862828,25.114122, 75.862843,25.114144, 75.862860,25.114187, 75.862892,25.114209, 75.862905,25.114231, 75.862918,25.114274, 75.862943,25.114318, 75.862966,25.114341, 75.862977,25.114386, 75.862999,25.114407, 75.863013,25.114426, 75.863063,25.114426, 75.863062,25.114427, 75.863055,25.114428, 75.863051,25.114429, 75.863050,25.114428, 75.863049,25.114397, 75.863044,25.114376, 75.863033,25.114353, 75.863020,25.114308, 75.862984,25.114282, 75.862963,25.114232, 75.862929,25.114206, 75.862912,25.114180, 75.862896,25.114130, 75.862864,25.114078, 75.862831,25.114035, 75.862801,25.114014, 75.862786",images/blockplantation/81e2446c-3c6c-4f17-9c1f-68dd83e6e978.jpg,5000,"Neem,Palash,Gulmohar,Kaner,Peepal,Sheesham",FALSE,2024-09-04 11:02:37.533708+05:30,2024-09-04 11:02:37.533724+05:30,2,28194,25.1094695,75.8621085,30,1,10,812703,127,812703261
48091,"28.421028,75.507031,28.421029,75.507037,28.421034,75.507033,28.421035,75.507020",images/blockplantation/0fb572f6-40f8-4dc3-ab33-235e4dbbf8c8.jpg,100,"Amrood: 30, Bael: 20, Jamun: 10, Karanj: 30, Neem: 10",FALSE,2024-09-04 11:04:56.600091+05:30,2024-09-04 11:04:56.600111+05:30,1,8675,28.4210318,75.507022,13,7,1,810203,102,810203110
48092,"27.189199,77.493120,27.189528,77.492333,27.189679,77.491936,27.189728,77.491671",images/blockplantation/e230fa27-c883-49d4-aa9b-9001628892b9.jpg,100,"Peepal: 30, Harsingar: 33, Seesam: 37",FALSE,2024-09-04 11:05:15.414177+05:30,2024-09-04 11:05:15.414196+05:30,1,77202,27.1896092,77.4922571,2,7,0.5,810509,105,810509230
48093,"27.198887,77.458220,27.198828,77.458115,27.198809,77.458083,27.198785,77.458043",images/blockplantation/d372ceea-2a92-4646-b7db-b03f3d4b58ae.jpg,105,"Amaltas: 10, Amrood: 10, Gonda: 10, Kair: 10, Neem: 20, Others: 20, Seesam: 25",FALSE,2024-09-04 11:07:30.258169+05:30,2024-09-04 11:07:30.258191+05:30,1,77195,27.1986838,77.4581059,2,9,1,810509,105,810509230
48094,"25.186720,75.859040,25.186902,75.859031,25.186835,75.859190,25.186659,75.859220",images/blockplantation/d0800e43-51cf-4ca5-8465-37eedcb9f29e.jpg,100,"Neem: 50, Seesam: 25, Kadamb: 25",FALSE,2024-09-04 11:07:45.894088+05:30,2024-09-04 11:07:45.894106+05:30,1,77233,25.1868317,75.8590283,30,2,1,812703,127,812703261
48095,"27.277266,77.490854,27.277169,77.491066,27.277286,77.491277,27.277556,77.491009",images/blockplantation/bf45a8f5-9a64-40ed-82a8-e02a67bb6019.jpg,350,"Neem: 100, Peepal: 100, Bargad: 100, Chokar: 50",FALSE,2024-09-04 11:09:16.860107+05:30,2024-09-04 11:09:16.860127+05:30,1,21931,27.2774142,77.4911695,2,11,1.1,810504,105,810504300
48096,"27.189816,77.491996,27.189813,77.492010,27.189894,77.491890,27.189957,77.491876",images/blockplantation/fcdfe8c7-2d35-499f-a9a4-644ff921d6b9.jpg,300,"Amrood: 40, Arjun: 33, Bael: 85, Banyan: 42, Google: 35, Jamun: 30, Kadamb: 15, Lemon: 20",FALSE,2024-09-04 11:09:18.528325+05:30,2024-09-04 11:09:18.528345+05:30,1,77202,27.1916321,77.4940364,2,7,1,810509,105,810509230
48097,"27.192322,77.468702,27.192497,77.468768,27.192453,77.469070,27.192303,77.469412,27.192201,77.469613",images/blockplantation/d4ce7ce4-1a24-4297-abb4-0edebfb9bf20.jpg,300,"Amrood: 100, Karanj: 100, Neem: 50, Bargad: 50",FALSE,2024-09-04 11:13:29.559276+05:30,2024-09-04 11:13:29.559308+05:30,2,77311,27.1925063,77.4688047,2,11,1,810509,105,810509230
48098,"25.187622,75.859745,25.187593,75.859898,25.187556,75.860054,25.187833,75.859200",images/blockplantation/030228e2-a2e3-4c6d-9726-c6aa22494a41.jpg,100,"Neem: 50, Peepal: 50",FALSE,2024-09-04 11:13:53.178537+05:30,2024-09-04 11:13:53.178671+05:30,1,77233,25.1876496,75.8596799,30,2,1,812703,127,812703261
48099,"27.196349,77.453162,27.196458,77.453303,27.196542,77.453452,27.196403,77.453601,27.196223,77.453339",images/blockplantation/e680f546-0d6b-4eec-9f67-23d9cb957830.jpg,200,"Karanj: 100, Banyan: 50, Kadam: 50",FALSE,2024-09-04 11:15:17.134647+05:30,2024-09-04 11:15:17.134665+05:30,2,77313,27.1963471,77.4530929,2,7,2,810509,105,810509230
48100,"27.189306,77.493195,27.189189,77.493288,27.189198,77.493317,27.189188,77.493287",images/blockplantation/7ab137ef-8f53-4edf-8aa8-05c772ee42a4.jpg,500,"Amrood: 125, Ber: 70, Jamun: 120, Khejri: 75, Mango: 45, Seesam: 65",FALSE,2024-09-04 11:19:00.588735+05:30,2024-09-04 11:19:00.588756+05:30,1,77202,27.1893918,77.493829,2,4,2,810509,105,810509230
48101,"25.195086,75.857950,25.194867,75.857890,25.194767,75.857919,25.194688,75.857867",images/blockplantation/c2f2f547-47b8-45ab-b501-2f9c5135d0ef.jpg,100,Neem: 100,FALSE,2024-09-04 11:23:39.266312+05:30,2024-09-04 11:23:39.266333+05:30,1,77233,25.1949107,75.8578408,30,2,1,812703,127,812703261
48102,"27.808921,77.202223,27.809040,77.202097,27.809095,77.202010,27.809239,77.201841",images/blockplantation/c3039289-150f-4e0c-9d53-ec72919f70d3.jpg,1000,"Babool: 550, Kair: 50, Kikar: 400",FALSE,2024-09-04 11:24:14.015309+05:30,2024-09-04 11:24:14.015332+05:30,2,77320,27.8089302,77.202227,2,1,1.5,810503,105,810503110
48103,"27.197378,77.490870,27.197342,77.490734,27.197763,77.490586,27.197920,77.490300",images/blockplantation/d29e82e6-ea40-468e-a18a-cdbf785817d7.jpg,200,"Jamun: 50, Neem: 100, Others: 50",FALSE,2024-09-04 11:24:20.51554+05:30,2024-09-04 11:24:20.51557+05:30,2,77310,27.197455,77.4908833,2,7,2,810509,105,810509230
48104,"27.189439,77.492459,27.189799,77.492603,27.189808,77.492545,27.189755,77.492595",images/blockplantation/f68fb5b6-c591-4aff-a815-ba9d8b4cd0aa.jpg,500,"Amla: 110, Kadam: 50, Peepal: 80, Seesam: 35, Neem: 88, Lemon: 77, Mosambi: 29, Sagon: 31",FALSE,2024-09-04 11:25:15.244741+05:30,2024-09-04 11:25:15.24476+05:30,1,77202,27.189405,77.4935683,2,11,3,810509,105,810509230
48105,"27.198380,77.457442,27.198374,77.457462,27.198378,77.457473,27.198347,77.457477,27.198323,77.457483,27.198324,77.457482,27.198359,77.457506,27.198380,77.457516,27.198380,77.457517,27.198341,77.457517,27.198361,77.457533,27.198362,77.457532,27.198352,77.457477,27.198349,77.457468,27.198341,77.457457,27.198332,77.457442,27.198325,77.457435,27.198317,77.457426,27.198321,77.457425,27.198322,77.457422,27.198320,77.457421,27.198317,77.457422,27.198313,77.457441,27.198312,77.457440",images/blockplantation/633a1f1b-17b9-43bb-a977-575706959888.jpg,200,Bargad: 200,FALSE,2024-09-04 11:26:09.460663+05:30,2024-09-04 11:26:09.46069+05:30,1,77318,27.1983482,77.457508,2,9,1,810509,105,810509230
48106,"25.193799,75.858418,25.194229,75.858384,25.194553,75.858324,25.194834,75.858380",images/blockplantation/1bce492d-b57c-4594-9f59-1ef71580b5f8.jpg,100,"Kadam: 50, Babool: 25, Seesam: 25",FALSE,2024-09-04 11:30:03.941131+05:30,2024-09-04 11:30:03.94115+05:30,1,77233,25.193747,75.8584086,30,2,1,812703,127,812703261
48107,"27.204993,77.469534,27.204946,77.469651,27.204983,77.469523,27.205006,77.469448,27.205211,77.468902,27.205154,77.469196",images/blockplantation/206bc107-2b13-4d73-b0c1-284e96650dbe.jpg,150,"Ber: 20, Aak: 20, Others: 20, Harsingar: 20, Jamun: 70",FALSE,2024-09-04 11:30:11.612368+05:30,2024-09-04 11:30:11.612388+05:30,2,77312,27.2050156,77.4694415,2,7,1,810509,105,810509230
48108,"27.189700,77.491557,27.189654,77.491768,27.190236,77.491268,27.189874,77.491683",images/blockplantation/6fd365fb-36e3-4444-b53f-886fb625f764.jpg,450,"Amla: 90, Amrood: 120, Arjun: 88, Jamun: 60, Imli: 55, Kadamb: 37",FALSE,2024-09-04 11:31:33.891918+05:30,2024-09-04 11:31:33.891939+05:30,1,77202,27.1919537,77.487564,2,4,4,810509,105,810509230
48109,"24.643568,75.938756,24.642636,75.938349,24.642612,75.938377,24.643767,75.938281,24.643549,75.938764",images/blockplantation/2858a439-7e28-4002-983d-13decdc4c766.jpg,1100,"JUNGLE JALEBI: 200, Neem: 100, Karanj: 427, Arjun: 305, Others: 68",FALSE,2024-09-04 11:33:46.036132+05:30,2024-09-04 11:33:46.036152+05:30,2,4000,24.6437017,75.938695,30,2,0.8,812702,127,812702223
48110,"27.189302,77.492520,27.189342,77.492493,27.189480,77.492397,27.189462,77.492198,27.189438,77.492122",images/blockplantation/3ff9da2e-be88-474d-a9aa-a577ea46f888.jpg,100,"Kadamb: 20, Neem: 15, Seesam: 15, Bael: 50",FALSE,2024-09-04 11:36:07.674026+05:30,2024-09-04 11:36:07.67405+05:30,1,77202,27.1899833,77.4918683,2,9,1,810509,105,810509230
48111,"27.173018,77.399841,27.173067,77.399849,27.173116,77.399844,27.173174,77.399717",images/blockplantation/3d906819-aabd-4a9d-91ff-ee27af0df5cc.jpg,100,"Karanj: 80, Neem: 20",FALSE,2024-09-04 11:37:54.62717+05:30,2024-09-04 11:37:54.62719+05:30,1,77084,27.1729357,77.3999156,2,12,1,810509,105,810509270
48112,"25.196200,75.857983,25.196174,75.857782,25.196209,75.858072,25.196200,75.858211",images/blockplantation/62770b6e-fa11-456b-a21d-6db950a151b1.jpg,100,"Neem: 50, Seesam: 25, Kadam: 25",FALSE,2024-09-04 11:38:07.843962+05:30,2024-09-04 11:38:07.843986+05:30,1,77233,25.196035,75.8581333,30,2,1,812703,127,812703261
48113,"27.808888,77.202172,27.808897,77.202310,27.809039,77.202056,27.809210,77.201843",images/blockplantation/d5204ba9-58d7-4d1e-88ff-5367462c67f6.jpg,500,Kikar: 500,FALSE,2024-09-04 11:38:44.412285+05:30,2024-09-04 11:38:44.412312+05:30,1,77316,27.8090081,77.2021997,2,1,0.4,810503,105,810503110
48114,"27.160170,77.566739,27.160218,77.566668,27.160210,77.566497,27.160172,77.566407,27.160166,77.566295,27.160111,77.566222,27.159991,77.566158,27.159915,77.566157,27.159822,77.566220,27.159794,77.566330,27.159867,77.566425,27.159968,77.566571,27.160157,77.566699",images/blockplantation/5eae6702-f0a2-49bc-9837-346c42a682a9.jpg,350,"Amaltas: 20, Arjun: 50, Banyan: 30, Gular: 50, Jamun: 80, Kadam: 40, Karanj: 60, Neem: 10, Seesam: 10",FALSE,2024-09-04 11:38:50.641629+05:30,2024-09-04 11:38:50.641648+05:30,1,77260,27.1602088,77.5667199,2,7,1,810509,105,810509030
48115,"27.172750,77.400001,27.172736,77.399966,27.172655,77.399896,27.172605,77.399900",images/blockplantation/7e07ef2b-4d3b-4cdf-bc3b-f68eb0ec4962.jpg,300,"Karanj: 100, Jamun: 100, Gular: 100",FALSE,2024-09-04 11:40:50.91027+05:30,2024-09-04 11:40:50.910299+05:30,1,77084,27.1727951,77.4000307,2,7,1,810509,105,810509270
48116,"27.172712,77.399935,27.172678,77.399881,27.172647,77.399929,27.172622,77.399983",images/blockplantation/d7fe8642-5748-40a8-99f8-1095a5a68408.jpg,300,"Amla: 100, Bael: 100, Banyan: 100",FALSE,2024-09-04 11:42:43.120653+05:30,2024-09-04 11:42:43.120672+05:30,1,77089,27.1726849,77.3999378,2,12,1,810509,105,810509270
48117,"25.206198,75.778291,25.206294,75.778141,25.205513,75.776984,25.205547,75.777271",images/blockplantation/79654d9d-2f50-439f-98aa-b180094e713b.jpg,2000,"Karanj: 200, Kikar: 300, Others: 500, Seesam: 200, Neem: 200, Semal: 600",FALSE,2024-09-04 11:43:10.635674+05:30,2024-09-04 11:43:10.635691+05:30,1,26143,25.1835284,75.7518666,30,1,2.5,812703,127,812703261
48118,"25.195092,75.856287,25.195192,75.856395,25.195165,75.856075,25.195224,75.855739,25.195490,75.855508",images/blockplantation/35b3525b-ca0c-4e36-8f0c-6a57961f6029.jpg,100,"Neem: 50, Seesam: 25, Kadam: 25",FALSE,2024-09-04 11:44:31.477365+05:30,2024-09-04 11:44:31.477386+05:30,1,77233,25.1950728,75.856221,30,2,1,812703,127,812703261
48119,"27.186692,77.455473,27.186501,77.455416,27.186501,77.455416,27.186501,77.455416",images/blockplantation/c5eb76a1-89f1-4135-a4e0-7fc3462503e1.jpg,100,Karanj: 100,FALSE,2024-09-04 11:46:57.022778+05:30,2024-09-04 11:46:57.022803+05:30,2,28543,27.1866337,77.4552796,2,2,1,810509,105,810509180
48120,"27.808585,77.202733,27.808535,77.202811,27.808436,77.202928,27.808323,77.203080",images/blockplantation/8f25dfad-122f-4fa3-ae07-e2bd439bd5d3.jpg,500,Kikar: 500,FALSE,2024-09-04 11:48:24.970022+05:30,2024-09-04 11:48:24.970042+05:30,1,77316,27.8085988,77.202749,2,1,0.6,810503,105,810503110
48121,"25.199245,75.855858,25.199185,75.856080,25.199417,75.856204,25.199030,75.856083",images/blockplantation/d7a57171-b224-4444-9d31-0f10bd5c70d6.jpg,100,"Kadamb: 50, Neem: 50",FALSE,2024-09-04 11:50:24.369128+05:30,2024-09-04 11:50:24.369148+05:30,1,77233,25.1991644,75.8559821,30,2,1,812703,127,812703261
48122,"27.172382,77.397957,27.172370,77.397924,27.172410,77.397893,27.172418,77.397913",images/blockplantation/e4f34ee6-8949-45a2-bd12-242705dc082d.jpg,100,"Karanj: 50, Neem: 50",FALSE,2024-09-04 11:54:18.831692+05:30,2024-09-04 11:54:18.831711+05:30,1,77090,27.1724069,77.3979096,2,12,1,810509,105,810509270
48123,"27.172441,77.397993,27.172484,77.398019,27.172579,77.398055,27.172626,77.398077,27.172647,77.398100",images/blockplantation/3eed4aa1-901b-43e0-adfb-3fc7f3a22cdd.jpg,300,"Jamun: 100, Karanj: 100, Kadamb: 100",FALSE,2024-09-04 11:54:41.251826+05:30,2024-09-04 11:54:41.251846+05:30,1,77084,27.1727708,77.3981148,2,12,1,810509,105,810509220
48124,"27.172458,77.397977,27.172313,77.398024,27.172169,77.397916,27.172080,77.397919",images/blockplantation/43781e61-576e-4386-aa25-9ed0c78d0a1f.jpg,150,"Neem: 50, Babool: 100",FALSE,2024-09-04 11:55:21.53596+05:30,2024-09-04 11:55:21.53598+05:30,1,77094,27.1723967,77.3980082,2,12,1,810509,105,810509270
48125,"27.172564,77.398050,27.172626,77.398076,27.172683,77.398112,27.172618,77.398106",images/blockplantation/fdf5786c-763f-4fad-a984-8dda9f1963eb.jpg,200,"Karanj: 100, Neem: 100",FALSE,2024-09-04 11:57:07.777106+05:30,2024-09-04 11:57:07.777125+05:30,1,77090,27.1728284,77.3980403,2,12,1,810509,105,810509220
48126,"27.172356,77.398167,27.172364,77.398144,27.172373,77.398107,27.172379,77.398033",images/blockplantation/4ae95b11-43dd-4a31-8146-f8863822d747.jpg,500,"Aak: 100, Amla: 100, Babool: 100, Ber: 200",FALSE,2024-09-04 11:57:14.51079+05:30,2024-09-04 11:57:14.510811+05:30,1,77084,27.1726209,77.3980177,2,12,1,810509,105,810509270
48127,"27.173291,77.399715,27.173160,77.399785,27.173088,77.399887,27.172982,77.399926,27.172974,77.399918",images/blockplantation/98279cd4-e904-4ee2-8050-14cd848cc617.jpg,100,"Peepal: 25, Neem: 20, Harsingar: 20, Jamun: 35",FALSE,2024-09-04 11:57:30.414712+05:30,2024-09-04 11:57:30.414732+05:30,1,77091,27.1733446,77.3997207,2,7,1,810509,105,810509270
48128,"25.195903,75.858849,25.195861,75.858865,25.196067,75.858867,25.196034,75.858716",images/blockplantation/62e4d8cc-e42c-444a-91ce-c1c0fd9f7220.jpg,100,"Neem: 50, Seesam: 25, Kadamb: 25",FALSE,2024-09-04 11:57:31.312833+05:30,2024-09-04 11:57:31.312854+05:30,1,77233,25.1958894,75.8589664,30,2,1,812703,127,812703261
48129,"25.204142,75.774743,25.204335,75.774777,25.204824,75.773609,25.204325,75.773777",images/blockplantation/3de19c9e-061f-470f-9979-b5d871b1ee74.jpg,3000,"Semal: 500, Neem: 500, Seesam: 400, Karanj: 300, Kadamb: 250, JUNGLE JALEBI: 150, Others: 900",FALSE,2024-09-04 11:58:03.041891+05:30,2024-09-04 11:58:03.041913+05:30,1,26143,25.2042757,75.7742245,30,1,2.9,812703,127,812703261
48130,"27.172400,77.397885,27.172415,77.397821,27.172382,77.397776,27.172371,77.397745",images/blockplantation/31622372-174a-4fdd-9ab0-3b34b918785c.jpg,500,"Amla: 200, Babool: 200, Gular: 100",FALSE,2024-09-04 11:59:37.669169+05:30,2024-09-04 11:59:37.6692+05:30,1,77084,27.1723861,77.397823,2,12,1,810509,105,810509270
48131,"27.171631,77.398020,27.171629,77.398028,27.171616,77.398008,27.171621,77.397940",images/blockplantation/e746bc1d-966c-4f2a-a677-83e4198dded7.jpg,500,"Jamun: 200, Karanj: 200, Mango: 100",FALSE,2024-09-04 12:02:18.08158+05:30,2024-09-04 12:02:18.081603+05:30,1,77084,27.171587,77.398021,2,12,1,810509,105,810509270
48132,"27.171538,77.397965,27.171498,77.397997,27.171484,77.398020,27.171562,77.398004",images/blockplantation/e76b265b-3d37-4cd7-9f84-5e87158b4b55.jpg,300,"Babool: 150, Bael: 150",FALSE,2024-09-04 12:03:33.582522+05:30,2024-09-04 12:03:33.582542+05:30,1,77090,27.1714917,77.3980017,2,12,1,810509,105,810509270
48133,"27.171491,77.398041,27.171454,77.398035,27.171407,77.398047,27.171360,77.398058",images/blockplantation/2b0ce787-73b0-434b-b2a8-3ef411f2aaf3.jpg,150,Babool: 150,FALSE,2024-09-04 12:04:03.224762+05:30,2024-09-04 12:04:03.224783+05:30,1,77084,27.171533,77.3979989,2,12,1,810509,105,810509270
48134,"27.171489,77.397971,27.171446,77.398102,27.171528,77.398164,27.171507,77.397984",images/blockplantation/1f6ca24b-1dbd-4669-a41c-d0f0caff3cda.jpg,300,"Aak: 25, Amla: 25, Amrood: 25, Babool: 50, Banyan: 25, Chokar: 25, Gular: 25, Jamun: 20, Kadamb: 10, Karanj: 50, Lemon: 10, Mango: 10",FALSE,2024-09-04 12:05:00.423233+05:30,2024-09-04 12:05:00.423253+05:30,1,77094,27.1714677,77.3980665,2,12,1,810509,105,810509270
48135,"27.171508,77.397956,27.171488,77.397971,27.171445,77.397997,27.171498,77.397998",images/blockplantation/5a2bd156-53c0-46a0-856a-111d50e133c7.jpg,200,"Babool: 100, Banyan: 50, Jamun: 25, Karanj: 25",FALSE,2024-09-04 12:08:05.857267+05:30,2024-09-04 12:08:05.857288+05:30,1,77094,27.1714433,77.3981583,2,12,1,810509,105,810509270
48136,"25.204873,75.773595,25.204342,75.773735,25.204983,75.772011,25.204953,75.771901",images/blockplantation/666922a1-059e-430c-9f78-9aec4f3e4f92.jpg,5000,"Kadamb: 500, Karanj: 700, Seesam: 850, Semal: 750, Neem: 1050, Others: 1150",FALSE,2024-09-04 12:18:37.185735+05:30,2024-09-04 12:18:37.185756+05:30,1,26143,25.2046083,75.7727545,30,1,4.3,812703,127,812703261
48137,"25.167980,75.894946,25.168065,75.894739,25.168131,75.894559,25.168249,75.894498",images/blockplantation/dfd49fbe-89eb-4981-bebc-8753d0adfd14.jpg,100,"Seesam: 50, Neem: 50",FALSE,2024-09-04 12:18:58.360514+05:30,2024-09-04 12:18:58.360533+05:30,1,77233,25.1679367,75.8947836,30,5,1,812703,127,812703261
48138,"27.609073,77.017972,27.609082,77.018011,27.609144,77.017998,27.609198,77.018022",images/blockplantation/f0fdd208-e90b-46d4-b0bf-24797e8f6e7e.jpg,100,"Neem: 30, Karanj: 40, Seesam: 30",FALSE,2024-09-04 12:19:31.538494+05:30,2024-09-04 12:19:31.538514+05:30,2,77189,27.6092795,77.0180021,2,8,1,810506,105,810506360
48139,"27.608697,77.017896,27.608480,77.017752,27.608284,77.017646,27.608184,77.017614",images/blockplantation/206d4b70-7989-45bd-8c1f-b0a967c759ea.jpg,100,"Ber: 30, Karanj: 35, Neem: 35",FALSE,2024-09-04 12:23:48.168456+05:30,2024-09-04 12:23:48.168476+05:30,2,77189,27.6081036,77.0175453,2,9,1,810506,105,810506360
48140,"25.204960,75.771901,25.204463,75.773490,25.204427,75.774981,25.204985,75.776654",images/blockplantation/13c765de-6759-40f6-ba74-33330b15d16c.jpg,5000,"Kadamb: 700, Karanj: 850, Kikar: 450, Neem: 1050, Seesam: 860, Semal: 650, Others: 440",FALSE,2024-09-04 12:26:08.98523+05:30,2024-09-04 12:26:08.985249+05:30,1,26143,25.2049625,75.7719047,30,1,5.1,812703,127,812703261
48141,"27.607889,77.017439,27.607546,77.017216,27.607324,77.017056,27.607225,77.016878",images/blockplantation/4144d39a-ed51-4055-8333-0d7cd39bfc60.jpg,100,"Neem: 20, Mango: 22, Ber: 18, Seesam: 10, Jamun: 10, Khejri: 20",FALSE,2024-09-04 12:28:20.535234+05:30,2024-09-04 12:28:20.535254+05:30,2,77189,27.6072131,77.0168284,2,9,1,810506,105,810506360
48142,"24.662446,75.954211,24.662773,75.954446,24.663103,75.953569,24.662913,75.953607,24.662738,75.953698,24.662450,75.954213",images/blockplantation/5c4c3a78-567e-485a-87db-0a4defd4733b.jpg,3500,"Seesam: 1400, Neem: 600, Arjun: 330, Karanj: 350, Peepal: 120, Others: 700",FALSE,2024-09-04 12:30:15.373208+05:30,2024-09-04 12:30:15.373229+05:30,2,4000,24.6623683,75.9542133,30,2,0.2,812702,127,812702223
48143,"26.663873,76.957268,26.668815,76.958005,26.664024,76.957957,26.663936,76.958037",images/blockplantation/422199c9-c2de-465b-8c23-7de755dc9a0d.jpg,770,"Babool: 100, Bargad: 20, Chokar: 200, Imli: 50, Jamun: 200, Kachnar: 100, Karanj: 100",FALSE,2024-09-04 12:33:55.485876+05:30,2024-09-04 12:33:55.485901+05:30,1,16674,26.6688148,76.9580048,13,12,2,810701,107,810701410
48144,"27.172690,77.399899,27.172695,77.399858,27.172749,77.399924,27.172783,77.399949,27.172832,77.399979,27.172858,77.399999",images/blockplantation/027a85a6-ec94-4ff5-8f9b-8e1cf3a545f2.jpg,100,"Peepal: 20, Neem: 20, Lemon: 20, Aak: 20, Amla: 20",FALSE,2024-09-04 12:34:43.886406+05:30,2024-09-04 12:34:43.886427+05:30,1,77179,27.1725946,77.3998305,2,12,1,810509,105,810509270
48145,"24.251231,73.935733,24.250116,73.936057,24.251278,73.938133,24.250337,73.937948",images/blockplantation/d317a3dc-5f8b-4ed5-b9b7-156d9e2121f2.jpg,3000,"Peepal: 10, Neem: 100, Mahua: 120, Khirni: 130, Amla: 230, Arjun: 150, Banyan: 10, Hingot: 50, Jamun: 140, JUNGLE JALEBI: 100, Karanj: 300, Khair: 200, Seesam: 40, Ber: 320, Others: 1100",FALSE,2024-09-04 12:35:13.537122+05:30,2024-09-04 12:35:13.537144+05:30,1,73196,24.2505072,73.9363227,3,1,12,813015,130,813015070
48146,"24.250650,73.937945,24.251362,73.939830,24.250599,73.940283,24.251015,73.940232",images/blockplantation/5b2f8dbd-2288-4be6-967a-90c6604b0db5.jpg,2000,"Arjun: 150, Banyan: 12, Ber: 200, Jamun: 150, JUNGLE JALEBI: 140, Karanj: 185, Khair: 210, Others: 840, Amla: 60, Neem: 53",FALSE,2024-09-04 12:50:19.917839+05:30,2024-09-04 12:50:19.917862+05:30,1,73196,24.2507273,73.937991,3,1,13,813015,130,813015070
48147,"27.169521,77.559344,27.169539,77.559208,27.170055,77.558535,27.170796,77.557547,27.171146,77.557031,27.170875,77.556915,27.170377,77.557239,27.169718,77.558156,27.169206,77.558983,27.168957,77.559601,27.168999,77.559944,27.169305,77.559609",images/blockplantation/8770e1bb-3ccb-4f57-b518-e9f349050952.jpg,250,"Aak: 100, Harsingar: 100, Neem: 50",FALSE,2024-09-04 12:50:55.839951+05:30,2024-09-04 12:50:55.83997+05:30,1,77304,27.1693702,77.5594989,2,9,2,810509,105,810509030
48148,"25.196718,75.797752,25.195176,75.798489,25.194264,75.799007,25.192250,75.800071",images/blockplantation/4c8302b6-71a1-40e4-bea4-45debcbf770a.jpg,2000,"Neem: 500, Mango: 500, Others: 1000",FALSE,2024-09-04 12:59:45.619968+05:30,2024-09-04 12:59:45.619988+05:30,1,14455,25.1906533,75.8008633,30,2,1,812703,127,812703261
48149,"27.771192,74.032823,27.771135,74.033048,27.769768,74.032347,27.771475,74.033333",images/blockplantation/3fd43fc7-ba44-4372-83aa-6a7f0a133891.jpg,100,Khejri: 100,FALSE,2024-09-04 13:03:49.022421+05:30,2024-09-04 13:03:49.022441+05:30,1,77254,27.7711772,74.0328588,6,7,2,810102,101,810102360
48150,"26.822798,77.011803,26.822886,77.011906,26.822937,77.011704,26.822907,77.011666",images/blockplantation/859c678d-cf63-4781-8738-8b8aad6202b9.jpg,150,"Amla: 75, Amrood: 75",FALSE,2024-09-04 13:13:46.930301+05:30,2024-09-04 13:13:46.93032+05:30,1,14431,26.8228258,77.011861,13,2,0.2,810701,107,810701130
48151,"25.178995,75.849831,25.178979,75.849940,25.178986,75.850149,25.178963,75.850251",images/blockplantation/468561b3-978f-4c65-afa8-c80f3584603d.jpg,100,"Kadam: 50, Neem: 50",FALSE,2024-09-04 13:14:01.53905+05:30,2024-09-04 13:14:01.53907+05:30,1,77233,25.179006,75.8497876,30,5,1,812703,127,812703261
48152,"24.643157,76.038888,24.643196,76.038890,24.643244,76.038993,24.643246,76.039079,24.643179,76.039112,24.643128,76.039077,24.643108,76.038957",images/blockplantation/2a1f4dae-5a7c-4fb6-98ee-472da59a0479.jpg,400,"Arjun: 100, Gular: 100, Neem: 100, Others: 100",FALSE,2024-09-04 13:17:20.019245+05:30,2024-09-04 13:17:20.019264+05:30,2,4000,24.6432609,76.0390603,30,2,0.2,812702,127,812702340
48153,"26.827980,77.013200,26.827733,77.013724,26.828029,77.014163,26.828450,77.013265",images/blockplantation/070e56b5-514c-4dd8-b35f-2e17b153a345.jpg,100,Aak: 100,FALSE,2024-09-04 13:18:25.991652+05:30,2024-09-04 13:18:25.991675+05:30,1,14431,26.8279179,77.0131157,13,2,0.1,810701,107,810701130
48154,"25.177623,75.847361,25.177623,75.847509,25.177570,75.847677,25.177641,75.847763",images/blockplantation/4e98e803-0d4d-4b00-b2ab-ce1504b906d7.jpg,100,"Kadamb: 50, Neem: 50",FALSE,2024-09-04 13:19:20.991446+05:30,2024-09-04 13:19:20.991464+05:30,1,77233,25.177597,75.8478712,30,5,1,812703,127,812703261
48155,"26.820555,77.012107,26.820690,77.012831,26.820730,77.012352,26.820744,77.012267",images/blockplantation/ba1f8de4-e98c-4caf-9505-514521574593.jpg,250,"Aak: 100, Amla: 100, Babool: 50",FALSE,2024-09-04 13:22:09.896383+05:30,2024-09-04 13:22:09.896402+05:30,1,14431,26.8206888,77.0123387,13,2,0.2,810701,107,810701130
48156,"24.251475,73.940488,24.251231,73.940694,24.254873,73.941537,24.256042,73.940668,24.257133,73.940647,24.256139,73.941708,24.255735,73.942086,24.254857,73.942523",images/blockplantation/ae7b7ce8-31c3-4efc-94f5-9a3a54f5aeb9.jpg,5000,"Others: 2060, Khirni: 600, Karanj: 120, JUNGLE JALEBI: 90, Ber: 280, Banyan: 10, Peepal: 8, Arjun: 80, Amla: 215, Jamun: 130, Mahua: 80, Khair: 580, Neem: 220, Others: 527",FALSE,2024-09-04 13:29:54.377383+05:30,2024-09-04 13:29:54.377415+05:30,1,73196,24.2559864,73.9406982,3,1,25,813015,130,813015070
48157,"26.718960,77.090715,26.718755,77.090326,26.718576,77.089987,26.718976,77.091072",images/blockplantation/855832b5-1b60-4351-8999-4439232506fd.jpg,5500,"Amla: 500, Bargad: 500, Gular: 500, Jamun: 500, Karanj: 500, Mango: 500, Seesam: 500, Peepal: 500, Safed Kikar: 500, Lemon: 500, Others: 500",FALSE,2024-09-04 13:38:17.927685+05:30,2024-09-04 13:38:17.927705+05:30,1,10216,26.7188898,77.0907909,13,12,10,810701,107,810701220
48158,"26.718960,77.090715,26.718755,77.090326,26.718576,77.089987,26.718976,77.091072",images/blockplantation/e44afb58-ea54-4c6b-9ec5-1c15ea262557.jpg,5500,"Amla: 500, Bargad: 500, Gular: 500, Jamun: 500, Karanj: 500, Mango: 500, Seesam: 500, Peepal: 500, Safed Kikar: 500, Lemon: 500, Others: 500",FALSE,2024-09-04 13:38:25.57873+05:30,2024-09-04 13:38:25.578754+05:30,1,10216,26.7188898,77.0907909,13,12,10,810701,107,810701220
48159,"25.138183,76.884903,25.138177,76.884829,25.138252,76.884709,25.138354,76.884708,25.138380,76.884714,25.138402,76.884708,25.138408,76.884711,25.138433,76.884728,25.138442,76.884745,25.138464,76.884765,25.138485,76.884782,25.138500,76.884794,25.138515,76.884803,25.138527,76.884819,25.138531,76.884828,25.138527,76.884852,25.138523,76.884859,25.138520,76.884876,25.138516,76.884891,25.138514,76.884900,25.138504,76.884920,25.138487,76.884933,25.138464,76.884960,25.138435,76.884984,25.138424,76.885012,25.138411,76.885026,25.138379,76.885031,25.138345,76.885041,25.138311,76.885042,25.138217,76.884996,25.138189,76.884990",images/blockplantation/37fa15a1-5e7a-4839-ae35-51e1845f8619.jpg,309,"Banyan: 20, Peepal: 45, Neem: 40, Mango: 40, Jamun: 40, Arjun: 54, Karanj: 50, JUNGLE JALEBI: 10, Seesam: 10",FALSE,2024-09-04 13:43:34.934481+05:30,2024-09-04 13:43:34.9345+05:30,1,62136,25.1382307,76.8849715,11,2,0.2,812807,128,812807030
48160,"25.149319,76.882021,25.149315,76.882162,25.148531,76.882055,25.148487,76.881901",images/blockplantation/ee5527c8-9122-4402-b87f-2cd635d75c1f.jpg,170,"Amla: 40, Mango: 19, Arjun: 86, Banyan: 25",FALSE,2024-09-04 14:00:43.99094+05:30,2024-09-04 14:00:43.990961+05:30,1,62136,25.1485013,76.8820527,11,8,0.3,812807,128,812807030
48161,"28.671616,72.682744,28.671619,72.681857,28.670636,72.681837,28.670832,72.682684",images/blockplantation/aff5dcdd-4095-480f-813a-bdf297d55c72.jpg,200,"Bargad: 5, Jamun: 20, Kachnar: 25, Khejri: 20, Lemon: 5, Moringa: 10, Neem: 20, Peepal: 10, Seesam: 5, Others: 80",FALSE,2024-09-04 14:00:55.647208+05:30,2024-09-04 14:00:55.647227+05:30,2,65017,28.6711267,72.6821784,6,2,3,810103,101,810103150
48162,"25.149476,76.881118,25.150003,76.881118,25.150075,76.880641,25.149450,76.880529",images/blockplantation/65a268a0-ff31-4206-97f9-cc52e4b57371.jpg,100,"Amla: 59, Mango: 30, Neem: 11",FALSE,2024-09-04 14:13:28.60634+05:30,2024-09-04 14:13:28.606357+05:30,1,62136,25.1495406,76.881055,2,2,0.4,812807,128,812807030
48163,"25.154511,76.878462,25.154232,76.877761,25.153776,76.877903,25.153780,76.877897,25.153838,76.878347",images/blockplantation/e697f262-7b20-4d82-8d01-4cafaaa0bee2.jpg,1865,"Arjun: 615, Sagon: 20, Amla: 20, Mango: 26, Jamun: 245, Banyan: 44, Peepal: 150, Mahua: 10, Seesam: 225, Semal: 120, Chokar: 100, Karanj: 115, JUNGLE JALEBI: 175",FALSE,2024-09-04 14:38:10.872792+05:30,2024-09-04 14:38:10.872813+05:30,1,62136,25.154377,76.8785284,11,11,0.8,812807,128,812807030
48164,"26.664568,76.961312,26.664674,76.961040,26.664150,76.961080,26.664181,76.960866",images/blockplantation/51c98b2e-dd27-4223-9478-4af9167b96c5.jpg,105,"Jamun: 70, Babool: 35",FALSE,2024-09-04 14:39:36.2273+05:30,2024-09-04 14:39:36.22732+05:30,1,16674,26.6646406,76.9612076,13,12,1,810701,107,810701410
48165,"27.210239,77.515170,27.210238,77.515172,27.210239,77.515173,27.210239,77.515173,27.210237,77.515173,27.210237,77.515174",images/blockplantation/8910e4f4-b35a-46ae-99cf-df91cf87be16.jpg,100,Karanj: 100,FALSE,2024-09-04 14:44:49.610206+05:30,2024-09-04 14:44:49.610226+05:30,1,75500,27.2102539,77.5151639,30,7,0.3,810509,105,810509230
48166,"25.154234,76.885403,25.154065,76.885342,25.154022,76.885933,25.154163,76.885763",images/blockplantation/bf6458cb-fe61-464d-99a3-9787b366af3e.jpg,360,"Amla: 15, Mahua: 54, Arjun: 145, Jamun: 40, Amaltas: 14, Chokar: 44, Harsingar: 48",FALSE,2024-09-04 14:51:22.288919+05:30,2024-09-04 14:51:22.288938+05:30,1,62136,25.1542299,76.8854009,11,11,0.1,812807,128,812807030
48167,"25.091102,75.863574,25.091102,75.863574,25.090987,75.863652,25.090817,75.863677",images/blockplantation/6aa4a519-2a49-44a5-935d-9abb130432ca.jpg,1000,"Peepal: 350, Seesam: 300, Neem: 350",FALSE,2024-09-04 14:52:12.085596+05:30,2024-09-04 14:52:12.085617+05:30,2,77137,25.090749,75.8636771,30,1,2.5,812703,127,812703010
48168,"25.090552,75.863828,25.090371,75.863867,25.090170,75.863867,25.090105,75.864010,25.090108,75.864026,25.090098,75.864041",images/blockplantation/93018046-28c1-4d86-8299-5c3a28f77e40.jpg,950,"Khejri: 250, Neem: 250, Karanj: 400, Seesam: 50",FALSE,2024-09-04 14:59:50.301984+05:30,2024-09-04 14:59:50.302006+05:30,2,77137,25.0901082,75.8640091,30,1,2.7,812703,127,812703010
48169,"25.090078,75.864054,25.089956,75.864243,25.089988,75.864405,25.090021,75.864923",images/blockplantation/47c28831-35c2-4c25-8ce9-e499c0b87f08.jpg,1000,"Jamun: 55, Neem: 465, Karanj: 210, Khejri: 270",FALSE,2024-09-04 15:05:08.885861+05:30,2024-09-04 15:05:08.885882+05:30,2,77137,25.0901709,75.8650645,30,1,2.5,812703,127,812703010
48170,"25.142949,76.917529,25.142988,76.918121,25.143888,76.918116,25.143807,76.917519",images/blockplantation/81388810-0161-413e-aa50-63b9deb59109.jpg,1655,"Seesam: 290, Amla: 470, Karanj: 600, Arjun: 250, Peepal: 35, Bargad: 10",FALSE,2024-09-04 15:23:53.522248+05:30,2024-09-04 15:23:53.522275+05:30,1,62136,25.1431871,76.9177247,6,2,0.4,812807,128,812807030
48171,"25.142949,76.917529,25.142988,76.918121,25.143888,76.918116,25.143807,76.917519",images/blockplantation/d5bcff40-8c66-417c-9152-d581a0ef044d.jpg,1655,"Seesam: 290, Amla: 470, Karanj: 600, Arjun: 250, Peepal: 35, Bargad: 10",FALSE,2024-09-04 15:23:56.017632+05:30,2024-09-04 15:23:56.017658+05:30,1,62136,25.1431871,76.9177247,6,2,0.4,812807,128,812807030
48172,"25.142949,76.917529,25.142988,76.918121,25.143888,76.918116,25.143807,76.917519",images/blockplantation/ff153f08-f586-4653-b53d-1026387c17ff.jpg,1655,"Seesam: 290, Amla: 470, Karanj: 600, Arjun: 250, Peepal: 35, Bargad: 10",FALSE,2024-09-04 15:23:58.772277+05:30,2024-09-04 15:23:58.772299+05:30,1,62136,25.1431871,76.9177247,6,2,0.4,812807,128,812807030
48173,"25.142949,76.917529,25.142988,76.918121,25.143888,76.918116,25.143807,76.917519",images/blockplantation/4bea9f6e-594f-4b45-8d43-2424a1ec3d3f.jpg,1655,"Seesam: 290, Amla: 470, Karanj: 600, Arjun: 250, Peepal: 35, Bargad: 10",FALSE,2024-09-04 15:23:59.914167+05:30,2024-09-04 15:23:59.914192+05:30,1,62136,25.1431871,76.9177247,6,2,0.4,812807,128,812807030
48174,"25.142949,76.917529,25.142988,76.918121,25.143888,76.918116,25.143807,76.917519",images/blockplantation/14c1eece-949f-4fa5-99c9-8b2e4b6debaa.jpg,1655,"Seesam: 290, Amla: 470, Karanj: 600, Arjun: 250, Peepal: 35, Bargad: 10",FALSE,2024-09-04 15:24:39.272695+05:30,2024-09-04 15:24:39.272724+05:30,1,62136,25.1431871,76.9177247,6,2,0.4,812807,128,812807030
48175,"25.063202,75.866441,25.063290,75.866484,25.063375,75.866472,25.063291,75.866442",NOT_AVILABE,250,"Seesam: 150, Karanj: 50, Khejri: 10, Neem: 40",FALSE,2024-09-04 15:24:39.545696+05:30,2024-09-04 15:24:39.545717+05:30,2,77137,25.0632193,75.8664474,30,7,0.5,812703,127,812703010
48176,"25.142949,76.917529,25.142988,76.918121,25.143888,76.918116,25.143807,76.917519,25.142613,76.917714",images/blockplantation/914233c7-8e4f-4192-9e00-dd12f2d41fa6.jpg,1655,"Seesam: 290, Amla: 470, Karanj: 600, Arjun: 250, Peepal: 35, Bargad: 10",FALSE,2024-09-04 15:24:40.624971+05:30,2024-09-04 15:24:40.624992+05:30,1,62136,25.1431871,76.9177247,6,2,0.4,812807,128,812807030
48177,"27.216400,77.545451,27.216400,77.545451,27.216400,77.545451,27.216400,77.545451",images/blockplantation/ad6f9af2-20f1-4b80-8f81-dee35ba1b92b.jpg,150,"Karanj: 100, Neem: 50",FALSE,2024-09-04 15:35:37.998655+05:30,2024-09-04 15:35:37.998675+05:30,1,75500,27.2163622,77.5454617,30,6,0.2,810509,105,810509731
48178,"27.216494,77.545394,27.216493,77.545393,27.216493,77.545393,27.216493,77.545393",images/blockplantation/269f2dc1-a43c-400a-b8ce-d376a07c4678.jpg,100,Karanj: 100,FALSE,2024-09-04 15:37:36.839069+05:30,2024-09-04 15:37:36.839088+05:30,1,75500,27.2164483,77.5454392,30,9,0.1,810509,105,810509731
48179,"27.215889,77.546123,27.215888,77.546123,27.215888,77.546123,27.215889,77.546122,27.215891,77.546122",images/blockplantation/0af9c5c7-4d92-421c-b8d6-10cc88b55b14.jpg,100,"Peepal: 20, Jamun: 30, Amaltas: 20, Bahera: 30",FALSE,2024-09-04 15:51:51.653294+05:30,2024-09-04 15:51:51.653313+05:30,1,75500,27.2158614,77.5461023,30,9,0.5,810509,105,810509731
48180,"26.925263,77.288954,26.925286,77.288667,26.925975,77.288640,26.925959,77.289021,26.925352,77.288976",images/blockplantation/dd8a419d-4291-4db7-8654-524b89af9956.jpg,750,"Neem: 450, Karanj: 200, Moringa: 100",FALSE,2024-09-04 16:06:44.443856+05:30,2024-09-04 16:06:44.443875+05:30,1,2762,26.9253411,77.2889701,27,5,3,810501,105,810501427
48181,"25.142949,76.917529,25.142988,76.918121,25.143888,76.918116,25.143807,76.917519,25.142613,76.917714",images/blockplantation/6e9257dd-3e35-46fd-adb1-4e4a502fe79f.jpg,1655,"Seesam: 290, Amla: 470, Karanj: 600, Arjun: 250, Peepal: 35, Bargad: 10",FALSE,2024-09-04 16:27:40.475922+05:30,2024-09-04 16:27:40.475942+05:30,1,62136,25.1431871,76.9177247,6,2,0.4,812807,128,812807030
48182,"27.215543,77.508767,27.215542,77.508727,27.215551,77.508618,27.215567,77.508500",images/blockplantation/2a564904-26c8-4f83-b6e0-d377e25d1bc7.jpg,100,"Neem: 50, Karanj: 50",FALSE,2024-09-04 16:39:04.028905+05:30,2024-09-04 16:39:04.028922+05:30,1,75500,27.2155352,77.5087763,30,7,0.2,810509,105,810509729
48183,"28.670739,72.683270,28.670986,72.683286,28.670871,72.684685,28.670575,72.684559",images/blockplantation/96548951-7a27-4f65-8e08-4e7bd94160ad.jpg,200,"Bargad: 5, Jamun: 20, Kachnar: 25, Khejri: 20, Lemon: 5, Moringa: 10, Neem: 60, Peepal: 5, Seesam: 10, Others: 40",FALSE,2024-09-04 16:44:01.458463+05:30,2024-09-04 16:44:01.45849+05:30,2,65017,28.6705926,72.6845712,13,7,3,810103,101,810103150
48184,"28.670672,72.681791,28.670599,72.682737,28.670553,72.684662,28.670437,72.686530",images/blockplantation/121fdc60-3568-4998-8d56-50b73697601e.jpg,200,"Bargad: 5, Kachnar: 25, Khejri: 20, Lemon: 30, Moringa: 20, Neem: 60, Peepal: 20, Seesam: 20",FALSE,2024-09-04 16:44:09.081435+05:30,2024-09-04 16:44:09.081455+05:30,2,65017,28.6706635,72.6818187,13,9,6,810103,101,810103150
48185,"27.209966,77.477615,27.209981,77.477628,27.209980,77.477628,27.209980,77.477628,27.209980,77.477628,27.209980,77.477628,27.209984,77.477646,27.209984,77.477706,27.209989,77.477727,27.209991,77.477753,27.209993,77.477780,27.209998,77.477802,27.209998,77.477802,27.210007,77.477820,27.210021,77.477839,27.210036,77.477860,27.210048,77.477878,27.210061,77.477892,27.210061,77.477892,27.210072,77.477906,27.210081,77.477921,27.210088,77.477934,27.210096,77.477947,27.210106,77.477961,27.210115,77.477977,27.210124,77.477998,27.210134,77.478014,27.210140,77.478030,27.210146,77.478042,27.210163,77.478067,27.210171,77.478075,27.210186,77.478102,27.210211,77.478128,27.210218,77.478136,27.210231,77.478140,27.210242,77.478149,27.210306,77.478229,27.210312,77.478257,27.210320,77.478268,27.210326,77.478280,27.210335,77.478291,27.210346,77.478302,27.210355,77.478314,27.210369,77.478331,27.210380,77.478348,27.210391,77.478370,27.210400,77.478382,27.210407,77.478394,27.210414,77.478408,27.210414,77.478408,27.210427,77.478427,27.210435,77.478437,27.210443,77.478448,27.210450,77.478458,27.210457,77.478470,27.210466,77.478485,27.210472,77.478501,27.210480,77.478515,27.210486,77.478524,27.210492,77.478536,27.210498,77.478545,27.210503,77.478555,27.210511,77.478569,27.210521,77.478590,27.210527,77.478600,27.210534,77.478611,27.210540,77.478623,27.210548,77.478633,27.210557,77.478646,27.210564,77.478657,27.210574,77.478670,27.210585,77.478682,27.210593,77.478693,27.210604,77.478705,27.210604,77.478705,27.210618,77.478727,27.210624,77.478739,27.210628,77.478751,27.210634,77.478761,27.210641,77.478771,27.210646,77.478785,27.210654,77.478798,27.210665,77.478819,27.210671,77.478831,27.210677,77.478846,27.210686,77.478860,27.210698,77.478881,27.210705,77.478890,27.210711,77.478896,27.210719,77.478904,27.210725,77.478912,27.210732,77.478922,27.210741,77.478936,27.210756,77.478960,27.210764,77.478971,27.210773,77.478982,27.210784,77.478994,27.210784,77.478994,27.210792,77.479005,27.210813,77.479036,27.210823,77.479053,27.210845,77.479079,27.210845,77.479079,27.210861,77.479102,27.210868,77.479114,27.210875,77.479125,27.210886,77.479144,27.210891,77.479154,27.210895,77.479160,27.210897,77.479176,27.210897,77.479182,27.210897,77.479188,27.210897,77.479188,27.210897,77.479189,27.210907,77.479194,27.210923,77.479205,27.210933,77.479218,27.210949,77.479250,27.210958,77.479265,27.210984,77.479307,27.211000,77.479330,27.211029,77.479371,27.211038,77.479393,27.211043,77.479412,27.211049,77.479429,27.211056,77.479462,27.211048,77.479497",images/blockplantation/9e5decc9-f32f-4722-bc9d-1b16b915b616.jpg,128,Karanj: 128,FALSE,2024-09-04 17:24:43.55919+05:30,2024-09-04 17:24:43.559207+05:30,1,77271,27.209609,77.4771435,2,9,3,810509,105,810509729
48186,"27.209937,77.531264,27.209934,77.531260,27.209937,77.531257,27.209937,77.531254,27.209940,77.531254,27.209942,77.531253,27.209952,77.531258,27.209953,77.531265,27.209952,77.531271,27.209951,77.531282,27.209937,77.531301,27.209938,77.531311,27.209938,77.531320,27.209940,77.531325,27.209948,77.531332,27.209952,77.531340,27.209954,77.531345,27.209975,77.531345,27.209980,77.531345,27.209982,77.531350,27.209981,77.531353,27.209982,77.531350,27.209989,77.531351,27.209993,77.531355,27.210000,77.531363,27.209926,77.531264,27.209923,77.531252,27.209917,77.531239,27.209912,77.531227,27.209909,77.531217,27.209909,77.531217,27.209906,77.531211",images/blockplantation/1cf89d05-3170-4094-af0b-a3fb4c91c3d1.jpg,100,Karanj: 100,FALSE,2024-09-04 18:13:45.709542+05:30,2024-09-04 18:13:45.709575+05:30,1,77218,27.2099393,77.5313793,2,11,2,810509,105,810509731
48187,"28.675801,72.479068,28.676485,72.479169,28.676440,72.479934,28.676011,72.480292,28.676027,72.479445",images/blockplantation/4a69ef79-c71d-4163-997e-1a249143358b.jpg,100,"Neem: 40, Rohida: 40, Others: 20",FALSE,2024-09-04 19:25:57.490604+05:30,2024-09-04 19:25:57.490625+05:30,1,17652,28.6758988,72.479631,6,12,2,0,0,0
48188,"28.656506,72.475761,28.656465,72.475150,28.656661,72.475139,28.656603,72.475676",images/blockplantation/068f6036-c1af-4221-907e-e35ce7b9a828.jpg,100,"Neem: 20, Seesam: 10, Others: 70",FALSE,2024-09-04 19:39:17.783853+05:30,2024-09-04 19:39:17.783872+05:30,1,17652,28.6566395,72.4757329,6,7,0.2,0,0,0
48189,"27.473306,77.328170,27.473306,77.328170,27.473306,77.328170,27.473306,77.328172,27.473313,77.328182,27.473320,77.328200,27.473278,77.328214,27.473242,77.328217,27.473243,77.328217",images/blockplantation/533802fc-eafe-4298-a823-d25fd53166cc.jpg,1500,Others: 1500,FALSE,2024-09-05 07:30:19.319091+05:30,2024-09-05 07:30:19.319109+05:30,1,15195,27.473304,77.3282005,2,7,1,810502,105,810502473
48190,"27.186532,77.455581,27.186545,77.455587,27.186534,77.455572,27.186513,77.455532,27.186513,77.455532,27.186505,77.455527,27.186495,77.455524,27.186495,77.455524,27.186495,77.455524,27.186487,77.455533,27.186487,77.455533,27.186480,77.455537,27.186480,77.455537,27.186479,77.455543,27.186479,77.455543,27.186479,77.455546,27.186479,77.455546,27.186480,77.455548,27.186480,77.455547,27.186480,77.455547,27.186480,77.455547,27.186480,77.455547,27.186480,77.455547,27.186483,77.455548,27.186483,77.455548,27.186483,77.455549,27.186484,77.455550,27.186486,77.455551,27.186488,77.455553,27.186488,77.455553,27.186489,77.455555,27.186489,77.455555,27.186489,77.455556,27.186489,77.455556,27.186489,77.455559,27.186489,77.455559,27.186488,77.455562,27.186488,77.455562,27.186488,77.455563,27.186487,77.455562,27.186487,77.455563,27.186487,77.455563,27.186484,77.455562,27.186484,77.455562,27.186481,77.455558,27.186481,77.455558,27.186479,77.455556,27.186477,77.455554,27.186477,77.455551,27.186477,77.455551,27.186477,77.455551,27.186476,77.455546,27.186476,77.455546,27.186476,77.455543,27.186476,77.455543,27.186474,77.455541,27.186471,77.455538,27.186471,77.455538,27.186472,77.455538,27.186472,77.455538,27.186473,77.455539,27.186473,77.455538,27.186473,77.455539,27.186473,77.455539,27.186474,77.455540,27.186475,77.455541,27.186475,77.455541,27.186475,77.455542,27.186475,77.455542,27.186475,77.455542,27.186475,77.455541,27.186475,77.455541,27.186476,77.455540,27.186476,77.455540,27.186477,77.455540,27.186478,77.455540,27.186478,77.455540,27.186478,77.455540,27.186478,77.455540,27.186479,77.455541,27.186479,77.455540,27.186480,77.455540,27.186480,77.455540,27.186481,77.455540,27.186481,77.455539,27.186481,77.455539,27.186482,77.455540",images/blockplantation/6e50a98c-4cdf-490b-bbd0-c6cd37558f6a.jpg,100,Others: 100,FALSE,2024-09-05 07:39:15.715466+05:30,2024-09-05 07:39:15.715484+05:30,1,28543,27.1865323,77.4555163,2,9,1,810509,105,810509180
48191,"27.223509,77.464706,27.223434,77.464903,27.223370,77.465151,27.222982,77.465481,27.223797,77.465902,27.223635,77.466677,27.223244,77.466627",images/blockplantation/67fb03af-3ff0-47bf-ab13-a944e5e6647b.jpg,1500,"Babool: 300, Banyan: 300, Jamun: 300, Kadam: 300, Safed Kikar: 300",FALSE,2024-09-05 07:49:57.489693+05:30,2024-09-05 07:49:57.489712+05:30,2,77337,27.2232543,77.4666073,2,12,15,810509,105,810509729
48192,"27.211917,77.521108,27.211917,77.521108,27.211923,77.521091,27.211955,77.521034,27.211981,77.520973,27.211999,77.520885,27.212005,77.520829,27.212014,77.520800,27.212033,77.520745,27.212042,77.520714,27.212059,77.520656,27.212069,77.520622,27.212081,77.520587,27.212109,77.520516,27.212122,77.520484,27.212131,77.520453,27.212140,77.520421,27.212149,77.520388,27.212159,77.520356,27.212165,77.520323,27.212173,77.520289,27.212195,77.520221,27.212208,77.520184,27.212220,77.520146,27.212229,77.520110,27.212248,77.520034,27.212262,77.519996,27.212279,77.519956,27.212296,77.519873,27.212304,77.519836,27.212319,77.519800,27.212332,77.519761,27.212344,77.519720,27.212371,77.519629,27.212385,77.519578,27.212410,77.519482,27.212421,77.519435,27.212439,77.519391,27.212454,77.519346,27.212485,77.519249,27.212495,77.519202,27.212513,77.519109,27.212531,77.519015,27.212545,77.518965,27.212577,77.518859,27.212629,77.518657,27.212650,77.518587,27.212674,77.518513,27.212721,77.518359,27.212742,77.518280,27.212786,77.518125,27.212811,77.518048,27.212864,77.517890,27.212887,77.517810,27.212930,77.517649,27.212977,77.517492,27.212998,77.517419,27.213035,77.517279,27.213054,77.517209,27.213072,77.517138",images/blockplantation/6c44b157-504b-4f90-9f42-c45c212d1377.jpg,200,Karanj: 200,FALSE,2024-09-05 08:16:14.66586+05:30,2024-09-05 08:16:14.665879+05:30,1,77218,27.2118662,77.5214262,2,9,2,810509,105,810509729
48193,"27.211462,77.635651,27.211428,77.635704,27.211440,77.635700,27.211475,77.635709,27.211527,77.635469",images/blockplantation/910e9046-5b3c-42ab-b50f-999d5e364ebe.jpg,100,Others: 100,FALSE,2024-09-05 08:16:25.618488+05:30,2024-09-05 08:16:25.618506+05:30,1,77322,27.2114663,77.6356803,2,7,1,810509,105,810509100
48194,"27.212412,77.516012,27.212412,77.516012,27.212406,77.516010,27.212396,77.516009,27.212355,77.516014,27.212334,77.516009,27.212311,77.516007,27.212268,77.516006,27.212246,77.516004,27.212204,77.515995,27.212182,77.515991,27.212141,77.515988,27.212115,77.515983,27.212070,77.515969,27.212046,77.515962,27.212003,77.515955,27.211978,77.515956,27.211952,77.515957,27.211924,77.515962,27.211896,77.515967,27.211871,77.515968,27.211815,77.515962,27.211788,77.515957,27.211756,77.515953,27.211698,77.515948,27.211669,77.515943,27.211614,77.515936,27.211585,77.515934,27.211526,77.515929,27.211497,77.515925,27.211448,77.515919,27.211423,77.515918,27.211362,77.515913,27.211303,77.515906,27.211279,77.515903,27.211226,77.515903,27.211169,77.515888,27.211112,77.515867,27.211069,77.515866,27.211048,77.515868,27.210993,77.515874,27.210964,77.515874,27.210899,77.515873,27.210866,77.515873,27.210805,77.515876,27.210741,77.515890,27.210702,77.515908,27.210648,77.515924,27.210617,77.515932,27.210547,77.515949,27.210512,77.515957,27.210446,77.515960,27.210416,77.515957,27.210354,77.515952,27.210266,77.515949,27.210240,77.515950,27.210163,77.515980,27.210134,77.515991,27.210026,77.516006,27.209946,77.515960,27.209916,77.515938,27.209864,77.515935,27.209797,77.515921,27.209762,77.515911",images/blockplantation/710dfb1a-d641-4c14-950d-3c0b6cedad95.jpg,200,Karanj: 200,FALSE,2024-09-05 08:19:19.614488+05:30,2024-09-05 08:19:19.614509+05:30,1,77218,27.2129236,77.5160622,2,7,3,810509,105,810509729
48195,"27.211911,77.635542,27.211907,77.635557,27.211899,77.635580,27.211900,77.635596",images/blockplantation/bba3cb8e-12dd-4a5f-a952-5bb403bf1729.jpg,100,Bael: 100,FALSE,2024-09-05 08:20:18.327435+05:30,2024-09-05 08:20:18.327453+05:30,1,77322,27.2118862,77.635605,2,11,1,810509,105,810509100
48196,"27.177068,77.475278,27.177068,77.475265,27.177068,77.475255,27.177068,77.475245,27.177070,77.475229,27.177075,77.475216,27.177085,77.475208,27.177088,77.475205,27.177062,77.475185,27.177050,77.475177,27.177028,77.475174,27.177024,77.475169,27.177023,77.475170,27.177040,77.475183,27.177054,77.475185,27.177077,77.475184,27.177076,77.475195,27.177076,77.475203,27.177071,77.475202,27.177072,77.475198,27.177062,77.475195,27.177047,77.475198,27.177025,77.475208,27.177014,77.475201,27.177058,77.475222,27.177064,77.475214,27.177076,77.475225,27.177083,77.475241,27.177083,77.475258,27.177063,77.475260,27.177063,77.475260",images/blockplantation/fcd11aad-7331-4497-9878-6e55f26cbb1e.jpg,200,Neem: 200,FALSE,2024-09-05 08:20:38.30363+05:30,2024-09-05 08:20:38.303651+05:30,1,77318,27.17704,77.4750367,2,4,1,810509,105,810509230
48197,"27.263695,77.529721,27.263695,77.529721,27.263695,77.529721,27.263695,77.529721,27.263677,77.529723",images/blockplantation/6df317bd-6800-420d-a0f2-ec28d4c63b06.jpg,1500,"Kadam: 100, Banyan: 100, Peepal: 150, Bael: 100, Aak: 100, Ber: 100, Neem: 250, Karanj: 250, Amrood: 100, Mango: 150, Seesam: 100",FALSE,2024-09-05 08:22:02.715677+05:30,2024-09-05 08:22:02.715704+05:30,1,77321,27.2636777,77.5297105,2,7,1,810509,105,810509130
48198,"27.209611,77.516277,27.209609,77.516272,27.209622,77.516282,27.209630,77.516305,27.209635,77.516338,27.209635,77.516378,27.209615,77.516433,27.209609,77.516468,27.209605,77.516506,27.209600,77.516573,27.209595,77.516605,27.209588,77.516639,27.209583,77.516676,27.209578,77.516719,27.209575,77.516764,27.209575,77.516807,27.209574,77.516846,27.209571,77.516884,27.209567,77.516924,27.209563,77.516963,27.209559,77.517004,27.209556,77.517045,27.209551,77.517088,27.209547,77.517130,27.209543,77.517170,27.209533,77.517242,27.209536,77.517130,27.209549,77.516986,27.209564,77.516873,27.209573,77.516814,27.209581,77.516760,27.209619,77.516691,27.209649,77.516680,27.209717,77.516682,27.209758,77.516687,27.209844,77.516692,27.209885,77.516694,27.209923,77.516695,27.209982,77.516673,27.209992,77.516635,27.209991,77.516585,27.209990,77.516492,27.209990,77.516457,27.209966,77.516408,27.209946,77.516393",images/blockplantation/30491647-f534-4667-8193-3273258aa9db.jpg,200,Bargad: 200,FALSE,2024-09-05 08:22:20.119726+05:30,2024-09-05 08:22:20.119746+05:30,1,77218,27.2096563,77.5162881,2,12,2,810509,105,810509729
48199,"27.210029,77.515249,27.210035,77.515252,27.210035,77.515252,27.210049,77.515258,27.210183,77.515276,27.210199,77.515281,27.210213,77.515283,27.210275,77.515284,27.210317,77.515233,27.210320,77.515187,27.210318,77.515157,27.210314,77.515091,27.210302,77.515029,27.210301,77.514993,27.210304,77.514953,27.210305,77.514878,27.210303,77.514842,27.210302,77.514805,27.210303,77.514767,27.210303,77.514731,27.210306,77.514664,27.210421,77.514599,27.210421,77.514599,27.210497,77.514642,27.210526,77.514673",images/blockplantation/23df7147-d685-47b0-974c-77fcf21968bf.jpg,200,Neem: 200,FALSE,2024-09-05 08:24:08.275281+05:30,2024-09-05 08:24:08.275307+05:30,1,77218,27.210047,77.5152758,2,2,2,810509,105,810509230
48200,"27.210748,77.516160,27.210748,77.516160,27.210748,77.516172,27.210748,77.516172,27.210736,77.516207,27.210723,77.516239,27.210718,77.516268,27.210712,77.516295,27.210710,77.516324,27.210708,77.516347,27.210708,77.516347,27.210706,77.516369,27.210711,77.516389,27.210722,77.516406,27.210744,77.516412,27.210775,77.516410,27.210811,77.516407,27.210852,77.516412,27.210892,77.516417,27.210930,77.516419,27.210963,77.516417,27.210992,77.516410,27.211013,77.516390,27.211013,77.516390,27.211021,77.516353,27.211016,77.516297,27.211003,77.516238,27.210996,77.516182,27.210994,77.516124,27.210992,77.516068,27.210991,77.516015",images/blockplantation/369e9f8f-2bae-4f16-a8c0-90168db74aaf.jpg,200,Karanj: 200,FALSE,2024-09-05 08:26:02.136866+05:30,2024-09-05 08:26:02.136884+05:30,1,77218,27.2107629,77.5161608,2,2,1,810509,105,810509729
48201,"27.177117,77.475253,27.177105,77.475225,27.177078,77.475201,27.177013,77.475174,27.176991,77.475169,27.176980,77.475145,27.176980,77.475122,27.176993,77.475101,27.177003,77.475080,27.177017,77.475065,27.177025,77.475048,27.177030,77.475040,27.177045,77.475021,27.177049,77.475007,27.177053,77.475000,27.177055,77.474997,27.177057,77.474992,27.177059,77.474987,27.177062,77.474981,27.177067,77.474974,27.177073,77.474969,27.177078,77.474962,27.177080,77.474958,27.177080,77.474954,27.177081,77.474952,27.177083,77.474948,27.177084,77.474945,27.177082,77.474945,27.177080,77.474945,27.177079,77.474946,27.177077,77.474919,27.177084,77.474905,27.177087,77.474906,27.177092,77.474899,27.177102,77.474895,27.177107,77.474896,27.177118,77.474900,27.177127,77.474903,27.177139,77.474909,27.177152,77.474913,27.177161,77.474916,27.177168,77.474918,27.177176,77.474919,27.177181,77.474925,27.177190,77.474932,27.177198,77.474940,27.177175,77.474944,27.177174,77.474947,27.177168,77.474943,27.177138,77.474927,27.177125,77.474915,27.177123,77.474910",images/blockplantation/d071e91d-2d4c-4843-85ae-cbd37367111a.jpg,200,Lemon: 200,FALSE,2024-09-05 08:30:28.570807+05:30,2024-09-05 08:30:28.570826+05:30,1,77318,27.177129,77.4752406,2,8,1,810509,105,810509230
48202,"27.215587,77.516645,27.215587,77.516645,27.215580,77.516640,27.215545,77.516614,27.215545,77.516608,27.215542,77.516605,27.215533,77.516599,27.215514,77.516582,27.215498,77.516572,27.215485,77.516564,27.215485,77.516564,27.215474,77.516558,27.215466,77.516553,27.215454,77.516546,27.215454,77.516546,27.215443,77.516539,27.215431,77.516534,27.215420,77.516526,27.215408,77.516516,27.215397,77.516509,27.215388,77.516500,27.215377,77.516492,27.215377,77.516492,27.215367,77.516485,27.215356,77.516476,27.215346,77.516467,27.215338,77.516459,27.215322,77.516443,27.215286,77.516420,27.215265,77.516406,27.215256,77.516401,27.215232,77.516388,27.215215,77.516373,27.215205,77.516368,27.215186,77.516352,27.215161,77.516337,27.215136,77.516324,27.215117,77.516306,27.215107,77.516296,27.215091,77.516279,27.215086,77.516272,27.215084,77.516241,27.215105,77.516206,27.215125,77.516188,27.215148,77.516173,27.215165,77.516162,27.215177,77.516158,27.215198,77.516147,27.215211,77.516143,27.215229,77.516137,27.215251,77.516133,27.215270,77.516136,27.215292,77.516138,27.215303,77.516140,27.215341,77.516148,27.215375,77.516159,27.215397,77.516166,27.215407,77.516178,27.215417,77.516191,27.215450,77.516203,27.215473,77.516213,27.215495,77.516219,27.215518,77.516226,27.215537,77.516240,27.215559,77.516248,27.215569,77.516253,27.215578,77.516256,27.215598,77.516264,27.215619,77.516271,27.215630,77.516278,27.215652,77.516290,27.215677,77.516301,27.215702,77.516311,27.215728,77.516318,27.215738,77.516319,27.215768,77.516328,27.215786,77.516332,27.215806,77.516344,27.215816,77.516350,27.215837,77.516363,27.215860,77.516370,27.215880,77.516375,27.215904,77.516380,27.215933,77.516384,27.215954,77.516392,27.215978,77.516395,27.216004,77.516398,27.216026,77.516403,27.216048,77.516415,27.216069,77.516423,27.216096,77.516433,27.216109,77.516437,27.216141,77.516447,27.216165,77.516451,27.216188,77.516458,27.216207,77.516471,27.216210,77.516493,27.216212,77.516521,27.216215,77.516551,27.216214,77.516568,27.216214,77.516598,27.216213,77.516613,27.216210,77.516651,27.216209,77.516679,27.216208,77.516695,27.216205,77.516728,27.216205,77.516764,27.216206,77.516796,27.216208,77.516820,27.216208,77.516846,27.216210,77.516873,27.216215,77.516896,27.216216,77.516918,27.216213,77.516949,27.216209,77.516977,27.216203,77.517016,27.216203,77.517046,27.216196,77.517069,27.216172,77.517064,27.216156,77.517056,27.216137,77.517046,27.216119,77.517027,27.216108,77.517018,27.216086,77.516998,27.216076,77.516990,27.216056,77.516976,27.216034,77.516963,27.216017,77.516951",images/blockplantation/11f891d5-778c-46dc-8828-e4e5df7b00ba.jpg,500,Karanj: 500,FALSE,2024-09-05 08:33:25.961004+05:30,2024-09-05 08:33:25.961023+05:30,1,77218,27.2155942,77.5166218,2,5,4,810509,105,810509729
48203,"27.254673,77.602748,27.254673,77.602748,27.254673,77.602748,27.254673,77.602748,27.254673,77.602748,27.254673,77.602748",images/blockplantation/02caabf5-9f9f-427b-b442-080c531aba3b.jpg,100,Karanj: 100,FALSE,2024-09-05 08:35:14.896521+05:30,2024-09-05 08:35:14.896541+05:30,1,77293,27.2546733,77.6027483,2,7,2,810509,105,810509280
48204,"27.254537,77.602671,27.254509,77.602661,27.254601,77.602758,27.254600,77.602754,27.254590,77.602745,27.254585,77.602742",images/blockplantation/43a6396d-f663-4d4c-a8e5-615f65769b21.jpg,100,Karanj: 100,FALSE,2024-09-05 08:36:57.955372+05:30,2024-09-05 08:36:57.955389+05:30,1,77293,27.2547269,77.6027851,2,7,2,810509,105,810509280
48205,"27.254658,77.602725,27.254659,77.602723,27.254664,77.602717,27.254664,77.602717,27.254668,77.602709,27.254668,77.602709,27.254677,77.602703,27.254677,77.602703,27.254677,77.602703",images/blockplantation/5cb6ed55-2fec-4003-9a3c-6f7bcb41381f.jpg,100,Neem: 100,FALSE,2024-09-05 08:39:21.324521+05:30,2024-09-05 08:39:21.32454+05:30,1,77293,27.2546537,77.6027923,2,7,2,810509,105,810509280
48206,"27.116890,77.343517,27.116906,77.343499,27.116926,77.343452,27.116942,77.343434,27.116953,77.343423,27.116958,77.343419,27.116962,77.343413",images/blockplantation/7546dbf5-4f9c-4a31-bc5a-893ba1d5c2dc.jpg,100,"Aak: 50, Babool: 20, Dhak: 20, Kikar: 10",FALSE,2024-09-05 08:40:51.432287+05:30,2024-09-05 08:40:51.432308+05:30,1,9086,27.1169307,77.343557,18,4,1,810505,105,810505020
48207,"27.186681,77.455705,27.186681,77.455705,27.186681,77.455705,27.186681,77.455705,27.186681,77.455705,27.186681,77.455705,27.186682,77.455706,27.186682,77.455706,27.186682,77.455706,27.186682,77.455706,27.186682,77.455706,27.186682,77.455706,27.186682,77.455706,27.186682,77.455706,27.186682,77.455706,27.186682,77.455706,27.186682,77.455706,27.186682,77.455707,27.186682,77.455707,27.186682,77.455707,27.186682,77.455707,27.186682,77.455707,27.186682,77.455707,27.186682,77.455707,27.186682,77.455707,27.186682,77.455707,27.186682,77.455707,27.186682,77.455706,27.186682,77.455706,27.186682,77.455707,27.186682,77.455707,27.186682,77.455706,27.186682,77.455706,27.186682,77.455706,27.186682,77.455705,27.186682,77.455705,27.186683,77.455704,27.186683,77.455703,27.186683,77.455703,27.186683,77.455703,27.186683,77.455703,27.186683,77.455703,27.186683,77.455703,27.186683,77.455703,27.186683,77.455703,27.186683,77.455703,27.186683,77.455703,27.186683,77.455703,27.186683,77.455703,27.186683,77.455703,27.186683,77.455703,27.186683,77.455703,27.186683,77.455703,27.186683,77.455703,27.186683,77.455703,27.186683,77.455703,27.186683,77.455703,27.186684,77.455703,27.186684,77.455703,27.186684,77.455703,27.186684,77.455703,27.186684,77.455703,27.186684,77.455703,27.186684,77.455703,27.186684,77.455703,27.186684,77.455703,27.186684,77.455703,27.186684,77.455703,27.186684,77.455703,27.186684,77.455703,27.186684,77.455703,27.186684,77.455703,27.186684,77.455703,27.186684,77.455703,27.186684,77.455703,27.186684,77.455703,27.186684,77.455703,27.186684,77.455703,27.186684,77.455703,27.186684,77.455703",images/blockplantation/2afad4f7-cb42-43ec-9ffa-d9bdb283c285.jpg,100,Babool: 100,FALSE,2024-09-05 08:43:07.020063+05:30,2024-09-05 08:43:07.020084+05:30,1,28543,27.1866708,77.4556147,2,1,1,810509,105,810509180
48208,"27.211817,77.635520,27.211836,77.635520,27.211847,77.635513,27.211843,77.635506",images/blockplantation/1d7b1387-a1b8-43fc-a3a0-739dca27ff83.jpg,100,Others: 100,FALSE,2024-09-05 08:43:23.8376+05:30,2024-09-05 08:43:23.837621+05:30,1,77322,27.2118344,77.6354963,2,11,1,810509,105,810509100
48209,"27.111733,77.348760,27.111732,77.348754,27.111729,77.348728,27.111724,77.348716,27.111717,77.348702,27.111713,77.348693",images/blockplantation/7e0d9e86-94ee-4d00-b7c3-ac182e602809.jpg,100,"Babool: 50, Kikar: 50",FALSE,2024-09-05 08:50:11.471406+05:30,2024-09-05 08:50:11.471424+05:30,1,9086,27.1117557,77.3487521,2,7,1,810505,105,810505030
48210,"27.257877,77.606823,27.257877,77.606823,27.257877,77.606823,27.257877,77.606823,27.257877,77.606823,27.257877,77.606823,27.257877,77.606823,27.257877,77.606823",images/blockplantation/ce7633a6-341b-4976-b354-e7c34acca9e7.jpg,100,Neem: 100,FALSE,2024-09-05 08:50:21.045433+05:30,2024-09-05 08:50:21.045451+05:30,1,77293,27.2577683,77.6067233,2,12,1,810509,105,810509280
48211,"27.057107,77.464433,27.057069,77.464464,27.057053,77.464467,27.057041,77.464475",images/blockplantation/af873750-15c9-43b7-99f1-5e0f158ea31e.jpg,1060,"Seesam: 100, Jamun: 100, Karanj: 200, Mango: 100, Neem: 100, Peepal: 100, Imli: 100, Lemon: 100, Ber: 100, Gular: 60",FALSE,2024-09-05 08:50:52.500527+05:30,2024-09-05 08:50:52.500546+05:30,1,77335,27.0571067,77.4644333,2,7,1,810508,105,810508050
48212,"27.257706,77.607338,27.257706,77.607338,27.257706,77.607338,27.257709,77.607337,27.257709,77.607337,27.257709,77.607337,27.257709,77.607337",images/blockplantation/ab1279c9-c889-4757-a3d4-56a79f04e73e.jpg,100,Others: 100,FALSE,2024-09-05 08:53:48.410755+05:30,2024-09-05 08:53:48.410775+05:30,1,77293,27.257701,77.607356,2,12,1,810509,105,810509280
48213,"27.035252,77.496815,27.035377,77.496863,27.035592,77.496865,27.035588,77.496687,27.035505,77.496637,27.035346,77.496480,27.035314,77.496438,27.035119,77.496483,27.035045,77.496489,27.035169,77.496679,27.035179,77.496719,27.035246,77.496817",images/blockplantation/e64d33d0-2362-4017-bbfa-2379552eba06.jpg,250,"Karanj: 50, Kadam: 50, Seesam: 50, Neem: 50, Jamun: 50",FALSE,2024-09-05 08:54:17.82583+05:30,2024-09-05 08:54:17.825848+05:30,1,77332,27.0352359,77.496788,2,7,0.5,810508,105,810508040
48214,"27.111784,77.348760,27.111774,77.348761,27.111769,77.348768,27.111752,77.348766,27.111751,77.348765,27.111739,77.348754",images/blockplantation/f2d31018-0c2c-49a6-a5db-9f098c95a20d.jpg,100,"Aak: 50, Jamun: 10, Karanj: 10, Kikar: 20, Neem: 10",FALSE,2024-09-05 08:54:58.310616+05:30,2024-09-05 08:54:58.310638+05:30,1,9086,27.1116878,77.3486451,2,4,1,810505,105,810505030
48215,"27.259197,77.608363,27.259197,77.608363,27.259197,77.608363,27.259155,77.608404",images/blockplantation/2cf92f42-2837-46e3-9289-d206bc509bc3.jpg,100,Peepal: 100,FALSE,2024-09-05 08:58:57.710158+05:30,2024-09-05 08:58:57.710186+05:30,1,77293,27.2591767,77.6083283,2,9,1,810509,105,810509280
48216,"27.172569,77.399873,27.172561,77.399934,27.172562,77.399934,27.172564,77.399933",images/blockplantation/7ea06c65-46c3-42df-8cd3-1acf8ceb457f.jpg,100,"Banyan: 10, Ber: 10, Imli: 10, Lemon: 10, Mango: 10, Neem: 40, Seesam: 10",FALSE,2024-09-05 09:00:21.666085+05:30,2024-09-05 09:00:21.666107+05:30,1,77354,27.1725711,77.3998728,2,5,100,810509,105,810509270
48217,"27.111573,77.350301,27.111592,77.350263,27.111593,77.350255,27.111603,77.350260,27.111594,77.350258,27.111594,77.350258",images/blockplantation/3cc2cc05-a5e6-4d07-a42d-2d7e69f7db71.jpg,100,"Babool: 20, Kachnar: 20, Kikar: 20, Seesam: 20, Babool: 20",FALSE,2024-09-05 09:01:24.496613+05:30,2024-09-05 09:01:24.496632+05:30,1,9086,27.111612,77.3503265,2,4,1,810505,105,810505030
48218,"27.260387,77.609532,27.260387,77.609532,27.260387,77.609532,27.260387,77.609532,27.260387,77.609532,27.260387,77.609532,27.260387,77.609532,27.260387,77.609532,27.260387,77.609532,27.260387,77.609532,27.260387,77.609532",images/blockplantation/623b3929-c315-486e-8f7d-8f80107d21fb.jpg,200,Gular: 200,FALSE,2024-09-05 09:03:00.293679+05:30,2024-09-05 09:03:00.293699+05:30,1,77293,27.2602524,77.6095873,2,8,2,810509,105,810509280
48219,"27.557713,77.243785,27.557733,77.243717,27.557746,77.243677,27.557760,77.243665,27.557764,77.243664,27.557760,77.243673,27.557760,77.243677,27.557762,77.243687,27.557760,77.243691,27.557757,77.243698,27.557754,77.243705,27.557749,77.243716,27.557747,77.243723,27.557745,77.243734,27.557742,77.243746,27.557739,77.243755,27.557738,77.243760,27.557737,77.243770,27.557736,77.243775,27.557735,77.243781,27.557732,77.243789,27.557731,77.243793,27.557730,77.243797,27.557728,77.243803,27.557726,77.243808,27.557724,77.243815,27.557722,77.243820,27.557719,77.243827,27.557717,77.243833,27.557716,77.243839,27.557717,77.243848,27.557718,77.243852,27.557719,77.243856,27.557723,77.243861,27.557727,77.243863,27.557729,77.243864,27.557738,77.243865,27.557742,77.243864,27.557748,77.243863,27.557751,77.243863,27.557758,77.243864,27.557765,77.243860,27.557767,77.243859,27.557769,77.243859,27.557772,77.243859,27.557775,77.243859,27.557780,77.243859,27.557784,77.243860,27.557790,77.243860,27.557797,77.243859,27.557801,77.243858,27.557806,77.243851,27.557809,77.243842,27.557810,77.243835,27.557811,77.243830,27.557811,77.243826,27.557811,77.243822,27.557812,77.243818,27.557813,77.243816,27.557814,77.243815,27.557816,77.243811,27.557816,77.243809,27.557818,77.243803,27.557820,77.243796,27.557821,77.243792,27.557822,77.243787,27.557824,77.243782,27.557826,77.243779,27.557829,77.243775,27.557831,77.243771,27.557832,77.243766,27.557832,77.243759,27.557832,77.243746,27.557835,77.243717,27.557833,77.243716,27.557830,77.243713,27.557829,77.243712,27.557831,77.243703,27.557832,77.243701,27.557834,77.243698,27.557835,77.243694,27.557839,77.243667,27.557833,77.243665,27.557828,77.243665,27.557822,77.243662,27.557818,77.243661,27.557815,77.243660,27.557811,77.243658,27.557809,77.243657,27.557807,77.243655,27.557799,77.243649,27.557792,77.243644,27.557789,77.243643,27.557728,77.243874,27.557738,77.243889,27.557744,77.243897,27.557751,77.243905,27.557754,77.243912,27.557779,77.243935,27.557796,77.243933,27.557804,77.243934,27.557809,77.243933,27.557806,77.243941,27.557801,77.243946,27.557796,77.243935,27.557832,77.243916,27.557864,77.243971,27.557859,77.243995,27.557875,77.243987,27.557893,77.243998,27.557903,77.243994,27.557926,77.244006,27.557934,77.244004,27.557934,77.244008,27.557937,77.244009,27.557941,77.244010,27.557942,77.244009,27.557943,77.244006,27.557944,77.244002,27.557944,77.244007,27.557939,77.244010,27.557877,77.243900,27.557878,77.243891,27.557879,77.243880,27.557879,77.243880,27.557884,77.243870,27.557890,77.243864,27.557894,77.243862,27.557898,77.243860,27.557899,77.243860,27.557905,77.243859,27.557909,77.243860,27.557916,77.243862,27.557927,77.243859,27.557928,77.243862,27.557929,77.243864,27.557930,77.243865,27.557970,77.243897,27.557975,77.243896,27.557980,77.243895,27.557983,77.243894,27.557936,77.243823,27.557928,77.243826,27.557924,77.243822,27.557940,77.243820,27.557943,77.243814,27.557901,77.243887,27.557901,77.243887,27.557906,77.243892,27.557911,77.243890,27.557917,77.243889,27.557924,77.243883,27.557927,77.243881,27.557928,77.243880,27.557929,77.243876,27.557930,77.243872,27.557931,77.243868,27.557933,77.243861,27.557937,77.243855,27.557937,77.243852,27.557939,77.243844,27.557944,77.243845,27.557946,77.243844,27.557949,77.243842,27.557951,77.243840,27.557953,77.243838,27.557951,77.243823,27.557954,77.243817,27.557959,77.243807,27.557958,77.243800,27.557958,77.243794,27.557956,77.243792,27.557950,77.243790,27.557945,77.243788,27.557940,77.243789,27.557935,77.243789,27.557925,77.243786,27.557930,77.243751,27.557933,77.243748,27.557937,77.243752,27.557939,77.243748,27.557939,77.243746,27.557945,77.243738,27.557948,77.243740,27.557950,77.243740,27.557958,77.243744,27.557958,77.243753,27.557955,77.243761,27.557950,77.243772,27.557952,77.243778,27.557953,77.243781,27.557961,77.243778,27.557966,77.243776,27.557975,77.243770,27.557978,77.243770,27.557981,77.243769,27.557985,77.243757,27.557979,77.243754,27.557975,77.243750,27.557979,77.243759,27.558000,77.243754,27.558010,77.243716,27.558021,77.243746,27.558016,77.243756,27.558013,77.243754,27.558010,77.243768,27.558014,77.243773,27.558016,77.243778,27.558009,77.243785,27.557997,77.243791,27.557990,77.243794,27.557981,77.243787,27.557976,77.243784,27.557973,77.243783,27.557969,77.243786,27.557966,77.243798,27.557971,77.243814,27.557970,77.243819,27.557972,77.243832,27.557971,77.243840,27.557979,77.243854,27.557980,77.243863,27.557987,77.243861,27.558011,77.243831,27.557998,77.243828,27.558002,77.243835,27.558003,77.243843,27.558003,77.243847,27.558003,77.243851,27.558001,77.243860,27.558000,77.243866,27.557989,77.243894,27.557985,77.243912,27.557987,77.243711,27.557985,77.243703,27.557985,77.243703,27.557997,77.243690,27.558008,77.243697,27.558014,77.243707,27.558023,77.243723,27.558030,77.243725,27.558030,77.243725,27.558050,77.243733,27.558079,77.243731,27.558097,77.243718,27.558108,77.243714,27.558122,77.243713,27.558126,77.243710,27.558130,77.243704,27.558135,77.243700,27.558140,77.243695,27.558140,77.243691,27.558139,77.243684,27.558140,77.243676,27.558141,77.243672,27.558104,77.243654,27.558097,77.243671,27.558074,77.243685,27.558066,77.243685,27.558061,77.243687,27.558055,77.243695,27.558052,77.243698,27.558051,77.243695,27.558050,77.243693,27.558046,77.243690,27.558041,77.243683,27.558039,77.243681,27.558034,77.243679,27.558031,77.243680,27.558027,77.243682,27.558024,77.243681,27.558021,77.243680,27.557991,77.243652,27.557973,77.243630,27.557973,77.243616,27.557963,77.243613,27.557954,77.243612,27.557949,77.243622,27.557953,77.243649,27.557948,77.243650,27.558010,77.243728,27.557958,77.243799,27.557953,77.243821,27.557942,77.243825,27.557908,77.243799,27.557895,77.243788,27.557880,77.243777,27.557805,77.243798,27.557802,77.243790,27.557799,77.243769,27.557799,77.243758,27.557799,77.243745,27.557795,77.243738,27.557785,77.243727,27.557779,77.243720,27.557768,77.243708,27.557760,77.243698,27.557758,77.243686,27.557744,77.243632,27.557755,77.243619,27.557759,77.243608,27.557759,77.243575,27.557766,77.243569,27.557776,77.243568,27.557784,77.243557,27.557789,77.243526,27.557786,77.243518,27.557775,77.243502,27.557762,77.243499,27.557744,77.243503,27.557737,77.243500,27.557730,77.243514,27.557728,77.243530,27.557724,77.243541,27.557865,77.243531,27.557864,77.243522,27.557874,77.243520,27.557884,77.243519,27.557900,77.243521,27.557917,77.243522,27.557929,77.243523,27.557948,77.243525,27.557971,77.243535",images/blockplantation/80da1120-9703-4651-9078-bdac12aebd73.jpg,400,"Amrood: 5, Amla: 3, Bael: 10, Bargad: 8, Ber: 30, Imli: 6, Jamun: 8, Karanj: 20, Khejri: 5, Mango: 25, Moringa: 4, Neem: 38, Peepal: 20, Seesam: 10, Gular: 5, Others: 203",FALSE,2024-09-05 09:03:48.363229+05:30,2024-09-05 09:03:48.363247+05:30,2,77389,27.5579635,77.2437332,2,7,0.16,0,0,0
48220,"27.196591,77.447897,27.196526,77.447966,27.196719,77.447753,27.196749,77.447635",images/blockplantation/c8e802e0-cf7e-49f0-9cab-8b9708c81e17.jpg,200,"Neem: 20, Peepal: 20, Bargad: 10, Gular: 20, Imli: 10, Kachnar: 30, Karanj: 20, Mango: 10, Palash: 12, Seesam: 10, Semal: 15, Lemon: 10, JUNGLE JALEBI: 13",FALSE,2024-09-05 09:04:18.82484+05:30,2024-09-05 09:04:18.824858+05:30,1,70543,27.19663,77.4478384,2,2,2,810509,105,810509730
48221,"27.262778,77.611057,27.262778,77.611057,27.262778,77.611057,27.262778,77.611057,27.262778,77.611057,27.262778,77.611057,27.262778,77.611057,27.262778,77.611057,27.262778,77.611057,27.262778,77.611057,27.262778,77.611057,27.262778,77.611057",images/blockplantation/01f1f1f2-9f7b-484f-89b1-db114758c7db.jpg,100,Jamun: 100,FALSE,2024-09-05 09:08:21.551658+05:30,2024-09-05 09:08:21.551678+05:30,1,77293,27.2627783,77.6110567,2,7,1,810509,105,810509140
48222,"27.262737,77.611032,27.262737,77.611032,27.262737,77.611032,27.262737,77.611032,27.262737,77.611032,27.262737,77.611032,27.262737,77.611032",images/blockplantation/762b6ad5-4512-470f-b0d3-2f98441b4255.jpg,100,Seesam: 100,FALSE,2024-09-05 09:09:38.218667+05:30,2024-09-05 09:09:38.218688+05:30,1,77293,27.2627367,77.6110317,2,7,1,810509,105,810509140
48223,"27.262817,77.610865,27.262817,77.610865,27.262817,77.610865,27.262817,77.610865,27.262817,77.610865,27.262817,77.610865,27.262817,77.610865,27.262817,77.610865,27.262817,77.610865",images/blockplantation/2bd5a510-1219-4c37-b6e5-9f500ab9c303.jpg,100,Tendu: 100,FALSE,2024-09-05 09:11:23.650082+05:30,2024-09-05 09:11:23.650102+05:30,1,77293,27.2628167,77.610865,2,7,1,810509,105,810509140
48224,"27.112142,77.350474,27.112137,77.350468,27.112145,77.350509,27.112146,77.350513,27.112144,77.350527,27.112143,77.350533,27.112142,77.350538",images/blockplantation/0de191a9-84ee-4b95-a947-d7d35923f338.jpg,100,"Babool: 20, Jamun: 20, Kadamb: 5, Neem: 20, Peepal: 10, Seesam: 10, Others: 10, Lemon: 5",FALSE,2024-09-05 09:11:31.45643+05:30,2024-09-05 09:11:31.456457+05:30,1,9086,27.1121418,77.3504735,2,12,1,810505,105,810505030
48225,"27.262715,77.611035,27.262715,77.611035,27.262715,77.611035,27.262715,77.611035,27.262714,77.611035,27.262714,77.611035,27.262714,77.611035,27.262713,77.611035,27.262713,77.611035",images/blockplantation/84ad3be3-bf92-4116-99d5-cb09a9514ff9.jpg,100,Arjun: 100,FALSE,2024-09-05 09:12:36.871256+05:30,2024-09-05 09:12:36.871313+05:30,1,77293,27.2627036,77.6110026,2,7,1,810509,105,810509140
48226,"27.212387,77.459951,27.212386,77.459958,27.213187,77.459495,27.213187,77.459495,27.213187,77.459495,27.213187,77.459495,27.213187,77.459495",images/blockplantation/2600378c-0376-4611-86e3-40a9c9489d2a.jpg,500,"Neem: 200, Karanj: 100, Neem: 100, Others: 100",FALSE,2024-09-05 09:13:44.196712+05:30,2024-09-05 09:13:44.19673+05:30,1,77353,27.2131663,77.4603374,2,7,2,810509,105,810509729
48227,"27.260797,77.610169,27.260797,77.610169,27.260797,77.610169,27.260797,77.610169,27.260797,77.610169,27.260798,77.610170",images/blockplantation/bb0b9d9f-37ec-42d4-b5ab-2f138e2aa0e8.jpg,100,Babool: 100,FALSE,2024-09-05 09:15:24.362763+05:30,2024-09-05 09:15:24.362789+05:30,1,77293,27.2608089,77.6101422,2,8,2,810509,105,810509280
48228,"27.500735,77.189807,27.500684,77.189942,27.500438,77.189684,27.500480,77.189627",images/blockplantation/bbf828c0-de30-4089-ae54-beaab1563325.jpg,100,"Neem: 60, Bael: 40",FALSE,2024-09-05 09:16:02.67715+05:30,2024-09-05 09:16:02.67717+05:30,1,40128,27.500485,77.189615,2,7,1,810502,105,810502360
48229,"27.260272,77.609473,27.260272,77.609473,27.260272,77.609473,27.260272,77.609473,27.260272,77.609473,27.260272,77.609473,27.260272,77.609473,27.260272,77.609473",images/blockplantation/a0f6e6eb-f52f-468f-8c9d-76293c841f10.jpg,100,Banyan: 100,FALSE,2024-09-05 09:16:51.797344+05:30,2024-09-05 09:16:51.797365+05:30,1,77293,27.2602179,77.6095206,2,9,1,810509,105,810509280
48230,"27.259081,77.608252,27.259081,77.608252,27.259081,77.608252,27.259081,77.608252,27.259081,77.608252",images/blockplantation/1f72be8d-aa18-4373-bd18-d364d8efb742.jpg,100,Kadam: 100,FALSE,2024-09-05 09:18:12.390127+05:30,2024-09-05 09:18:12.390146+05:30,1,77293,27.2590127,77.6083484,2,12,1,810509,105,810509280
48231,"27.258810,77.607918,27.258810,77.607918,27.258810,77.607918,27.258810,77.607918,27.258810,77.607918,27.258806,77.607908,27.258806,77.607908",images/blockplantation/4525fba8-1188-4720-a221-bc6df0f06159.jpg,100,Ber: 100,FALSE,2024-09-05 09:19:08.988264+05:30,2024-09-05 09:19:08.988285+05:30,1,77293,27.2587812,77.6079103,2,9,2,810509,105,810509280
48232,"27.257453,77.607777,27.257453,77.607777,27.257453,77.607777,27.257486,77.607834,27.257486,77.607834,27.257486,77.607834,27.257486,77.607834,27.257486,77.607834,27.257521,77.607890,27.257521,77.607890,27.257551,77.607939,27.257551,77.607939,27.257551,77.607939",images/blockplantation/bb4a0f64-2b0e-4955-93c4-423403ad5b86.jpg,100,Khejri: 100,FALSE,2024-09-05 09:20:45.49422+05:30,2024-09-05 09:20:45.494239+05:30,1,77293,27.2577062,77.6082376,2,12,2,810509,105,810509280
48233,"27.257388,77.607692,27.257388,77.607692,27.257388,77.607692,27.257388,77.607692,27.257388,77.607692,27.257388,77.607692,27.257388,77.607692,27.257388,77.607692,27.257388,77.607692,27.257388,77.607692,27.257388,77.607692,27.257388,77.607692,27.257388,77.607692",images/blockplantation/7f0ba827-7ef1-40df-b477-d2a5ffe48719.jpg,200,Others: 200,FALSE,2024-09-05 09:22:28.022826+05:30,2024-09-05 09:22:28.022873+05:30,1,77293,27.2573883,77.6076917,2,12,2,810509,105,810509280
48234,"27.211496,77.635451,27.211503,77.635412,27.211534,77.635405,27.211567,77.635412",images/blockplantation/16e41aef-b385-4210-adde-de611489fd72.jpg,100,Others: 100,FALSE,2024-09-05 09:24:50.353906+05:30,2024-09-05 09:24:50.353927+05:30,1,77322,27.2114848,77.6354403,2,7,1,810509,105,810509100
48235,"27.211514,77.635829,27.211494,77.635845,27.211561,77.635791,27.211596,77.635772,27.211589,77.635760",images/blockplantation/f88ef871-ac04-4aa2-9d4d-e8dcc416e924.jpg,100,Aak: 100,FALSE,2024-09-05 09:27:47.838709+05:30,2024-09-05 09:27:47.838728+05:30,1,77322,27.2115341,77.6358214,2,9,1,810509,105,810509100
48236,"27.253315,77.606480,27.253315,77.606480,27.253315,77.606480,27.253315,77.606480,27.253315,77.606481,27.253315,77.606481,27.253315,77.606481,27.253315,77.606481,27.253315,77.606481,27.253315,77.606484,27.253315,77.606484,27.253315,77.606484,27.253315,77.606485,27.253315,77.606485",images/blockplantation/21e326b1-b698-4eb4-aeb8-8be621713c2b.jpg,100,Others: 100,FALSE,2024-09-05 09:28:38.892659+05:30,2024-09-05 09:28:38.892679+05:30,1,77293,27.2533183,77.606485,2,7,1,810509,105,810509280
48237,"27.212430,77.459460,27.213142,77.460290,27.213163,77.460365,27.213359,77.460822",images/blockplantation/46192b2a-8fc6-4214-8ecf-c28d0f4ecc5b.jpg,200,"Neem: 15, Karanj: 15, Amrood: 20, Imli: 20, Mango: 20, Others: 20, Seesam: 90",FALSE,2024-09-05 09:29:44.617996+05:30,2024-09-05 09:29:44.618012+05:30,1,77342,27.212715,77.4597958,2,7,1,810509,105,810509729
48238,"27.253262,77.606240,27.253262,77.606240,27.253262,77.606240,27.253262,77.606240,27.253262,77.606240,27.253262,77.606240,27.253262,77.606240,27.253262,77.606240",images/blockplantation/ac9e0c07-8c8a-46d4-9c2d-33d359f92178.jpg,100,Semal: 100,FALSE,2024-09-05 09:34:21.712921+05:30,2024-09-05 09:34:21.712947+05:30,1,77293,27.2532967,77.606245,2,12,1,810509,105,810509280
48239,"27.253205,77.606152,27.253205,77.606152,27.253205,77.606152,27.253205,77.606152,27.253205,77.606152,27.253205,77.606152,27.253205,77.606152,27.253205,77.606152,27.253205,77.606152",images/blockplantation/d90bfe08-6936-4796-b860-ea42685b27b6.jpg,100,Others: 100,FALSE,2024-09-05 09:35:32.246712+05:30,2024-09-05 09:35:32.246736+05:30,1,77293,27.253205,77.6061517,2,4,1,810509,105,810509280
48240,"27.180884,77.211827,27.180863,77.211803,27.180867,77.211786,27.180915,77.211797,27.180940,77.211827,27.180937,77.211837",images/blockplantation/d00ff96e-7d17-45f6-9e51-cd8f5f01114e.jpg,200,"Seesam: 50, Neem: 25, Karanj: 50, Peepal: 25, Moringa: 25, Aak: 10, Kair: 15",FALSE,2024-09-05 09:49:45.591434+05:30,2024-09-05 09:49:45.591454+05:30,2,6785,27.1808575,77.2118975,2,7,2,810505,105,810505220
48241,"27.212400,77.460613,27.212013,77.460407,27.211996,77.460373,27.211753,77.459884",images/blockplantation/0d99b965-cd3b-41c2-9db5-df7292adf0cc.jpg,100,"Babool: 30, Amrood: 20, Neem: 15, Kadamb: 20, Mango: 5, Others: 10",FALSE,2024-09-05 09:53:58.21527+05:30,2024-09-05 09:53:58.21529+05:30,1,77350,27.212307,77.4599713,2,9,1,810509,105,810509729
48242,"27.212489,77.460439,27.212346,77.460540,27.212143,77.460471,27.211819,77.460142,27.211835,77.460020",images/blockplantation/9f3289de-7ff6-45d1-9789-fa4b6add490e.jpg,100,Babool: 100,FALSE,2024-09-05 09:59:54.732055+05:30,2024-09-05 09:59:54.732075+05:30,1,77355,27.2124335,77.4599728,2,9,1,810509,105,810509729
48243,"27.208488,77.625722,27.208398,77.625647,27.208423,77.625663,27.208689,77.625732,27.208698,77.625738,27.208567,77.625747",images/blockplantation/31c97673-d562-4cf6-a9ed-13c94524b1c8.jpg,200,"Arjun: 50, Harsingar: 50, Karanj: 50, Neem: 50",FALSE,2024-09-05 10:02:11.270471+05:30,2024-09-05 10:02:11.270491+05:30,1,22101,27.2083496,77.6255295,2,2,0.1,810509,105,810509100
48244,"27.239314,77.607741,27.239308,77.607732,27.239301,77.607726,27.239280,77.607693",images/blockplantation/eb30de73-c876-4975-a6b3-013e583a46d4.jpg,250,Neem: 250,FALSE,2024-09-05 10:11:05.606874+05:30,2024-09-05 10:11:05.606898+05:30,1,77323,27.2392779,77.6077483,2,11,1,810509,105,810509290
48245,"27.239279,77.607741,27.239282,77.607738,27.239278,77.607731,27.239276,77.607733",images/blockplantation/b6df7d82-81b8-48b2-8142-70340540dced.jpg,250,Mango: 250,FALSE,2024-09-05 10:14:42.186354+05:30,2024-09-05 10:14:42.186375+05:30,1,77323,27.2392855,77.6077452,2,4,1,810509,105,810509290
48246,"27.208912,77.625597,27.208381,77.624441,27.208350,77.624582,27.209252,77.625098,27.208812,77.625791,27.208808,77.625775",images/blockplantation/560ba872-0acb-4333-96ed-609b5c6b6581.jpg,250,"Amla: 50, Arjun: 50, Bargad: 50, Harsingar: 50, Karanj: 50",FALSE,2024-09-05 10:18:34.130274+05:30,2024-09-05 10:18:34.130294+05:30,1,22101,27.2081342,77.6250401,2,9,2,810509,105,810509100
48247,"28.176078,75.653115,28.176032,75.653297,28.176039,75.653301,28.176045,75.653302",images/blockplantation/b322d93f-1780-405e-a929-9ea4a59f79a9.jpg,800,"Karanj: 400, Ardu: 400",FALSE,2024-09-05 10:37:09.43292+05:30,2024-09-05 10:37:09.43294+05:30,1,2706,28.1760204,75.6533235,13,12,1,810303,103,810303110
48248,"27.235677,77.608800,27.235681,77.608803,27.235684,77.608778,27.235684,77.608764",images/blockplantation/a7c00869-0541-453d-8a00-75c0766e5a24.jpg,250,Bael: 250,FALSE,2024-09-05 10:45:03.19255+05:30,2024-09-05 10:45:03.192571+05:30,1,77323,27.2357726,77.6088442,2,7,1,810509,105,810509290
48249,"27.235926,77.608738,27.235889,77.608751,27.235875,77.608745,27.235844,77.608715",images/blockplantation/1900f3b7-a47b-4c80-b8ea-7ddc9e2c355d.jpg,250,Karanj: 250,FALSE,2024-09-05 10:52:55.490933+05:30,2024-09-05 10:52:55.490953+05:30,1,77323,27.2359343,77.6086592,2,7,1,810509,105,810509290
48250,"27.236134,77.608882,27.236133,77.608880,27.236106,77.608885,27.236098,77.608895",images/blockplantation/e151a8bd-ec3a-42b9-b8bb-2c4e773f3e4b.jpg,250,Neem: 250,FALSE,2024-09-05 10:55:47.180456+05:30,2024-09-05 10:55:47.180475+05:30,1,77323,27.2361633,77.6087872,2,7,1,810509,105,810509290
48251,"27.236095,77.609031,27.236094,77.609031,27.236093,77.609030,27.236082,77.609024",images/blockplantation/c694cb4a-dd53-413e-a7f9-f58fbb4913e4.jpg,250,Peepal: 250,FALSE,2024-09-05 10:56:42.913878+05:30,2024-09-05 10:56:42.913898+05:30,1,77323,27.2360733,77.6090089,2,7,1,810509,105,810509290
48252,"27.204496,77.481636,27.204505,77.481826,27.204598,77.481569,27.204695,77.481487",images/blockplantation/2dc77349-11be-4e20-8834-559be5191e6e.jpg,400,"Karanj: 100, Mango: 100, Neem: 100, Peepal: 50, Jamun: 50",FALSE,2024-09-05 11:00:57.39715+05:30,2024-09-05 11:00:57.397171+05:30,2,77360,27.2045584,77.4816838,2,7,4,810509,105,810509729
48253,"27.189605,77.449755,27.189618,77.449709,27.189615,77.449691,27.189603,77.449672,27.186314,77.455480,27.186318,77.455483,27.186328,77.455486,27.186323,77.455498,27.186326,77.455532,27.186340,77.455517,27.186341,77.455511,27.186339,77.455518,27.186435,77.455562,27.186435,77.455564,27.186424,77.455557,27.186425,77.455555,27.186423,77.455552,27.186422,77.455555,27.186425,77.455554,27.186424,77.455553,27.186426,77.455554,27.186426,77.455557,27.186426,77.455558,27.186426,77.455558,27.186426,77.455559,27.186427,77.455559,27.186427,77.455560,27.186428,77.455560,27.186429,77.455561,27.186429,77.455560,27.186429,77.455560,27.186429,77.455560,27.186430,77.455560,27.186430,77.455560,27.186429,77.455560,27.186434,77.455561,27.186434,77.455561,27.186434,77.455561,27.186434,77.455561,27.186434,77.455561,27.186433,77.455561,27.186434,77.455560,27.186434,77.455560,27.186434,77.455560,27.186434,77.455560,27.186433,77.455563,27.186433,77.455564,27.186432,77.455565,27.186432,77.455566,27.186432,77.455566,27.186432,77.455567,27.186432,77.455567,27.186432,77.455567,27.186433,77.455567,27.186433,77.455568,27.186434,77.455568,27.186434,77.455568,27.186434,77.455569,27.186434,77.455569,27.186434,77.455568,27.186434,77.455568,27.186434,77.455568,27.186434,77.455568,27.186435,77.455569,27.186435,77.455569,27.186436,77.455570,27.186436,77.455570,27.186436,77.455570,27.186436,77.455570,27.186437,77.455570,27.186437,77.455570,27.186437,77.455570,27.186437,77.455570,27.186437,77.455570,27.186437,77.455570,27.186437,77.455570,27.186438,77.455570,27.186438,77.455571,27.186439,77.455571,27.186439,77.455572,27.186439,77.455571,27.186438,77.455569,27.186438,77.455568,27.186439,77.455569,27.186439,77.455570,27.186439,77.455570,27.186440,77.455572,27.186440,77.455572,27.186440,77.455572,27.186440,77.455572,27.186440,77.455572,27.186440,77.455572,27.186440,77.455572,27.186439,77.455572,27.186439,77.455572,27.186439,77.455572,27.186439,77.455573,27.186439,77.455573,27.186439,77.455573,27.186439,77.455572,27.186439,77.455572,27.186439,77.455572,27.186439,77.455572,27.186439,77.455573,27.186439,77.455573,27.186438,77.455573,27.186438,77.455573,27.186438,77.455573,27.186438,77.455573,27.186438,77.455573,27.186438,77.455573,27.186438,77.455573,27.186439,77.455572,27.186440,77.455572,27.186440,77.455572,27.186440,77.455572,27.186440,77.455572,27.186440,77.455572",images/blockplantation/2cc6db9d-1e5a-4924-b1c4-2fad6a889979.jpg,150,Lemon: 150,FALSE,2024-09-05 11:09:24.01316+05:30,2024-09-05 11:09:24.013179+05:30,1,47931,27.1895866,77.4497512,2,9,1,810509,105,810509230
48254,"27.186118,77.441192,27.186115,77.441194,27.186226,77.441265,27.186217,77.441266,27.186222,77.441287,27.186222,77.441287",images/blockplantation/a60393be-3853-4ae4-8395-9f343e110585.jpg,100,"Aak: 10, Amla: 10, Amrood: 10, Bael: 10, Banyan: 10, Dhak: 10, Harsingar: 20, Jamun: 10, Kadam: 5, Mango: 5",FALSE,2024-09-05 11:16:35.664332+05:30,2024-09-05 11:16:35.664352+05:30,2,77303,27.1862161,77.4412178,2,7,0.5,810509,105,810509730
48255,"27.229840,77.438278,27.229773,77.438413,27.229747,77.438347,27.229702,77.438370,27.229727,77.438397,27.229713,77.438413",images/blockplantation/217e2a21-1141-4289-8430-c11475c3ed7d.jpg,500,Amrood: 500,FALSE,2024-09-05 11:20:35.676532+05:30,2024-09-05 11:20:35.67655+05:30,1,77359,27.229708,77.4383484,2,7,50,0,0,0
48256,"27.229708,77.438463,27.229751,77.438427,27.229737,77.438427,27.229685,77.438580,27.229685,77.438580",images/blockplantation/d792c562-2ad2-4d2c-8d59-b05f8ff1365a.jpg,500,Karanj: 500,FALSE,2024-09-05 11:32:12.614542+05:30,2024-09-05 11:32:12.614565+05:30,1,77359,27.2297217,77.438445,2,11,50,0,0,0
48257,"27.992314,73.631267,27.992313,73.631268,27.992307,73.631270,27.992304,73.631267",images/blockplantation/64861d56-5b46-4d10-852f-5284b4a312ad.jpg,350,"Khejri: 50, Neem: 50, Ber: 30, Sagon: 30, Salai: 50, Seesam: 50, Semal: 40, Peepal: 30, Aak: 20",FALSE,2024-09-05 11:36:20.14059+05:30,2024-09-05 11:36:20.14065+05:30,1,74132,27.9928257,73.630839,13,5,1,810101,101,810101350
48258,"27.229690,77.438592,27.229667,77.438692,27.229663,77.438698,27.229678,77.438687",images/blockplantation/f809c6e7-8b34-499b-95f6-75cc3b002a8e.jpg,500,Arjun: 500,FALSE,2024-09-05 11:37:28.421318+05:30,2024-09-05 11:37:28.421339+05:30,1,77359,27.2297075,77.4386869,2,7,10,0,0,0
48259,"27.229628,77.438727,27.229628,77.438727,27.229638,77.438765,27.229630,77.438798",images/blockplantation/3a964a7d-fca3-4587-841c-095b1a34b8fd.jpg,500,Peepal: 500,FALSE,2024-09-05 11:42:21.436737+05:30,2024-09-05 11:42:21.436758+05:30,1,77359,27.2296383,77.438765,2,7,50,0,0,0
48260,"27.035995,77.272488,27.035846,77.272341,27.035785,77.272292,27.036236,77.272275,27.036244,77.272330,27.036285,77.272554,27.036253,77.272737,27.036196,77.272740,27.035971,77.272493",images/blockplantation/52aafa9a-0905-46d1-85fe-d0114728ec4c.jpg,200,"Peepal: 30, Neem: 30, Seesam: 10, Karanj: 30, Others: 100",FALSE,2024-09-05 12:34:33.323091+05:30,2024-09-05 12:34:33.323111+05:30,1,75386,27.0359949,77.2724937,13,2,1,810501,105,810501120
48261,"27.484620,77.320688,27.484605,77.320681,27.484625,77.320556,27.484625,77.320544",images/blockplantation/7edaccb6-7323-4ab7-85bd-611f78970d40.jpg,2000,Others: 2000,FALSE,2024-09-05 12:42:32.238983+05:30,2024-09-05 12:42:32.239002+05:30,1,15195,27.4846673,77.3201259,2,4,3,810502,105,810502473
48262,"27.484600,77.320671,27.484608,77.320323,27.484583,77.320313,27.484611,77.320243,27.484614,77.320230,27.484627,77.320213",images/blockplantation/4686f733-d192-46f2-b4dd-047283e52139.jpg,1000,Others: 1000,FALSE,2024-09-05 12:46:34.303598+05:30,2024-09-05 12:46:34.303618+05:30,1,15195,27.4844963,77.3201546,2,4,1,810502,105,810502473
48263,"25.147237,75.885066,25.147253,75.885089,25.147243,75.885159,25.147184,75.885111",images/blockplantation/2d74c9c2-a13c-46e9-aaf6-2bdf14f80f6a.jpg,300,Neem: 300,FALSE,2024-09-05 12:58:52.95593+05:30,2024-09-05 12:58:52.955946+05:30,2,77229,25.1472376,75.8850653,30,5,1,812703,127,812703261
48264,"25.181392,75.894805,25.181362,75.894812,25.181464,75.894875,25.181531,75.894855",images/blockplantation/f51a0dc5-7377-448a-b63a-58a75e915aa0.jpg,100,Seesam: 100,FALSE,2024-09-05 13:31:42.318643+05:30,2024-09-05 13:31:42.318663+05:30,2,77229,25.1813907,75.8948049,30,11,1,812703,127,812703261
48265,"27.045089,77.291778,27.045212,77.292043,27.045036,77.291664,27.044987,77.291573,27.044968,77.291665,27.044893,77.291786",images/blockplantation/4b3e8c3c-484f-4039-92c9-53206b7f4dd7.jpg,550,"Karanj: 200, Neem: 75, Peepal: 20, Bael: 50, Kadamb: 70, Others: 135",FALSE,2024-09-05 13:45:43.048024+05:30,2024-09-05 13:45:43.048043+05:30,1,75386,27.044937,77.2916682,13,3,1,810501,105,810501120
48266,"25.211291,75.933743,25.210968,75.933691,25.210361,75.933006,25.210396,75.932598",images/blockplantation/596e0808-04e6-470e-8b8b-4fd73df2acf2.jpg,5000,"Neem: 500, Seesam: 500, Semal: 500, Karanj: 500, Others: 3000",FALSE,2024-09-05 14:49:33.051321+05:30,2024-09-05 14:49:33.051341+05:30,1,14455,25.2112184,75.9336437,30,2,1.2,812703,127,812703261
48267,"25.210401,75.932609,25.210748,75.932636,25.210633,75.932214,25.210409,75.932171",images/blockplantation/667219da-7e31-4020-9c49-42716909ab0f.jpg,5000,"Kadam: 500, Karanj: 500, Neem: 1000, Others: 3000",FALSE,2024-09-05 14:53:29.610016+05:30,2024-09-05 14:53:29.610034+05:30,1,14455,25.2107991,75.9326313,30,2,1.2,812703,127,812703261
48268,"28.487351,72.686362,28.487332,72.686370,28.487318,72.686370,28.487303,72.686373,28.487295,72.686375,28.487285,72.686378,28.487274,72.686378,28.487266,72.686379,28.487256,72.686379,28.487239,72.686376,28.487167,72.686369,28.487159,72.686368,28.487142,72.686369,28.487114,72.686365,28.487095,72.686361,28.487078,72.686360,28.487054,72.686356,28.487038,72.686354,28.487019,72.686352,28.487005,72.686348,28.486988,72.686342,28.486967,72.686342,28.486955,72.686340,28.486934,72.686327,28.486919,72.686323,28.486899,72.686316,28.486887,72.686315,28.486855,72.686314,28.486839,72.686308,28.486835,72.686305,28.486832,72.686299,28.486832,72.686285,28.486834,72.686274,28.486834,72.686263,28.486826,72.686252,28.486811,72.686250,28.486785,72.686241,28.486835,72.686258,28.486852,72.686296,28.486861,72.686348,28.486865,72.686395,28.486852,72.686427,28.486840,72.686466,28.486836,72.686480,28.486835,72.686501,28.486835,72.686515,28.486835,72.686529,28.486837,72.686542,28.486838,72.686557,28.486841,72.686567,28.486843,72.686572,28.486843,72.686573,28.486846,72.686567,28.486847,72.686564,28.486852,72.686580,28.486852,72.686582,28.486860,72.686607,28.486864,72.686616,28.486866,72.686621,28.486871,72.686632,28.486872,72.686636,28.486874,72.686641,28.486877,72.686606,28.486876,72.686604,28.486873,72.686607,28.486872,72.686613,28.486862,72.686622,28.486850,72.686622,28.486842,72.686618,28.486827,72.686633,28.486825,72.686633,28.486821,72.686617,28.486819,72.686612,28.486819,72.686591,28.486821,72.686569,28.486822,72.686552,28.486814,72.686532,28.486810,72.686523,28.486808,72.686516,28.486806,72.686507,28.486806,72.686499,28.486805,72.686476,28.486804,72.686472,28.486802,72.686464,28.486796,72.686455,28.486762,72.686423,28.486742,72.686423,28.486729,72.686428",images/blockplantation/0e983cb6-eb46-4ebf-8f47-ceb3b0987ec6.jpg,400,Neem: 400,FALSE,2024-09-05 15:56:33.392425+05:30,2024-09-05 15:56:33.392445+05:30,1,75696,28.487368,72.6863868,13,12,4,0,0,0
48269,"28.700212,75.283492,28.700212,75.283522,28.700208,75.283569,28.700214,75.283603,28.700219,75.283633",images/blockplantation/d3c8ac38-cc6a-49a1-b79c-42bdc97660e5.jpg,350,"Ardu: 100, Babool: 30, Ber: 40, Khejri: 20, Seesam: 110, Neem: 50",FALSE,2024-09-05 16:02:03.433552+05:30,2024-09-05 16:02:03.433571+05:30,1,56014,28.7001848,75.2834928,13,12,2.5,0,0,0
48270,"28.163047,75.599265,28.163084,75.599395,28.162771,75.599488,28.162773,75.599321,28.163054,75.599276",images/blockplantation/f5a061ab-3acb-4934-b8e0-b852f3e5307d.jpg,100,Kadam: 100,FALSE,2024-09-05 16:05:55.300911+05:30,2024-09-05 16:05:55.300929+05:30,1,2706,28.1628847,75.5992697,13,5,1,810303,103,810303240
48271,"24.714298,72.511719,24.714514,72.511822,24.714574,72.512054,24.714465,72.512058,24.714389,72.512058,24.714319,72.512000,24.714300,72.511951",images/blockplantation/852434ae-ac9a-4ded-9084-e2baacd0377e.jpg,150,"Neem: 100, Karanj: 30, Peepal: 2, Rohida: 1, Amla: 5, Amrood: 10, Bael: 2",FALSE,2024-09-05 16:07:09.669922+05:30,2024-09-05 16:07:09.66994+05:30,2,11683,24.7144196,72.5119669,2,7,1,811703,117,811703070
48272,"28.486655,72.686346,28.486655,72.686347,28.486654,72.686347,28.486654,72.686346,28.486656,72.686335,28.486648,72.686311,28.486642,72.686307,28.486610,72.686353,28.486610,72.686372,28.486619,72.686386,28.486634,72.686392,28.486625,72.686408,28.486620,72.686409,28.486602,72.686372,28.486600,72.686368,28.486583,72.686374,28.486566,72.686372,28.486555,72.686374,28.486539,72.686368,28.486527,72.686360,28.486523,72.686351,28.486513,72.686341,28.486508,72.686337,28.486501,72.686335,28.486499,72.686334,28.486494,72.686331,28.486474,72.686316,28.486472,72.686309,28.486457,72.686298,28.486449,72.686297,28.486411,72.686279,28.486408,72.686270,28.486407,72.686266,28.486405,72.686261,28.486401,72.686255,28.486392,72.686252,28.486389,72.686255,28.486394,72.686265,28.486396,72.686267,28.486397,72.686274,28.486398,72.686283,28.486398,72.686283,28.486397,72.686294,28.486392,72.686300,28.486390,72.686305,28.486376,72.686319,28.486374,72.686327,28.486376,72.686332,28.486377,72.686336,28.486379,72.686340,28.486380,72.686341,28.486381,72.686351,28.486381,72.686357,28.486387,72.686363,28.486389,72.686368,28.486392,72.686372,28.486394,72.686387,28.486394,72.686387,28.486396,72.686392,28.486397,72.686398,28.486398,72.686403,28.486403,72.686408,28.486411,72.686417,28.486415,72.686427,28.486416,72.686431,28.486416,72.686441,28.486415,72.686445,28.486415,72.686450,28.486418,72.686459,28.486418,72.686459,28.486417,72.686479,28.486413,72.686490,28.486412,72.686505,28.486412,72.686511,28.486414,72.686517,28.486415,72.686521,28.486416,72.686533,28.486415,72.686546,28.486413,72.686553,28.486410,72.686558,28.486407,72.686564,28.486411,72.686610,28.486419,72.686644,28.486431,72.686647,28.486436,72.686649,28.486479,72.686661,28.486490,72.686658,28.486499,72.686656,28.486508,72.686654,28.486517,72.686653,28.486557,72.686696,28.486566,72.686697,28.486587,72.686699,28.486595,72.686704,28.486597,72.686707,28.486605,72.686718,28.486607,72.686723,28.486610,72.686740,28.486614,72.686751,28.486619,72.686757,28.486623,72.686764,28.486625,72.686769,28.486628,72.686774,28.486630,72.686778,28.486632,72.686784,28.486639,72.686796,28.486647,72.686806,28.486652,72.686809,28.486663,72.686815,28.486670,72.686819,28.486670,72.686819,28.486674,72.686830,28.486677,72.686841,28.486676,72.686852,28.486677,72.686858,28.486684,72.686865,28.486692,72.686869,28.486697,72.686873,28.486698,72.686877,28.486698,72.686888,28.486698,72.686895,28.486701,72.686909,28.486710,72.686919,28.486716,72.686926,28.486725,72.686939,28.486726,72.686940,28.486734,72.686950,28.486740,72.686961,28.486744,72.686971,28.486747,72.686980,28.486753,72.686989,28.486758,72.686992,28.486765,72.686994,28.486771,72.686996,28.486783,72.687000,28.486792,72.686996,28.486798,72.686984,28.486803,72.686965,28.486808,72.686954,28.486810,72.686943,28.486808,72.686930,28.486804,72.686907,28.486802,72.686893,28.486800,72.686880,28.486792,72.686871,28.486789,72.686868,28.486789,72.686852,28.486797,72.686842,28.486804,72.686830,28.486811,72.686812,28.486814,72.686807,28.486815,72.686805,28.486814,72.686805,28.486813,72.686805,28.486816,72.686803,28.486831,72.686788,28.486837,72.686776,28.486831,72.686757,28.486827,72.686747,28.486822,72.686734,28.486818,72.686714,28.486818,72.686698,28.486817,72.686686,28.486818,72.686668,28.486821,72.686646,28.486822,72.686640,28.486823,72.686622,28.486822,72.686610,28.486835,72.686597,28.486849,72.686591,28.486864,72.686586,28.486874,72.686576,28.486880,72.686559,28.486881,72.686544,28.486879,72.686524,28.486878,72.686511,28.486878,72.686492,28.486879,72.686482,28.486881,72.686464,28.486882,72.686453,28.486882,72.686442,28.486883,72.686428,28.486884,72.686415,28.486884,72.686400,28.486884,72.686388,28.486889,72.686379,28.486901,72.686376,28.486910,72.686376,28.486921,72.686378,28.486930,72.686382,28.486939,72.686383,28.486949,72.686384,28.486961,72.686382,28.486976,72.686377,28.486987,72.686376,28.487001,72.686377,28.487007,72.686377,28.487020,72.686378,28.487029,72.686377,28.487041,72.686377,28.487050,72.686373,28.487062,72.686369,28.487071,72.686364,28.487079,72.686361,28.487090,72.686355,28.487097,72.686349,28.487110,72.686342,28.487115,72.686342,28.487132,72.686341,28.487144,72.686339,28.487156,72.686337,28.487171,72.686332,28.487181,72.686329,28.487197,72.686328,28.487208,72.686326,28.487221,72.686328,28.487231,72.686332,28.487244,72.686334,28.487263,72.686336,28.487272,72.686339,28.487282,72.686342,28.487303,72.686345,28.487313,72.686349,28.487325,72.686354,28.487337,72.686360,28.487351,72.686363,28.487360,72.686371,28.487374,72.686383,28.487389,72.686394,28.487400,72.686398,28.487419,72.686392,28.487436,72.686378,28.487451,72.686367,28.487463,72.686351,28.487473,72.686353,28.487478,72.686357,28.487485,72.686368,28.487491,72.686380,28.487496,72.686399,28.487500,72.686422,28.487504,72.686441,28.487511,72.686467,28.487518,72.686490,28.487522,72.686517,28.487529,72.686548,28.487538,72.686572,28.487543,72.686590,28.487546,72.686618,28.487545,72.686632,28.487545,72.686652,28.487538,72.686680,28.487538,72.686703,28.487541,72.686728,28.487543,72.686747,28.487544,72.686778,28.487545,72.686785,28.487547,72.686783,28.487545,72.686784,28.487544,72.686787,28.487528,72.686820,28.487524,72.686842,28.487519,72.686868,28.487509,72.686910,28.487499,72.686929,28.487486,72.686948,28.487476,72.686963,28.487462,72.686978,28.487452,72.687000,28.487440,72.687026,28.487433,72.687049,28.487431,72.687068,28.487426,72.687089,28.487423,72.687117,28.487421,72.687137,28.487421,72.687158,28.487420,72.687173,28.487418,72.687191,28.487414,72.687214,28.487411,72.687228,28.487409,72.687245,28.487408,72.687260,28.487405,72.687277,28.487404,72.687293,28.487400,72.687307,28.487396,72.687325,28.487394,72.687340,28.487395,72.687360,28.487397,72.687372,28.487401,72.687385,28.487402,72.687401,28.487401,72.687414,28.487397,72.687427,28.487390,72.687445,28.487385,72.687467,28.487382,72.687482,28.487380,72.687493,28.487382,72.687517,28.487382,72.687527,28.487385,72.687544,28.487385,72.687556,28.487389,72.687566,28.487392,72.687575,28.487396,72.687581,28.487398,72.687576,28.487398,72.687577,28.487398,72.687589,28.487397,72.687610,28.487396,72.687649,28.487396,72.687664,28.487390,72.687678,28.487390,72.687676,28.487385,72.687702,28.487383,72.687720,28.487376,72.687741,28.487371,72.687762,28.487368,72.687773,28.487366,72.687787,28.487364,72.687806,28.487361,72.687817,28.487363,72.687836,28.487361,72.687851,28.487361,72.687873,28.487360,72.687871,28.487360,72.687872,28.487358,72.687876,28.487346,72.687926,28.487348,72.687961,28.487355,72.687955,28.487355,72.687959,28.487356,72.687974,28.487359,72.688003,28.487360,72.688025,28.487359,72.688061,28.487357,72.688082,28.487358,72.688098,28.487360,72.688120,28.487356,72.688143,28.487355,72.688165,28.487356,72.688177,28.487357,72.688194,28.487355,72.688211,28.487356,72.688239,28.487358,72.688268,28.487357,72.688282,28.487358,72.688299,28.487358,72.688314,28.487359,72.688328,28.487359,72.688348,28.487361,72.688366,28.487360,72.688390,28.487356,72.688402,28.487354,72.688419,28.487351,72.688438,28.487352,72.688454,28.487355,72.688463,28.487359,72.688475,28.487361,72.688491,28.487356,72.688503,28.487339,72.688501,28.487322,72.688491,28.487303,72.688497,28.487294,72.688507,28.487287,72.688499,28.487292,72.688478,28.487296,72.688451,28.487297,72.688414,28.487299,72.688388,28.487298,72.688362,28.487299,72.688337,28.487300,72.688301,28.487301,72.688271,28.487300,72.688246,28.487302,72.688218,28.487308,72.688183,28.487314,72.688149,28.487317,72.688111,28.487321,72.688035,28.487322,72.688002,28.487324,72.687971,28.487327,72.687940,28.487328,72.687893,28.487337,72.687825,28.487337,72.687791,28.487339,72.687753,28.487354,72.687646,28.487352,72.687427,28.487355,72.687377,28.487362,72.687329,28.487358,72.687300,28.487385,72.687181,28.487377,72.686967,28.487382,72.686906,28.487384,72.686855,28.487387,72.686818,28.487420,72.686665,28.487423,72.686606,28.487437,72.686434",images/blockplantation/b82d1b25-d53e-4310-baaf-328356a3cb7f.jpg,400,Neem: 400,FALSE,2024-09-05 16:13:14.715958+05:30,2024-09-05 16:13:14.715976+05:30,1,75696,28.4874315,72.6861451,13,12,4,0,0,0
48273,"28.725463,75.301773,28.725446,75.301810,28.725426,75.301873,28.725388,75.301943,28.725368,75.301964",images/blockplantation/f0ec252f-9874-4999-a891-765130cdc218.jpg,600,"Ardu: 100, Ber: 50, Jamun: 50, Khejri: 50, Neem: 100, Siris: 100, Seesam: 150",FALSE,2024-09-05 16:24:00.78589+05:30,2024-09-05 16:24:00.785908+05:30,1,56014,28.7254517,75.301765,13,10,3.5,810203,102,810203300
48274,"27.034633,72.017632,27.032623,72.019080,27.034526,72.016933,27.034412,72.017152",images/blockplantation/e52fb332-dbc1-4368-a87c-c54e8b5ecb4c.jpg,100,"Seesam: 50, Neem: 50",FALSE,2024-09-05 18:01:09.508313+05:30,2024-09-05 18:01:09.508335+05:30,1,6700,27.0338983,72.0185033,2,2,1,811403,114,811403360
48275,"27.035442,71.991286,27.035212,71.991305,27.034985,71.992776,27.035468,71.992908",images/blockplantation/37d06b9c-e3ca-492a-bc37-aafb0cfecce0.jpg,150,"Seesam: 50, Neem: 50, Palash: 50",FALSE,2024-09-05 18:29:04.901348+05:30,2024-09-05 18:29:04.901368+05:30,1,6700,27.0350717,71.991465,6,2,1.5,811403,114,811403360
48276,"27.528587,77.250917,27.528578,77.250895,27.528619,77.250921,27.528615,77.250906",images/blockplantation/1056625b-0ab5-489e-a699-4d0a9b00257a.jpg,100,"Aak: 10, Babool: 25, Bahera: 4, Dhak: 40, Kikar: 20, Lemon: 1",FALSE,2024-09-05 21:02:45.486666+05:30,2024-09-05 21:02:45.48669+05:30,2,77400,27.5285923,77.2509301,2,12,1,810502,105,810502200
48277,"27.491715,77.176787,27.491692,77.176760,27.491692,77.176760,27.491701,77.176782,27.491722,77.176846",images/blockplantation/dfa66ddc-6449-402e-a12f-7e0c6227cda3.jpg,100,"Amrood: 5, Bael: 10, Amla: 5, Jamun: 5, Karanj: 3, Mosambi: 4, Neem: 5, Seesam: 6, Peepal: 2, Aak: 25, Babool: 15, Ber: 10, Imli: 5",FALSE,2024-09-06 06:54:40.105124+05:30,2024-09-06 06:54:40.105146+05:30,2,77424,27.4916452,77.1768129,2,4,0.5,810506,105,810506380
48278,"27.496127,77.388814,27.496127,77.388814,27.496114,77.388807,27.496112,77.388820,27.496090,77.388870,27.496084,77.388880,27.496078,77.388892,27.496070,77.388918,27.496061,77.388937,27.496055,77.388952,27.496051,77.388963,27.496164,77.388766,27.496178,77.388738,27.496197,77.388701,27.496200,77.388697,27.496203,77.388691,27.496247,77.388646,27.496247,77.388648,27.496246,77.388648,27.496243,77.388645,27.496253,77.388634,27.496254,77.388634,27.496254,77.388636,27.496259,77.388644,27.496264,77.388651,27.496281,77.388677,27.496290,77.388693,27.496293,77.388709,27.496299,77.388719,27.496355,77.388749,27.496372,77.388763,27.496385,77.388772,27.496404,77.388786,27.496416,77.388797,27.496423,77.388817,27.496424,77.388824,27.496435,77.388841,27.496450,77.388847,27.496460,77.388852,27.496489,77.388864,27.496501,77.388870,27.496519,77.388878,27.496532,77.388886,27.496544,77.388893,27.496559,77.388901,27.496569,77.388907,27.496585,77.388912,27.496595,77.388916,27.496607,77.388923,27.496620,77.388931,27.496630,77.388938,27.496641,77.388940,27.496651,77.388939,27.496664,77.388938,27.496668,77.388943,27.496673,77.388951,27.496681,77.388959,27.496687,77.388965,27.496693,77.388968,27.496700,77.388972,27.496709,77.388974,27.496715,77.388976,27.496721,77.388973,27.496726,77.388968,27.496731,77.388966,27.496741,77.388967,27.496751,77.388971,27.496769,77.388980,27.496785,77.388994,27.496798,77.389006,27.496810,77.389020,27.496822,77.389032,27.496837,77.389045,27.496852,77.389057,27.496861,77.389066,27.496871,77.389073,27.496894,77.389079,27.496887,77.389078,27.496884,77.389074,27.496876,77.389069,27.496845,77.389044,27.496831,77.389035,27.496806,77.389021,27.496794,77.389019,27.496785,77.389010,27.496773,77.389005,27.496754,77.388994,27.496686,77.388962,27.496659,77.388943,27.496638,77.388936,27.496592,77.388919,27.496581,77.388912,27.496568,77.388905,27.496551,77.388898,27.496539,77.388890,27.496526,77.388878,27.496504,77.388862,27.496488,77.388855,27.496463,77.388840,27.496450,77.388828,27.496420,77.388812,27.496417,77.388806,27.496414,77.388795,27.496402,77.388782,27.496393,77.388775,27.496381,77.388768,27.496366,77.388748,27.496352,77.388725,27.496334,77.388708,27.496315,77.388683,27.496294,77.388664,27.496279,77.388654,27.496270,77.388647",images/blockplantation/5c7b43a8-dcdb-44cb-ab14-0c04b8b79142.jpg,350,"Banyan: 20, Gular: 10, Jamun: 50, Kadam: 40, Karanj: 110, Neem: 80, Peepal: 10, Seesam: 10, Siris: 10, Tendu: 10",FALSE,2024-09-06 07:43:27.347297+05:30,2024-09-06 07:43:27.347318+05:30,1,25033,27.4963087,77.3885975,2,7,2,810502,105,810502140
48279,"28.827866, 74.307275,28.828282, 74.308062,28.827780, 74.308327,28.827537, 74.307886",images/blockplantation/af29cffe-45b7-44a6-a7a8-49f6f539fcf9.jpg,90,Neem,FALSE,2024-09-06 07:51:02.813823+05:30,2024-09-06 07:51:02.813843+05:30,1,77067,28.8278752,74.3071657,2,12,2,810005,100,810005200
48280,"27.186556,77.455530,27.186562,77.455524,27.186505,77.455540,27.186505,77.455540,27.186505,77.455540,27.186505,77.455540,27.186505,77.455540,27.186505,77.455540,27.186485,77.455588,27.186479,77.455590,27.186479,77.455590,27.186474,77.455584,27.186468,77.455579,27.186468,77.455579,27.186464,77.455568,27.186467,77.455561,27.186477,77.455559,27.186477,77.455559,27.186480,77.455554,27.186484,77.455550,27.186488,77.455543,27.186488,77.455543,27.186492,77.455530,27.186492,77.455530,27.186498,77.455515,27.186503,77.455503,27.186503,77.455503,27.186508,77.455489,27.186508,77.455489,27.186516,77.455479,27.186522,77.455467,27.186528,77.455459,27.186535,77.455449,27.186535,77.455449,27.186540,77.455439,27.186547,77.455430,27.186547,77.455430,27.186555,77.455422,27.186562,77.455414,27.186562,77.455414,27.186567,77.455405,27.186570,77.455395,27.186570,77.455395,27.186580,77.455380,27.186580,77.455380,27.186588,77.455374,27.186595,77.455368,27.186596,77.455360,27.186594,77.455354,27.186596,77.455347,27.186596,77.455347,27.186597,77.455338,27.186603,77.455334,27.186603,77.455334,27.186607,77.455336,27.186611,77.455339,27.186611,77.455339,27.186608,77.455346,27.186602,77.455356,27.186598,77.455366,27.186597,77.455374,27.186595,77.455384,27.186593,77.455396,27.186588,77.455406,27.186583,77.455413,27.186578,77.455423,27.186572,77.455431,27.186572,77.455431,27.186567,77.455440,27.186567,77.455440,27.186559,77.455448,27.186552,77.455456,27.186545,77.455463,27.186537,77.455470,27.186529,77.455477,27.186522,77.455483,27.186514,77.455490,27.186508,77.455495,27.186503,77.455502,27.186500,77.455510,27.186495,77.455517,27.186495,77.455517,27.186485,77.455520,27.186479,77.455525,27.186479,77.455525",images/blockplantation/68719102-97cc-46e9-b871-be60279ee95b.jpg,100,Babool: 100,FALSE,2024-09-06 07:54:00.94231+05:30,2024-09-06 07:54:00.942333+05:30,1,77402,27.186484,77.4556329,2,4,0.5,810509,105,810509180
48281,"27.121732,77.156643,27.121732,77.156643,27.121732,77.156643,27.121791,77.156622",images/blockplantation/f4308139-aaa8-43dc-8821-1afb3eab88e5.jpg,100,"Amla: 10, Amrood: 10, Babool: 10, Dhak: 10, Jamun: 10, Karanj: 20, Kikar: 10, Peepal: 10, Neem: 10",FALSE,2024-09-06 07:57:58.45767+05:30,2024-09-06 07:57:58.45769+05:30,1,77423,27.1217588,77.1566048,2,7,100,810510,105,810510350
48282,"27.496245,77.388671,27.496245,77.388671,27.496245,77.388670,27.496244,77.388669,27.496242,77.388666,27.496242,77.388666,27.496237,77.388665,27.496230,77.388664,27.496217,77.388660,27.496201,77.388655,27.496173,77.388709,27.496157,77.388748,27.496152,77.388761,27.496143,77.388777,27.496132,77.388791,27.496102,77.388813,27.496098,77.388815,27.496093,77.388818,27.496091,77.388827,27.496083,77.388832,27.496073,77.388841,27.496067,77.388853,27.496064,77.388865,27.496056,77.388882,27.496051,77.388888,27.496047,77.388895,27.496040,77.388908,27.496037,77.388915,27.496032,77.388926,27.496039,77.388942,27.496047,77.388946,27.496056,77.388947,27.496064,77.388945,27.496072,77.388939,27.496091,77.388928,27.496104,77.388929,27.496107,77.388930,27.496118,77.388935,27.496123,77.388945,27.496123,77.388946,27.496122,77.388952,27.496121,77.388959,27.496120,77.388961,27.496117,77.388968,27.496114,77.388977,27.496112,77.388981,27.496110,77.388986,27.496110,77.388992,27.496113,77.389007,27.496118,77.389019,27.496121,77.389029,27.496122,77.389037,27.496124,77.389045,27.496128,77.389053,27.496128,77.389054,27.496132,77.389060,27.496140,77.389071,27.496136,77.389078,27.496135,77.389080,27.496137,77.389085,27.496138,77.389090,27.496142,77.389099,27.496152,77.389112,27.496157,77.389118,27.496165,77.389124,27.496178,77.389135,27.496186,77.389142,27.496197,77.389152,27.496221,77.389167,27.496225,77.389172,27.496229,77.389177,27.496237,77.389185,27.496244,77.389191,27.496259,77.389203,27.496270,77.389213,27.496279,77.389227,27.496283,77.389247,27.496289,77.389255,27.496297,77.389259,27.496324,77.389260,27.496330,77.389268,27.496334,77.389274,27.496351,77.389284,27.496361,77.389286,27.496363,77.389285,27.496363,77.389286,27.496367,77.389287,27.496368,77.389289,27.496370,77.389295,27.496374,77.389301,27.496378,77.389305,27.496385,77.389310,27.496406,77.389308,27.496409,77.389306,27.496413,77.389308,27.496420,77.389317,27.496423,77.389323,27.496437,77.389351,27.496447,77.389368,27.496451,77.389373,27.496455,77.389379,27.496464,77.389396,27.496463,77.389403,27.496467,77.389411,27.496476,77.389417,27.496492,77.389426,27.496514,77.389442,27.496520,77.389448,27.496534,77.389464,27.496550,77.389480,27.496557,77.389487,27.496569,77.389497,27.496579,77.389509,27.496583,77.389515,27.496593,77.389526,27.496604,77.389537,27.496614,77.389545,27.496627,77.389555,27.496638,77.389568,27.496652,77.389592,27.496659,77.389604,27.496666,77.389622,27.496688,77.389664,27.496696,77.389679,27.496704,77.389692,27.496714,77.389708,27.496717,77.389722,27.496717,77.389733,27.496725,77.389749,27.496747,77.389769,27.496750,77.389784,27.496753,77.389793,27.496762,77.389815,27.496770,77.389830,27.496777,77.389846,27.496789,77.389870,27.496795,77.389884,27.496798,77.389897,27.496793,77.389914,27.496790,77.389926,27.496791,77.389934,27.496796,77.389945,27.496800,77.389951,27.496806,77.389965,27.496810,77.389973,27.496817,77.389981,27.496831,77.389984,27.496841,77.389974,27.496851,77.389959,27.496858,77.389947,27.496867,77.389931,27.496874,77.389917,27.496882,77.389902,27.496891,77.389886,27.496901,77.389873,27.496916,77.389864,27.496937,77.389850,27.496950,77.389838,27.496961,77.389830,27.496967,77.389821,27.496979,77.389810,27.496990,77.389801,27.497000,77.389788,27.497014,77.389759,27.497023,77.389736,27.497034,77.389729,27.497047,77.389723,27.497061,77.389716,27.497074,77.389704,27.497095,77.389670,27.497095,77.389658,27.497107,77.389645,27.497123,77.389640,27.497132,77.389632,27.497153,77.389612,27.497168,77.389595,27.497179,77.389581,27.497184,77.389576,27.497191,77.389569,27.497200,77.389563,27.497210,77.389556,27.497224,77.389545,27.497234,77.389537,27.497244,77.389528,27.497253,77.389519,27.497273,77.389502,27.497306,77.389471,27.497319,77.389455,27.497331,77.389443,27.497337,77.389435,27.497339,77.389419,27.497322,77.389407,27.497315,77.389402,27.497307,77.389395,27.497302,77.389391,27.497288,77.389380,27.497279,77.389362,27.497267,77.389352,27.497257,77.389353,27.497223,77.389318,27.497218,77.389309,27.497217,77.389305,27.497211,77.389297,27.497206,77.389291,27.497197,77.389282,27.497193,77.389277,27.497191,77.389267,27.497183,77.389263,27.497181,77.389262,27.497176,77.389253,27.497165,77.389239,27.497143,77.389223,27.497125,77.389212,27.497112,77.389199,27.497104,77.389188,27.497081,77.389166,27.497071,77.389157,27.497053,77.389142,27.497030,77.389125,27.497017,77.389121,27.496984,77.389105,27.496972,77.389097,27.496958,77.389087,27.496949,77.389078,27.496939,77.389062,27.496925,77.389052,27.496918,77.389048,27.496900,77.389037,27.496890,77.389031,27.496874,77.389021,27.496853,77.389014,27.496836,77.389009,27.496822,77.389009,27.496801,77.389021,27.496782,77.389028,27.496763,77.389017,27.496752,77.389009,27.496729,77.389001,27.496715,77.388996,27.496700,77.388983,27.496676,77.388970,27.496658,77.388961,27.496644,77.388954,27.496619,77.388936,27.496599,77.388920,27.496582,77.388911,27.496562,77.388896,27.496543,77.388875,27.496521,77.388858,27.496488,77.388848,27.496466,77.388847,27.496447,77.388844,27.496429,77.388837,27.496403,77.388818,27.496395,77.388791,27.496389,77.388768,27.496371,77.388755,27.496354,77.388744,27.496337,77.388731,27.496318,77.388715,27.496303,77.388701,27.496289,77.388685,27.496274,77.388673,27.496259,77.388662,27.496244,77.388653",images/blockplantation/317d14d0-0c7b-4bc1-ad08-e2b04a675f45.jpg,1180,"Karanj: 80, Neem: 20, Seesam: 50, Peepal: 10, Tendu: 10, Safed Kikar: 20, Amla: 10, Amrood: 50, Babool: 50, Banyan: 20, Bargad: 20, Google: 20, Kadamb: 20, Khejri: 450, Kikar: 350",FALSE,2024-09-06 07:58:09.785836+05:30,2024-09-06 07:58:09.785856+05:30,1,25033,27.4962311,77.3886612,2,7,2,810502,105,810502140
48283,"27.186527,77.455583,27.186456,77.455591,27.186456,77.455589,27.186452,77.455584,27.186446,77.455574,27.186442,77.455566,27.186438,77.455560,27.186438,77.455560,27.186436,77.455554,27.186433,77.455549,27.186430,77.455545,27.186428,77.455542,27.186425,77.455539,27.186418,77.455538,27.186417,77.455538,27.186417,77.455538,27.186417,77.455538,27.186417,77.455538,27.186417,77.455538,27.186417,77.455538,27.186417,77.455538,27.186417,77.455538,27.186417,77.455538,27.186417,77.455538,27.186417,77.455538,27.186417,77.455538,27.186417,77.455538,27.186417,77.455538,27.186417,77.455538,27.186417,77.455538,27.186417,77.455538,27.186417,77.455538,27.186417,77.455538,27.186417,77.455538,27.186417,77.455538,27.186417,77.455538,27.186417,77.455538,27.186417,77.455538,27.186417,77.455538,27.186417,77.455538,27.186417,77.455538,27.186417,77.455538,27.186417,77.455538,27.186417,77.455538,27.186417,77.455538,27.186417,77.455538,27.186417,77.455538,27.186417,77.455538,27.186417,77.455538,27.186417,77.455538,27.186417,77.455538,27.186417,77.455538,27.186417,77.455538,27.186417,77.455538,27.186417,77.455538,27.186417,77.455538,27.186417,77.455538,27.186417,77.455538,27.186417,77.455538,27.186417,77.455538,27.186417,77.455538,27.186417,77.455538,27.186417,77.455538,27.186417,77.455538,27.186417,77.455538,27.186417,77.455538,27.186417,77.455538,27.186417,77.455538,27.186417,77.455538,27.186417,77.455538,27.186417,77.455538,27.186417,77.455538,27.186417,77.455538,27.186417,77.455538,27.186417,77.455538,27.186417,77.455538,27.186417,77.455538,27.186417,77.455538,27.186417,77.455538,27.186417,77.455538,27.186417,77.455538,27.186417,77.455538,27.186417,77.455538,27.186417,77.455538,27.186417,77.455538,27.186417,77.455538,27.186417,77.455538,27.186417,77.455538,27.186417,77.455538,27.186417,77.455538,27.186417,77.455538,27.186417,77.455538,27.186417,77.455538,27.186417,77.455538,27.186417,77.455538,27.186417,77.455538,27.186417,77.455538,27.186417,77.455538,27.186417,77.455538,27.186417,77.455538",images/blockplantation/f2c6def4-decb-4ed1-bcea-e67cb9f4f465.jpg,100,"Babool: 50, Karanj: 50",FALSE,2024-09-06 07:58:16.69788+05:30,2024-09-06 07:58:16.697901+05:30,1,77392,27.1864217,77.4556033,2,4,1,810509,105,810509180
48284,"27.121745,77.156550,27.121742,77.156545,27.121742,77.156542,27.121743,77.156542,27.121743,77.156540",images/blockplantation/b6af5f40-aa65-429a-875a-0a188795f3f5.jpg,100,"Babool: 20, Ber: 15, Jamun: 15, Kikar: 10, Neem: 20, Peepal: 20",FALSE,2024-09-06 08:01:59.801443+05:30,2024-09-06 08:01:59.801466+05:30,1,77419,27.1217519,77.1563816,2,5,50,810510,105,810510350
48285,"27.121719,77.156629,27.121719,77.156629,27.121719,77.156629,27.121719,77.156628",images/blockplantation/39ee6315-cf43-429f-a0e7-c12f953869ab.jpg,100,"Amla: 10, Bael: 10, Bahera: 10, Ber: 10, Jamun: 10, Karanj: 10, Imli: 10, Dhak: 10, Amrood: 10, Babool: 10",FALSE,2024-09-06 08:02:07.361136+05:30,2024-09-06 08:02:07.361158+05:30,1,77418,27.1217114,77.1566215,2,7,50,810510,105,810510350
48286,"27.241359,77.629458,27.241362,77.629471,27.241302,77.629522,27.241260,77.629506,27.241240,77.629495,27.241195,77.629492,27.241209,77.629418,27.241224,77.629395,27.241255,77.629397,27.241381,77.629328,27.241447,77.629315",images/blockplantation/3ab9072b-a1f3-4978-bab6-45eb8c13e0f1.jpg,250,"Seesam: 50, Arjun: 20, Peepal: 10, Imli: 50, Karanj: 50, Neem: 50, Jamun: 2, Kadamb: 5, Mango: 2, Kikar: 11",FALSE,2024-09-06 08:46:30.503358+05:30,2024-09-06 08:46:30.503378+05:30,1,77407,27.2415255,77.6293482,2,7,1,810509,105,810509280
48287,"27.547899,77.235335,27.547909,77.235344,27.547910,77.235339,27.547910,77.235339,27.547896,77.235333",images/blockplantation/e41358e2-45c4-407b-bbda-0fc81a6eab31.jpg,200,"Aak: 75, Babool: 25, Dhak: 28, Ber: 38, Dhonk: 34",FALSE,2024-09-06 08:57:08.057643+05:30,2024-09-06 08:57:08.057663+05:30,2,77400,27.5441652,77.2277618,2,1,0.5,810502,105,810502290
48288,"27.499235,77.188948,27.499364,77.188986,27.499304,77.189179,27.499144,77.189077",images/blockplantation/80c394a8-400b-407a-b92a-b2229fc97243.jpg,100,"Arjun: 20, Babool: 20, Bael: 20, Neem: 20, Ber: 20",FALSE,2024-09-06 09:03:17.830961+05:30,2024-09-06 09:03:17.830982+05:30,1,40128,27.4992117,77.188945,11,4,1,810502,105,810502360
48289,"27.498922,77.189175,27.498632,77.189701,27.499077,77.189947,27.499060,77.189780,27.499085,77.189708",images/blockplantation/63ef93c8-ee55-490c-9f11-ee89f5e4f99a.jpg,200,"Neem: 50, Babool: 100, Orange: 50",FALSE,2024-09-06 09:13:14.701438+05:30,2024-09-06 09:13:14.70146+05:30,1,40128,27.4991417,77.1897067,11,4,3,810502,105,810502360
48290,"27.499347,77.188677,27.499823,77.188190,27.500225,77.188048,27.500410,77.188523,27.500393,77.188544",images/blockplantation/ba280803-a967-46c3-b625-ae1dccd69916.jpg,200,"Babool: 100, Neem: 100",FALSE,2024-09-06 09:22:06.840199+05:30,2024-09-06 09:22:06.840219+05:30,1,40128,27.5003733,77.1885367,11,5,4,810502,105,810502360
48291,"27.498447,77.189923,27.498234,77.190330,27.498059,77.190205,27.498376,77.189859",images/blockplantation/f8e71ef1-3389-49ce-aa45-896efe99f579.jpg,200,"Neem: 20, Kikar: 20, Siris: 50, Ber: 50, Bael: 10, Karanj: 20, Jamun: 10, Babool: 20",FALSE,2024-09-06 09:36:33.726772+05:30,2024-09-06 09:36:33.726792+05:30,1,40128,27.4983133,77.1898133,11,7,3,810502,105,810502360
48292,"27.445464,77.254221,27.445442,77.254143,27.445390,77.254125,27.445404,77.254140",images/blockplantation/9adfe073-842f-4dd9-b377-06e9a8d05631.jpg,100,"Banyan: 10, Jamun: 10, Neem: 10, Peepal: 10, Amrood: 20, Lemon: 10, Siris: 20, Mango: 10",FALSE,2024-09-06 09:41:57.488637+05:30,2024-09-06 09:41:57.488658+05:30,1,48024,27.445464,77.2542206,2,2,0.3,810502,105,810502270
48293,"27.445512,77.254201,27.445511,77.254198,27.445468,77.254168,27.445447,77.254154",images/blockplantation/15200f45-b106-47e8-ad74-f82af43e70c0.jpg,200,"Amla: 25, Amrood: 20, Arjun: 20, Banyan: 20, Google: 15, Jamun: 20, Kadam: 10, Lemon: 20, Moringa: 20, Peepal: 10, Neem: 20",FALSE,2024-09-06 09:48:40.083399+05:30,2024-09-06 09:48:40.083418+05:30,1,48024,27.4455605,77.2541864,2,2,0.2,810502,105,810502270
48294,"27.498024,77.190275,27.497698,77.189995,27.497982,77.189603,27.498350,77.189607",images/blockplantation/3d202108-3bfb-4107-8f25-81279dcab730.jpg,200,"Neem: 50, Babool: 50, Siris: 100",FALSE,2024-09-06 09:50:01.645307+05:30,2024-09-06 09:50:01.645328+05:30,1,40128,27.4979493,77.1903807,11,4,2,810502,105,810502360
48295,"28.408094,73.589714,28.408077,73.589708,28.408069,73.589698,28.408058,73.589679,28.408016,73.589641,28.407995,73.589598,28.407985,73.589576,28.407993,73.589558,28.407989,73.589595,28.408014,73.589648,28.408022,73.589706,28.408014,73.589755,28.408005,73.589772,28.408005,73.589781,28.408038,73.589788,28.408044,73.589784,28.408044,73.589800,28.408034,73.589822,28.408025,73.589855,28.408066,73.589871,28.408079,73.589880,28.408070,73.589923,28.408054,73.589947,28.408062,73.589978,28.408084,73.589997,28.408107,73.590000,28.408109,73.589982,28.408077,73.590049,28.408080,73.590063,28.408107,73.590062,28.408099,73.590015,28.408092,73.589901,28.408114,73.589909,28.408135,73.589910,28.408157,73.589905,28.408186,73.589861,28.408202,73.589847,28.408237,73.589840,28.408259,73.589835,28.408276,73.589826,28.408299,73.589815,28.408317,73.589815,28.408340,73.589796,28.408348,73.589719,28.408348,73.589695,28.408341,73.589660,28.408331,73.589627,28.408451,73.589344,28.408480,73.589316,28.408514,73.589297,28.408544,73.589280,28.408587,73.589264,28.408609,73.589237,28.408651,73.589223,28.408661,73.589218,28.408684,73.589189,28.408697,73.589169,28.408702,73.589159,28.408709,73.589135,28.408715,73.589054,28.408689,73.589001,28.408630,73.588971,28.408601,73.588953,28.408589,73.588900,28.408513,73.588835,28.408488,73.588817,28.408409,73.588778,28.408378,73.588784,28.408340,73.588844,28.408281,73.588874,28.408238,73.588880,28.408221,73.588888,28.408185,73.588901,28.408168,73.588908,28.408112,73.588916,28.408087,73.588927,28.408044,73.588927,28.408009,73.588942,28.407927,73.588973,28.407932,73.589044,28.407940,73.589094,28.407936,73.589206,28.407954,73.589218,28.407971,73.589269,28.407989,73.589304,28.408011,73.589343,28.408005,73.589398,28.408020,73.589416,28.408049,73.589438,28.408086,73.589448,28.408110,73.589457,28.408130,73.589462,28.408165,73.589456,28.408184,73.589443,28.408209,73.589426,28.408237,73.589412,28.408267,73.589393,28.408292,73.589392,28.408317,73.589406,28.408371,73.589390,28.408474,73.589327",images/blockplantation/28177bef-93be-49dd-8742-c348c149f6cb.jpg,100,Karanj: 100,FALSE,2024-09-06 09:52:54.86948+05:30,2024-09-06 09:52:54.869499+05:30,2,61446,28.4082692,73.5896383,2,2,0.25,810105,101,810105110
48296,"25.151569,75.879742,25.151589,75.879790,25.151712,75.879763,25.151734,75.879795",images/blockplantation/07e3c558-c564-42e5-91e6-39f4276c4c8d.jpg,150,Karanj: 150,FALSE,2024-09-06 09:55:10.38707+05:30,2024-09-06 09:55:10.387091+05:30,2,77229,25.1515628,75.8797425,30,5,2,812703,127,812703261
48297,"27.557785,77.243657,27.557785,77.243657,27.557785,77.243657,27.557785,77.243657,27.557785,77.243657,27.557785,77.243657,27.557785,77.243657,27.557785,77.243657,27.557785,77.243657,27.557785,77.243657,27.557785,77.243657,27.557785,77.243657,27.557785,77.243657,27.557785,77.243657,27.557785,77.243657,27.557785,77.243657,27.557753,77.243647",images/blockplantation/f2966347-1398-405f-a1f4-ef7db2e2a154.jpg,600,Others: 600,FALSE,2024-09-06 10:00:23.342391+05:30,2024-09-06 10:00:23.342419+05:30,1,77389,27.558001,77.2436436,2,7,1.2,0,0,0
48298,"25.144050,75.882919,25.144035,75.882861,25.144009,75.882815,25.144097,75.882928",images/blockplantation/565ef4a2-c09c-45bc-941f-e71a51a84b1e.jpg,100,Karanj: 100,FALSE,2024-09-06 10:06:49.439886+05:30,2024-09-06 10:06:49.439904+05:30,1,77229,25.1440434,75.8829198,30,11,2,812703,127,812703261
48299,"27.445684,77.254088,27.445684,77.254088,27.445684,77.254088,27.445685,77.254088",images/blockplantation/e915478a-100f-4c89-8225-c9bd09e75545.jpg,150,"Bael: 30, Bargad: 20, Kadam: 20, Neem: 30, Palash: 20, Seesam: 30",FALSE,2024-09-06 10:08:54.046611+05:30,2024-09-06 10:08:54.046638+05:30,1,68193,27.4456195,77.2541338,2,7,80,810502,105,810502270
48300,"25.146388,75.884888,25.146357,75.884914,25.146385,75.884870,25.146388,75.884866",images/blockplantation/bd2eef92-4d12-4136-a3f2-4fc14f1307e3.jpg,100,Karanj: 100,FALSE,2024-09-06 10:14:19.492619+05:30,2024-09-06 10:14:19.492648+05:30,2,77229,25.1463886,75.884888,30,11,1,812703,127,812703261
48301,"27.019032,71.689373,27.018839,71.689326,27.018867,71.689135,27.019071,71.689210,27.019060,71.689212",images/blockplantation/771a8ab5-7b5f-4e8a-b9cd-48bda992ef1d.jpg,200,"Neem: 100, Others: 100",FALSE,2024-09-06 10:17:02.516736+05:30,2024-09-06 10:17:02.516756+05:30,1,7907,27.0190619,71.6892004,13,3,1.5,811403,114,811403190
48302,"27.019149,71.688658,27.019108,71.688380,27.018975,71.688308,27.018926,71.688494",images/blockplantation/8c362dd5-ea7b-435e-80d8-7c17769d04a6.jpg,200,Neem: 200,FALSE,2024-09-06 10:22:10.519174+05:30,2024-09-06 10:22:10.519199+05:30,2,7907,27.0191433,71.68864,13,3,2,811403,114,811403190
48303,"27.018850,71.688360,27.018814,71.688632,27.018724,71.688559,27.018673,71.688396",images/blockplantation/ba1d2d10-ce83-4dad-a050-a6646131eebb.jpg,200,Neem: 200,FALSE,2024-09-06 10:27:46.113072+05:30,2024-09-06 10:27:46.11309+05:30,1,7907,27.0188483,71.6883876,13,3,1.5,811403,114,811403190
48304,"27.018315,71.688018,27.018262,71.688075,27.018207,71.688441,27.018221,71.688484",images/blockplantation/1cb76530-3b3e-4f47-9e68-55f1a244b661.jpg,200,"Khejri: 100, Neem: 100",FALSE,2024-09-06 10:31:07.903963+05:30,2024-09-06 10:31:07.903982+05:30,2,7907,27.0182949,71.6880505,13,3,2,811403,114,811403190
48305,"27.497678,77.195920,27.497680,77.195920,27.497698,77.195925,27.496820,77.199910,27.496807,77.199880",images/blockplantation/31f1a328-255d-4d89-a19a-718ca14f5839.jpg,300,"Neem: 100, Babool: 100, Karanj: 100",FALSE,2024-09-06 10:32:25.14526+05:30,2024-09-06 10:32:25.145279+05:30,1,40128,27.4978617,77.1960233,2,9,4,810502,105,810502360
48306,"27.018257,71.688483,27.018168,71.688486,27.018116,71.688806,27.018225,71.688829",images/blockplantation/676ec70a-b168-407d-8944-ba5a7b33c213.jpg,200,"Khejri: 100, Neem: 100",FALSE,2024-09-06 10:33:43.156535+05:30,2024-09-06 10:33:43.156551+05:30,2,7907,27.018224,71.6888587,13,3,1.5,811403,114,811403190
48307,"27.018222,71.688928,27.018114,71.688970,27.018072,71.689201,27.018122,71.689220",images/blockplantation/67940b66-5d53-44f2-9b8b-014b2ae12fcd.jpg,200,Khejri: 200,FALSE,2024-09-06 10:36:13.479923+05:30,2024-09-06 10:36:13.479946+05:30,1,7907,27.0182187,71.6890189,13,3,1.2,811403,114,811403190
48308,"27.555705,77.242975,27.555093,77.242857,27.554965,77.242652,27.554892,77.242495,27.554821,77.242351,27.554815,77.242303,27.554580,77.241818,27.554506,77.241771,27.554205,77.241542,27.554095,77.241455,27.553956,77.241336,27.553873,77.241253,27.553739,77.241127,27.553651,77.241051,27.553568,77.240981,27.553444,77.240875,27.553338,77.240791,27.553308,77.240760,27.553276,77.240732,27.553242,77.240702,27.553209,77.240668,27.553171,77.240636,27.553131,77.240604,27.553052,77.240540,27.553015,77.240508,27.552976,77.240478,27.552938,77.240447,27.552899,77.240416,27.552859,77.240382,27.552819,77.240346,27.552738,77.240269,27.552658,77.240198,27.552619,77.240161,27.552538,77.240091,27.552453,77.240023,27.551975,77.239658,27.551780,77.239514,27.551740,77.239479,27.551631,77.239371,27.551589,77.239340,27.551496,77.239286,27.551355,77.239222,27.551265,77.239172,27.551183,77.239124,27.551068,77.239053,27.550946,77.238977,27.550853,77.238929,27.550767,77.238904,27.550720,77.238899,27.550399,77.238792,27.550307,77.238698,27.550148,77.238552,27.550079,77.238491,27.550021,77.238419,27.549914,77.238324,27.549836,77.238249,27.549764,77.238172,27.549686,77.238100,27.549616,77.238028,27.549524,77.237923,27.549460,77.237847,27.549366,77.237716,27.549330,77.237678,27.549286,77.237636,27.549157,77.236993,27.549221,77.236895,27.549305,77.236822,27.549394,77.236742,27.549487,77.236647,27.549532,77.236599,27.549578,77.236545,27.549670,77.236446,27.549772,77.236347,27.549872,77.236242,27.549920,77.236188,27.550015,77.236077,27.550062,77.236022,27.550158,77.235916,27.550203,77.235860,27.550248,77.235805,27.550522,77.235515,27.550649,77.235385,27.550692,77.235339,27.550778,77.235238,27.550822,77.235187,27.550953,77.235040,27.551094,77.234907,27.551138,77.234789,27.551101,77.234713,27.551072,77.234680,27.551000,77.234608,27.550924,77.234527,27.550882,77.234482,27.550802,77.234382,27.550768,77.234332,27.550706,77.234233,27.550645,77.234139,27.550578,77.234056,27.550514,77.233981,27.550446,77.233910,27.550343,77.233806,27.550307,77.233769,27.550226,77.233697,27.550187,77.233660,27.550108,77.233585,27.550027,77.233509,27.549862,77.233372,27.549801,77.233287,27.549775,77.233245,27.549721,77.233159,27.549698,77.233115,27.549651,77.233025,27.549628,77.232979,27.549603,77.232935,27.549546,77.232847,27.549512,77.232803,27.549479,77.232757,27.549408,77.232668,27.549370,77.232627,27.549330,77.232582,27.549249,77.232503,27.549084,77.232347,27.549043,77.232308,27.548962,77.232231,27.548918,77.232195,27.548830,77.232118,27.548740,77.232045,27.548653,77.231959,27.548611,77.231915,27.548525,77.231827,27.548485,77.231782,27.548440,77.231738,27.548320,77.231600,27.548243,77.231508,27.548169,77.231408,27.548133,77.231360,27.548034,77.231204,27.547967,77.231104,27.547856,77.230966,27.547777,77.230879,27.547702,77.230791,27.547618,77.230718,27.547526,77.230656,27.547392,77.230579,27.547265,77.230501,27.547179,77.230441,27.547139,77.230413,27.547061,77.230354,27.547021,77.230321,27.546984,77.230283,27.546903,77.230196,27.546861,77.230150,27.546820,77.230101,27.546747,77.229999,27.546687,77.229898,27.546656,77.229847,27.546590,77.229745,27.546555,77.229697,27.546483,77.229607,27.546443,77.229563,27.546356,77.229469,27.546165,77.229315,27.546115,77.229283,27.545845,77.229143,27.545682,77.229076,27.545576,77.229048,27.545418,77.229022,27.542512,77.226678,27.542548,77.226770,27.542523,77.226806,27.542481,77.226825,27.542469,77.226802,27.542485,77.226800,27.542519,77.226791,27.542547,77.226790,27.542562,77.226794,27.542577,77.226798,27.542584,77.226804,27.542592,77.226819,27.542586,77.226836,27.542582,77.226841,27.542573,77.226849,27.542564,77.226855,27.542560,77.226865,27.542561,77.226876,27.542561,77.226892,27.542554,77.226909,27.542542,77.226918,27.542541,77.226919,27.542528,77.226907,27.542519,77.226892,27.542514,77.226874,27.542504,77.226853,27.542490,77.226833,27.542460,77.226819,27.542439,77.226815,27.542420,77.226812,27.542396,77.226806,27.542386,77.226800,27.542366,77.226783,27.542351,77.226769,27.542337,77.226760,27.542324,77.226754,27.542305,77.226738,27.542265,77.226709,27.542254,77.226710,27.542241,77.226715,27.542225,77.226717,27.542205,77.226719,27.542185,77.226718,27.542166,77.226721,27.542147,77.226732,27.542136,77.226747,27.542129,77.226760,27.542125,77.226789,27.542121,77.226808,27.542114,77.226829,27.542105,77.226844,27.542088,77.226853,27.542078,77.226861,27.542064,77.226866,27.542050,77.226876,27.542037,77.226886,27.542025,77.226900,27.542013,77.226913,27.542004,77.226926,27.541998,77.226935,27.541989,77.226948,27.541987,77.226966,27.542001,77.226956,27.542006,77.226942,27.542014,77.226925,27.542025,77.226915,27.542039,77.226891,27.542045,77.226867,27.542052,77.226844,27.542056,77.226834,27.542068,77.226815,27.542084,77.226791,27.542094,77.226772,27.542103,77.226761,27.542119,77.226738,27.542128,77.226730,27.542141,77.226714,27.542162,77.226709,27.542183,77.226715,27.542202,77.226718,27.542220,77.226718,27.542231,77.226716,27.542245,77.226715,27.542255,77.226717,27.542267,77.226720,27.542282,77.226724,27.542298,77.226730,27.542319,77.226742,27.542337,77.226753,27.542355,77.226758,27.542365,77.226777,27.542380,77.226794,27.542400,77.226810,27.542429,77.226818,27.542457,77.226826,27.542473,77.226839,27.542488,77.226852,27.542505,77.226867,27.542523,77.226897,27.542529,77.226919,27.542537,77.226932,27.542553,77.226940,27.542557,77.226927,27.542556,77.226920,27.542552,77.226921,27.542553,77.226920,27.542551,77.226907,27.542560,77.226891,27.542570,77.226875,27.542582,77.226863,27.542578,77.226836,27.542575,77.226826,27.542574,77.226819,27.542569,77.226810,27.542558,77.226788,27.542549,77.226774,27.542540,77.226771,27.542537,77.226765,27.542537,77.226759,27.542533,77.226760,27.542529,77.226766,27.542532,77.226777,27.542539,77.226781,27.542558,77.226783,27.542582,77.226778,27.542600,77.226770,27.542612,77.226769,27.542620,77.226765,27.542624,77.226759,27.542626,77.226755,27.542631,77.226753,27.542639,77.226748,27.542654,77.226739,27.542669,77.226746,27.542689,77.226758,27.542728,77.226776,27.542745,77.226790,27.542766,77.226785,27.542763,77.226777,27.542741,77.226774,27.542733,77.226771,27.542709,77.226772,27.542695,77.226786,27.542686,77.226798,27.542677,77.226809,27.542546,77.226819,27.542542,77.226807,27.542560,77.226833,27.542564,77.226836,27.542582,77.226835,27.542590,77.226848,27.542606,77.226870,27.542606,77.226891,27.542588,77.226929,27.542588,77.226943,27.542612,77.226973,27.542632,77.226989,27.542657,77.226999,27.542680,77.227011,27.542684,77.227008,27.542678,77.227003,27.542680,77.227004,27.542691,77.227013,27.542711,77.227028,27.542729,77.227019,27.542744,77.227031,27.542754,77.227048,27.542765,77.227066,27.542787,77.227085,27.542812,77.227094,27.542835,77.227103,27.542867,77.227119,27.542894,77.227127,27.542906,77.227137,27.542921,77.227152,27.542929,77.227165,27.542945,77.227174,27.542955,77.227182,27.542968,77.227199,27.542985,77.227212,27.543010,77.227219,27.543031,77.227224,27.543057,77.227233,27.543079,77.227246,27.543087,77.227260,27.543100,77.227284,27.543106,77.227303,27.543119,77.227310,27.543131,77.227309,27.543141,77.227325,27.543140,77.227342,27.543135,77.227351,27.543137,77.227377,27.543135,77.227404,27.543102,77.227403,27.543087,77.227415,27.543069,77.227438,27.543051,77.227459,27.543036,77.227488,27.543030,77.227514,27.543022,77.227537,27.543005,77.227557,27.542988,77.227566,27.542964,77.227568,27.542937,77.227556,27.542912,77.227563,27.542887,77.227551,27.542853,77.227559,27.542824,77.227573,27.542812,77.227586,27.542786,77.227605,27.542765,77.227611,27.542740,77.227608,27.542708,77.227601,27.542685,77.227607,27.542668,77.227623,27.542653,77.227643,27.542648,77.227650,27.542649,77.227649,27.542654,77.227643,27.542657,77.227624,27.542664,77.227592,27.542675,77.227572,27.542689,77.227536,27.542685,77.227515,27.542683,77.227488,27.542692,77.227463,27.542697,77.227439,27.542699,77.227420,27.542697,77.227403,27.542693,77.227374,27.542691,77.227346,27.542689,77.227326,27.542686,77.227308,27.542670,77.227255,27.542667,77.227240,27.542669,77.227221,27.542673,77.227206,27.542693,77.227182,27.542709,77.227149,27.542722,77.227108,27.542731,77.227071,27.542742,77.227047,27.542745,77.227039,27.542741,77.227031,27.542735,77.227028,27.542708,77.227030,27.542683,77.227035,27.542660,77.227029,27.542632,77.227024,27.542598,77.227005,27.542577,77.226969,27.542555,77.226922,27.542568,77.226879,27.542593,77.226844,27.542606,77.226831,27.542625,77.226804,27.542643,77.226826,27.542648,77.226836,27.542638,77.226815,27.542618,77.226797,27.542604,77.226792,27.542602,77.226798,27.542596,77.226817,27.542588,77.226840,27.542590,77.226854,27.542594,77.226871,27.542592,77.226885,27.542579,77.226906,27.542572,77.226926,27.542554,77.226914,27.542535,77.226898,27.542506,77.226884,27.542479,77.226879,27.542451,77.226872,27.542429,77.226856,27.542412,77.226839,27.542392,77.226815,27.542360,77.226773,27.542328,77.226749,27.542310,77.226739,27.542289,77.226727,27.542275,77.226722,27.542251,77.226713,27.542227,77.226708,27.542197,77.226706,27.542171,77.226715,27.542149,77.226733,27.542132,77.226751,27.542113,77.226772,27.542097,77.226801,27.542078,77.226839,27.542067,77.226860,27.542052,77.226889,27.542038,77.226918,27.542022,77.226949,27.542009,77.226972,27.541979,77.226982,27.541951,77.226963,27.541933,77.226936,27.541917,77.226889,27.541900,77.226871,27.541878,77.226854,27.541850,77.226848,27.541834,77.226846,27.541822,77.226835,27.541820,77.226844,27.541836,77.226857,27.541864,77.226882,27.541885,77.226897,27.541900,77.226887,27.541916,77.226890,27.541947,77.226907,27.541972,77.226914,27.541993,77.226925,27.542025,77.226919,27.542044,77.226897,27.542076,77.226874,27.542089,77.226836,27.542102,77.226806,27.542119,77.226773,27.542151,77.226767,27.542183,77.226742,27.542215,77.226732,27.542242,77.226736,27.542258,77.226737,27.542274,77.226733,27.542282,77.226736,27.542293,77.226745,27.542307,77.226751,27.542331,77.226761,27.542369,77.226788,27.542393,77.226809,27.542412,77.226825,27.542438,77.226842,27.542474,77.226863,27.542527,77.226888,27.542557,77.226902,27.542565,77.226937,27.542570,77.226948,27.542572,77.226913,27.542586,77.226882,27.542601,77.226858,27.542611,77.226856,27.542595,77.226871,27.542573,77.226882,27.542540,77.226887,27.542560,77.226918,27.542597,77.226950,27.542635,77.227008,27.542674,77.227033,27.542706,77.227027,27.542730,77.227037,27.542756,77.227049,27.542783,77.227075,27.542817,77.227104,27.542846,77.227115,27.542878,77.227127,27.542900,77.227140,27.542916,77.227158,27.542941,77.227178,27.542965,77.227206,27.542977,77.227225,27.542987,77.227236,27.543008,77.227243,27.543039,77.227233,27.543076,77.227234,27.543101,77.227245,27.543123,77.227264,27.543131,77.227277,27.543142,77.227300,27.543166,77.227326,27.543199,77.227330,27.543206,77.227348,27.543198,77.227375,27.543192,77.227422,27.543190,77.227459,27.543188,77.227489,27.543182,77.227518,27.543171,77.227558,27.543152,77.227574,27.543142,77.227591,27.543143,77.227623,27.543135,77.227652,27.543131,77.227677,27.543132,77.227673,27.543116,77.227675,27.543109,77.227624,27.543123,77.227585,27.543154,77.227535,27.543187,77.227477,27.543182,77.227420,27.543183,77.227375,27.543212,77.227384,27.543237,77.227403,27.543269,77.227426,27.543320,77.227452,27.543365,77.227471,27.543387,77.227501,27.543400,77.227511,27.543418,77.227521,27.543431,77.227533,27.543440,77.227535,27.543437,77.227534,27.543438,77.227538,27.543438,77.227538,27.543439,77.227539,27.543438,77.227539,27.543460,77.227552,27.543479,77.227576,27.543507,77.227610,27.543534,77.227634,27.543557,77.227656,27.543572,77.227671,27.543591,77.227705,27.543600,77.227754,27.543616,77.227799,27.543640,77.227826,27.543684,77.227859,27.543703,77.227879,27.543717,77.227911,27.543736,77.227934,27.543762,77.227962,27.543776,77.227979,27.543798,77.227985,27.543808,77.227985,27.543799,77.227966,27.543780,77.227929,27.543745,77.227887,27.543722,77.227873,27.543696,77.227856,27.543667,77.227819,27.543654,77.227797,27.543642,77.227777,27.543622,77.227760,27.543598,77.227737,27.543580,77.227712,27.543563,77.227690,27.543532,77.227654,27.543508,77.227618,27.543491,77.227579,27.543483,77.227541,27.543472,77.227531,27.543451,77.227521,27.543405,77.227510,27.543366,77.227480,27.543322,77.227445,27.543289,77.227430,27.543254,77.227414,27.543222,77.227394,27.543188,77.227363,27.543155,77.227330,27.543127,77.227301,27.543092,77.227271,27.543063,77.227252,27.543038,77.227238,27.543012,77.227208,27.542987,77.227175,27.542951,77.227148,27.542923,77.227145,27.542891,77.227125,27.542858,77.227112,27.542817,77.227086,27.542789,77.227056,27.542757,77.227034,27.542727,77.227016,27.542709,77.226993,27.542677,77.226995,27.542641,77.226993,27.542610,77.226985,27.542569,77.226864,27.542572,77.226847,27.542604,77.226773",images/blockplantation/eb4845b9-bee5-41dd-9068-dd8f8539ad6e.jpg,580,Others: 580,FALSE,2024-09-06 10:36:54.194083+05:30,2024-09-06 10:36:54.1941+05:30,1,77395,27.556071,77.2429304,2,9,1,0,0,0
48309,"27.017852,71.689263,27.017836,71.689479,27.018002,71.689526,27.018122,71.689319",images/blockplantation/c7e710e4-545a-4d0d-a0bf-9bd360bfeed9.jpg,200,"Khejri: 50, Siris: 50, Neem: 50, Ber: 50",FALSE,2024-09-06 10:41:24.45102+05:30,2024-09-06 10:41:24.451042+05:30,2,7907,27.0178347,71.6891793,13,3,1.5,811403,114,811403190
48310,"27.018300,71.689287,27.018420,71.689343,27.018513,71.689343,27.018611,71.689365",images/blockplantation/3ed3b226-056f-4e00-ae2d-38bf2117bf23.jpg,100,"Ber: 50, Khejri: 50",FALSE,2024-09-06 10:51:29.848884+05:30,2024-09-06 10:51:29.848918+05:30,2,7907,27.0182967,71.6892862,13,3,1,811403,114,811403190
48311,"27.018993,71.689485,27.019027,71.689563,27.018992,71.689713,27.018933,71.689878",images/blockplantation/a1939329-c6ff-4b6f-8d36-a5305ac7b43c.jpg,100,Khejri: 100,FALSE,2024-09-06 10:53:49.056864+05:30,2024-09-06 10:53:49.056894+05:30,1,7907,27.0189061,71.6898787,13,3,1,811403,114,811403190
48312,"27.557773,77.243655,27.557790,77.243635,27.557793,77.243670,27.557789,77.243842,27.557772,77.243829,27.557769,77.243806,27.557767,77.243799,27.557769,77.243782,27.557770,77.243766,27.557761,77.243735,27.557755,77.243736,27.557750,77.243760,27.557744,77.243772,27.557730,77.243783,27.557716,77.243792,27.557716,77.243808,27.557725,77.243826,27.557736,77.243862,27.557728,77.243862,27.557737,77.243852,27.557739,77.243848,27.557760,77.243838,27.557769,77.243848,27.557792,77.243750,27.558090,77.243322,27.558170,77.242709,27.558227,77.242510,27.558300,77.242447,27.558341,77.242211,27.558437,77.242114,27.558505,77.242096,27.558578,77.242086,27.558604,77.242085,27.558632,77.242078,27.558692,77.242061,27.558723,77.242055,27.558786,77.242043,27.558845,77.242027,27.558898,77.242010,27.558934,77.241995,27.559266,77.242006,27.559352,77.242033,27.559409,77.242051,27.559467,77.242079,27.559564,77.242124,27.559662,77.242161,27.559774,77.242196,27.559852,77.242180,27.559881,77.242167,27.559948,77.242086,27.560029,77.241895,27.560077,77.241782,27.560168,77.241578,27.560170,77.241577,27.560144,77.241557,27.560156,77.241538,27.560167,77.241504,27.560177,77.241484,27.560213,77.241428,27.560247,77.241387,27.560257,77.241376,27.560259,77.241372,27.560253,77.241373,27.560253,77.241373,27.560288,77.241317,27.560320,77.241278,27.560389,77.241192,27.560468,77.241124,27.560521,77.241080,27.560577,77.241038,27.560683,77.240952,27.560730,77.240907,27.560775,77.240859,27.560817,77.240801,27.560852,77.240743,27.560884,77.240702,27.560916,77.240655,27.560954,77.240600,27.560976,77.240569,27.560998,77.240540,27.561043,77.240481,27.561088,77.240437,27.561132,77.240407,27.561184,77.240398,27.561234,77.240401,27.561281,77.240419,27.561328,77.240456,27.561379,77.240492,27.561484,77.240573,27.561529,77.240621,27.561565,77.240665,27.561603,77.240706,27.561668,77.240775,27.561712,77.240814,27.561791,77.240875,27.561849,77.240903,27.561917,77.240956,27.561965,77.240998,27.562057,77.241046,27.562129,77.241065,27.562195,77.241069,27.562304,77.241066,27.562360,77.241075,27.562411,77.241094,27.562449,77.241131,27.562508,77.241203,27.562593,77.241309,27.562639,77.241358,27.562682,77.241414,27.562743,77.241486,27.562800,77.241560,27.562868,77.241639,27.562914,77.241696,27.562961,77.241747,27.563030,77.241821,27.563147,77.241917,27.563209,77.241896,27.563284,77.241834,27.563327,77.241775,27.563375,77.241713,27.563430,77.241648,27.563513,77.241578,27.563569,77.241551,27.563668,77.241546,27.563712,77.241578,27.563796,77.241639,27.563883,77.241693,27.564010,77.241720,27.564107,77.241645,27.564220,77.241525,27.564288,77.241431,27.564335,77.241379,27.564404,77.241297,27.564446,77.241238,27.564579,77.241100,27.564618,77.241054,27.564669,77.240968,27.564726,77.240879,27.564767,77.240824,27.564855,77.240722,27.564997,77.240535,27.565081,77.240439,27.565129,77.240381,27.565207,77.240336,27.565297,77.240288,27.565468,77.240226,27.565575,77.240202,27.565690,77.240177,27.565770,77.240145,27.565926,77.240075,27.566080,77.239999,27.566214,77.239911,27.566280,77.239876,27.566375,77.239828,27.566483,77.239781,27.566556,77.239752,27.566735,77.239694,27.566804,77.239674,27.566900,77.239644,27.567148,77.239543,27.567218,77.239519,27.567290,77.239470,27.567392,77.239416,27.567557,77.239345,27.567645,77.239288,27.567743,77.239227,27.567813,77.239190,27.567940,77.239109,27.568057,77.239047,27.568142,77.238996,27.568200,77.238966,27.568290,77.238913,27.568381,77.238855,27.568503,77.238811,27.568600,77.238767,27.568699,77.238693,27.568851,77.238601,27.568912,77.238545,27.568984,77.238482,27.569187,77.238322,27.569251,77.238284,27.569299,77.238275,27.569390,77.238259,27.569466,77.238225,27.569576,77.238157,27.569672,77.238101,27.569848,77.237999,27.569917,77.237950,27.569997,77.237890,27.570084,77.237831,27.570167,77.237765,27.570219,77.237624,27.570128,77.237445,27.570046,77.237318,27.569943,77.237155,27.569890,77.237045,27.569745,77.236802,27.569657,77.236709,27.569559,77.236570,27.569455,77.236439,27.569397,77.236342,27.569252,77.236144,27.569158,77.236071,27.569012,77.236106,27.568973,77.236165,27.568974,77.236238,27.569022,77.236279,27.569043,77.236276,27.569067,77.236270,27.569096,77.236284,27.569088,77.236310,27.569088,77.236310,27.569099,77.236267,27.569122,77.236325,27.569132,77.236335,27.569135,77.236325,27.569094,77.236344,27.569095,77.236342,27.569064,77.236295,27.569028,77.236287,27.569007,77.236277,27.568976,77.236269,27.568948,77.236252,27.568937,77.236237,27.568923,77.236271,27.568903,77.236280,27.568878,77.236331,27.568875,77.236327,27.568872,77.236338,27.568887,77.236308,27.568898,77.236264,27.568909,77.236243,27.568933,77.236218,27.568951,77.236199,27.568965,77.236186,27.568978,77.236169,27.568991,77.236152,27.569007,77.236138,27.569014,77.236151,27.569019,77.236173,27.569027,77.236195,27.569055,77.236223,27.569065,77.236254,27.569076,77.236286,27.569067,77.236296,27.569079,77.236287,27.569094,77.236293,27.569095,77.236295,27.569072,77.236305,27.569090,77.236397,27.569090,77.236397,27.569079,77.236350,27.569074,77.236312,27.569090,77.236272,27.569085,77.236261,27.569080,77.236270,27.569069,77.236275,27.569041,77.236301,27.569020,77.236322,27.569001,77.236338,27.568972,77.236350,27.568940,77.236361,27.568925,77.236371,27.568912,77.236358,27.568900,77.236355,27.568898,77.236353,27.568858,77.236418,27.568922,77.236440,27.568890,77.236443,27.568877,77.236396,27.568890,77.236361,27.568899,77.236347,27.568897,77.236332,27.568893,77.236325,27.568908,77.236243,27.568915,77.236243,27.568915,77.236243,27.568925,77.236246,27.568942,77.236246,27.568965,77.236261,27.568979,77.236269,27.568997,77.236256,27.569002,77.236255,27.569006,77.236271,27.569008,77.236297,27.569004,77.236316,27.568991,77.236330,27.569000,77.236309,27.569005,77.236282,27.569056,77.236262,27.568908,77.236260,27.568947,77.236284,27.569030,77.236273,27.569053,77.236315,27.569066,77.236371,27.569113,77.236366,27.569167,77.236336,27.569172,77.236324,27.569172,77.236323,27.569200,77.236280,27.569172,77.236272,27.569062,77.236305,27.569012,77.236332,27.568977,77.236337,27.569004,77.236312,27.569044,77.236327,27.569037,77.236392,27.569028,77.236386,27.569013,77.236428,27.569025,77.236501,27.569018,77.236494,27.569005,77.236492,27.569018,77.236473,27.569017,77.236484,27.568990,77.236476,27.568949,77.236436,27.568929,77.236460,27.568979,77.236466,27.569001,77.236469,27.569007,77.236447,27.569054,77.236407,27.569042,77.236386,27.569042,77.236377,27.569037,77.236413,27.568921,77.236502,27.568917,77.236511,27.568960,77.236494,27.568985,77.236477,27.568995,77.236467,27.569025,77.236464,27.569092,77.236438,27.569074,77.236437,27.569027,77.236480,27.569000,77.236506,27.569023,77.236477,27.569029,77.236450,27.568989,77.236445,27.568953,77.236457,27.568993,77.236474,27.569017,77.236418,27.569001,77.236418,27.569066,77.236390,27.569066,77.236387,27.569055,77.236414,27.569060,77.236443,27.569060,77.236449,27.569058,77.236452,27.569088,77.236442,27.569092,77.236393,27.569088,77.236390,27.569063,77.236386,27.568980,77.236443,27.569058,77.236399,27.569071,77.236373,27.569058,77.236375,27.569035,77.236356,27.569015,77.236334,27.568979,77.236323,27.568939,77.236278,27.568935,77.236246,27.568928,77.236303,27.568922,77.236301,27.568915,77.236314,27.568913,77.236337,27.568900,77.236370,27.568923,77.236380,27.568942,77.236378,27.568983,77.236398,27.568992,77.236393,27.568992,77.236393,27.569067,77.236348,27.569067,77.236304,27.569053,77.236280,27.569026,77.236254,27.569012,77.236208,27.568994,77.236175,27.568963,77.236203,27.568949,77.236232,27.568923,77.236281,27.568939,77.236298,27.568942,77.236302,27.568939,77.236292,27.568957,77.236277,27.568963,77.236292,27.568957,77.236314,27.568958,77.236349,27.568955,77.236372,27.568955,77.236372,27.569005,77.236334,27.569017,77.236300,27.569031,77.236260,27.569005,77.236259,27.569003,77.236262,27.569003,77.236262,27.568994,77.236317,27.568997,77.236323,27.568997,77.236323,27.569034,77.236322,27.569038,77.236279,27.569063,77.236249,27.569110,77.236259,27.569102,77.236275,27.569056,77.236378,27.569053,77.236398,27.569053,77.236398,27.569171,77.236299,27.569155,77.236347,27.569155,77.236347,27.569108,77.236391,27.569092,77.236415",images/blockplantation/4e5f98d3-686f-49e4-9fda-c02b97504f0c.jpg,350,Others: 350,FALSE,2024-09-06 10:55:13.24416+05:30,2024-09-06 10:55:13.244186+05:30,1,77389,27.5689454,77.2362427,2,4,0.2,810502,105,810502290
48313,"27.018904,71.689879,27.018914,71.689936,27.018940,71.689826,27.018952,71.689781,27.018961,71.689726,27.018972,71.689695",images/blockplantation/1a14e8d0-6aba-4f12-a979-053dd799bead.jpg,100,Ber: 100,FALSE,2024-09-06 10:55:25.570591+05:30,2024-09-06 10:55:25.570612+05:30,1,7907,27.0189413,71.6899683,13,3,1,811403,114,811403190
48314,"27.019179,71.689520,27.019213,71.689537,27.019271,71.689530,27.019350,71.689534,27.019308,71.689482,27.019208,71.689477",images/blockplantation/fa5e3169-51e5-438e-aff3-1dfa9e160657.jpg,100,Neem: 100,FALSE,2024-09-06 10:58:44.610311+05:30,2024-09-06 10:58:44.610331+05:30,1,7907,27.0191618,71.6895759,13,3,1,811403,114,811403190
48315,"27.551502,77.235691,27.551502,77.235693,27.551486,77.235675,27.551453,77.235660,27.551434,77.235646,27.551420,77.235627,27.551382,77.235583,27.551364,77.235567,27.551333,77.235547,27.551315,77.235532,27.551304,77.235520,27.551290,77.235506,27.551276,77.235488,27.551252,77.235459,27.551273,77.235454,27.551316,77.235475,27.551338,77.235481,27.551359,77.235494,27.551384,77.235520,27.551392,77.235528,27.551409,77.235548,27.551417,77.235569,27.551435,77.235596,27.551456,77.235615,27.551486,77.235642,27.551526,77.235670,27.551537,77.235671,27.551546,77.235666,27.551549,77.235640,27.551520,77.235601,27.551494,77.235576,27.551469,77.235553,27.551452,77.235533,27.551430,77.235510,27.551413,77.235496,27.551393,77.235482,27.551382,77.235476,27.551362,77.235460,27.551344,77.235445,27.551334,77.235439,27.551323,77.235413,27.551323,77.235413,27.551340,77.235398,27.551376,77.235415,27.551389,77.235428,27.551411,77.235441,27.551416,77.235453,27.551441,77.235464,27.551458,77.235483,27.551471,77.235499,27.551491,77.235521,27.551503,77.235539,27.551514,77.235556,27.551536,77.235585,27.551555,77.235598,27.551576,77.235604,27.551586,77.235590,27.551574,77.235561,27.551566,77.235548,27.551557,77.235536,27.551548,77.235526,27.551521,77.235492,27.551508,77.235471,27.551501,77.235470,27.551485,77.235468,27.551469,77.235457,27.551461,77.235452,27.551453,77.235445,27.551437,77.235430,27.551402,77.235399,27.551383,77.235385,27.551368,77.235374,27.551363,77.235362,27.551355,77.235353,27.551345,77.235347,27.551374,77.235411,27.551373,77.235438,27.551419,77.235665,27.551462,77.235691,27.551479,77.235699,27.551489,77.235700,27.551473,77.235687,27.551462,77.235680,27.551455,77.235676,27.551434,77.235663,27.551424,77.235655,27.551400,77.235631,27.551392,77.235624,27.551370,77.235606,27.551361,77.235600,27.551353,77.235594,27.551338,77.235582,27.551324,77.235571,27.551316,77.235564,27.551310,77.235553,27.551304,77.235545,27.551286,77.235535,27.551278,77.235536,27.551252,77.235525,27.551259,77.235500,27.551259,77.235492,27.551257,77.235483",images/blockplantation/253575a3-6876-43d4-bd9f-d092175b1ccb.jpg,100,Others: 100,FALSE,2024-09-06 11:21:18.153205+05:30,2024-09-06 11:21:18.153224+05:30,1,77399,27.5514301,77.2356422,2,4,3,0,0,0
48316,"27.019673,71.711046,27.019690,71.710776,27.019645,71.710614,27.019602,71.710817,27.019606,71.710831",images/blockplantation/4b19264d-5c7a-4777-a148-37cc6209c912.jpg,100,"Ber: 10, Khejri: 10, Neem: 50, Siris: 10, Seesam: 10, Kikar: 10",FALSE,2024-09-06 11:29:52.414708+05:30,2024-09-06 11:29:52.414735+05:30,2,7907,27.0197159,71.711036,6,2,0.5,811403,114,811403190
48317,"27.020013,71.710894,27.019968,71.710991,27.019919,71.711118,27.019848,71.711259,27.019809,71.711307",images/blockplantation/f441cd88-d906-4c36-88bc-5931ef7bd6a3.jpg,100,Neem: 100,FALSE,2024-09-06 11:32:26.293135+05:30,2024-09-06 11:32:26.293156+05:30,1,7907,27.0200566,71.7108755,6,2,0.5,811403,114,811403190
48318,"24.884412,72.878602,24.884213,72.879030,24.883950,72.878780,24.884069,72.878426",images/blockplantation/1940a8d6-1aca-4f2b-91d4-e13341acd038.jpg,1225,"Amrood: 400, Babool: 300, Ber: 225, Imli: 100, Kachnar: 100, Khair: 100",FALSE,2024-09-06 11:44:34.650692+05:30,2024-09-06 11:44:34.650713+05:30,1,77273,24.8843783,72.8786008,13,2,0.8,811705,117,811705489
48319,"27.543856,77.256354,27.543875,77.256337,27.543882,77.256304,27.543874,77.256284,27.544067,77.256240,27.543953,77.256158,27.543941,77.256152,27.543924,77.256120,27.543932,77.256139,27.543959,77.256169,27.543959,77.256198,27.543958,77.256208,27.543958,77.256213,27.543958,77.256214,27.543958,77.256214,27.543957,77.256214,27.543957,77.256215,27.543924,77.256166,27.543924,77.256166,27.543924,77.256165,27.543924,77.256166,27.543923,77.256165,27.543923,77.256165,27.543921,77.256165,27.543922,77.256166,27.543922,77.256165,27.543922,77.256165,27.543921,77.256165,27.543919,77.256165,27.543919,77.256165,27.543924,77.256151,27.544072,77.256262,27.544068,77.256263,27.543966,77.256220,27.544542,77.256615,27.544510,77.256638,27.544512,77.256658,27.544507,77.256670,27.544487,77.256708,27.544476,77.256727,27.544510,77.256595,27.544491,77.256554,27.543865,77.256337,27.543870,77.256311,27.543870,77.256299,27.543867,77.256290,27.543920,77.256114,27.543923,77.256104,27.543934,77.256094,27.543937,77.256090,27.543946,77.256082,27.543954,77.256072,27.543962,77.256066,27.543973,77.256055,27.543971,77.256039,27.543965,77.256034,27.543963,77.256033,27.543962,77.256034,27.543960,77.256034,27.543960,77.256034,27.543963,77.256032,27.543964,77.256034,27.543961,77.256045,27.543959,77.256051,27.543958,77.256053,27.543956,77.256053,27.543949,77.256045,27.543945,77.256042,27.543943,77.256041,27.543943,77.256040,27.543942,77.256040,27.543942,77.256040,27.543941,77.256040,27.543943,77.256040,27.543942,77.256039,27.543941,77.256038,27.543943,77.256040,27.543936,77.256024,27.543933,77.256014,27.543939,77.256012,27.543940,77.256013,27.543938,77.256014,27.543934,77.256039,27.543938,77.256053,27.543942,77.256063,27.543935,77.256073,27.543931,77.256075,27.543923,77.256093,27.543911,77.256112,27.543686,77.255922,27.543674,77.255923,27.543671,77.255911,27.543669,77.255904,27.543661,77.255890,27.543658,77.255883,27.543653,77.255871,27.543650,77.255861,27.543648,77.255854,27.543646,77.255849,27.543643,77.255843,27.543637,77.255831,27.543633,77.255819,27.543629,77.255809,27.543628,77.255800,27.543607,77.255711,27.543602,77.255647,27.543554,77.255503,27.543559,77.255531,27.543593,77.255691,27.543592,77.255703,27.543595,77.255725,27.543596,77.255738,27.543598,77.255753,27.543605,77.255771,27.543623,77.255815,27.543629,77.255829,27.543698,77.255939,27.543689,77.255977,27.543687,77.255988,27.543686,77.255995,27.543678,77.256006,27.543670,77.256017,27.543664,77.256024,27.543662,77.256033,27.543660,77.256037,27.543655,77.256045,27.543647,77.256052,27.543643,77.256057,27.543639,77.256068,27.543635,77.256077,27.543633,77.256084,27.543628,77.256096,27.543627,77.256102,27.543625,77.256116,27.543623,77.256122,27.543621,77.256132,27.543618,77.256136,27.543614,77.256140,27.543611,77.256141,27.543605,77.256129,27.543608,77.256118,27.543611,77.256105,27.543613,77.256096,27.543616,77.256080,27.543617,77.256069,27.543619,77.256053,27.543619,77.256043,27.543622,77.256032,27.543626,77.256023,27.543632,77.256005,27.543635,77.255999,27.543637,77.255993,27.543640,77.255982,27.543642,77.255978,27.543643,77.255975,27.543645,77.255971,27.543647,77.255969,27.543648,77.255967,27.543648,77.255965,27.543657,77.255953,27.543662,77.255949,27.543665,77.255943,27.543665,77.255938,27.543665,77.255932,27.543664,77.255927,27.543663,77.255920,27.543662,77.255915,27.543659,77.255909,27.543658,77.255901,27.543654,77.255886,27.543656,77.255880,27.543663,77.255892,27.543667,77.255896,27.543828,77.256047,27.543843,77.256055,27.543872,77.256065,27.543878,77.256071,27.543882,77.256074,27.543922,77.256099,27.543940,77.256119,27.543950,77.256130,27.543958,77.256133,27.543961,77.256133,27.543949,77.256143,27.543955,77.256147,27.543964,77.256146,27.543965,77.256146,27.543966,77.256146,27.543966,77.256142,27.543965,77.256139,27.543965,77.256136,27.543965,77.256135,27.543945,77.256130,27.543943,77.256126,27.543939,77.256123,27.543937,77.256119,27.543937,77.256115,27.543936,77.256101,27.543934,77.256094,27.543932,77.256085,27.543928,77.256082,27.543926,77.256082,27.543929,77.256085,27.543936,77.256091,27.543939,77.256092,27.543946,77.256090,27.543949,77.256088,27.543953,77.256086,27.543953,77.256085,27.543962,77.256077,27.543981,77.256064,27.543989,77.256059,27.543997,77.256053,27.543997,77.256052,27.543993,77.256058,27.543990,77.256060,27.543988,77.256060,27.543988,77.256060,27.543988,77.256063,27.543988,77.256065,27.543989,77.256065",images/blockplantation/6d799735-7744-4f35-9338-1474a3b9fdb2.jpg,220,Others: 220,FALSE,2024-09-06 11:47:01.612847+05:30,2024-09-06 11:47:01.612865+05:30,1,77401,27.5438565,77.2563678,2,9,0.3,0,0,0
48320,"24.995007,75.923605,24.995007,75.923605,24.995007,75.923605,24.995007,75.923605",images/blockplantation/a291defa-4ea0-4fd2-8056-86f4df7f5209.jpg,200,"Amrood: 5, Amla: 5, Neem: 10, Seesam: 4, Others: 176",FALSE,2024-09-06 12:08:21.676722+05:30,2024-09-06 12:08:21.676744+05:30,1,73965,24.9950123,75.9235194,13,2,0.5,812703,127,812703120
48321,"24.883929,72.876948,24.884039,72.876421,24.883490,72.875873,24.883335,72.876664",images/blockplantation/02555785-98bb-48e3-820f-81d8dfbca640.jpg,665,"Sagon: 65, Imli: 100, Arjun: 100, Kachnar: 200, Seesam: 200",FALSE,2024-09-06 12:23:10.020806+05:30,2024-09-06 12:23:10.020829+05:30,1,77273,24.8837415,72.8767916,13,2,2,811705,117,811705489
48322,"24.989048,75.921215,24.989048,75.921215,24.989048,75.921215,24.989048,75.921215",images/blockplantation/92a8f259-78b9-49f8-974f-fb8dab3e6fdd.jpg,150,"Amla: 40, Amrood: 10, Bargad: 2, Gular: 5, Jamun: 10, Neem: 20, Peepal: 3, Others: 60",FALSE,2024-09-06 12:33:56.496963+05:30,2024-09-06 12:33:56.496982+05:30,1,73965,24.9891242,75.9210915,13,12,0.5,812703,127,812703120
48323,"27.542427,77.227047,27.542483,77.226995,27.542500,77.226951,27.542500,77.226935,27.542500,77.226934,27.542504,77.226924,27.542508,77.226904,27.542508,77.226904,27.542505,77.226891,27.542508,77.226893,27.542511,77.226892,27.542516,77.226893,27.542512,77.226890,27.542552,77.226936,27.542543,77.226919,27.542535,77.226909,27.542529,77.226906,27.542529,77.226905,27.542523,77.226901,27.542518,77.226899,27.542518,77.226899,27.542521,77.226900,27.542519,77.226897,27.542523,77.226894,27.542519,77.226876,27.542520,77.226864,27.542520,77.226864,27.542516,77.226859,27.542514,77.226842,27.542512,77.226829,27.542509,77.226821,27.542504,77.226830,27.542499,77.226844,27.542486,77.226848,27.542478,77.226851,27.542489,77.226849,27.542485,77.226850,27.542486,77.226853,27.542485,77.226855,27.542481,77.226858,27.542528,77.226788,27.542549,77.226777,27.542553,77.226780,27.542555,77.226787,27.542561,77.226788,27.542563,77.226789,27.542566,77.226790,27.542567,77.226791,27.542568,77.226791,27.542568,77.226791,27.542569,77.226791,27.542570,77.226791,27.542571,77.226790,27.542571,77.226790,27.542571,77.226791,27.542571,77.226791,27.542571,77.226792,27.542572,77.226793,27.542572,77.226793,27.542572,77.226793,27.542572,77.226794,27.542577,77.226793,27.542584,77.226793,27.542589,77.226792,27.542593,77.226791,27.542593,77.226791,27.542596,77.226789,27.542597,77.226785,27.542597,77.226782,27.542597,77.226782,27.542596,77.226779,27.542594,77.226776,27.542592,77.226774,27.542585,77.226771,27.542581,77.226768,27.542579,77.226767,27.542576,77.226765,27.542575,77.226765,27.542575,77.226765,27.542576,77.226767,27.542579,77.226772,27.542582,77.226778,27.542584,77.226780,27.542591,77.226792,27.542596,77.226799,27.542598,77.226801,27.542599,77.226801,27.542598,77.226800,27.542598,77.226800,27.542598,77.226800,27.542620,77.226919,27.542622,77.226941,27.542616,77.226949,27.542616,77.226949,27.542605,77.226954,27.542597,77.226959,27.542593,77.226962,27.542589,77.226965,27.542586,77.226967,27.542586,77.226967,27.542585,77.226967,27.542586,77.226966,27.542588,77.226966,27.542591,77.226965,27.542594,77.226963,27.542598,77.226971,27.542608,77.226986,27.542615,77.227013,27.542624,77.227028,27.542634,77.227038,27.542650,77.227049,27.542656,77.227052,27.542660,77.227052,27.542663,77.227053,27.542670,77.227055,27.542682,77.227056,27.542700,77.227051,27.542710,77.227047,27.542726,77.227042,27.542738,77.227038,27.542746,77.227037,27.542754,77.227035,27.542768,77.227036,27.542772,77.227040,27.542783,77.227049,27.542794,77.227063,27.542799,77.227071,27.542806,77.227082,27.542817,77.227096,27.542826,77.227104,27.542831,77.227107,27.542837,77.227111,27.542845,77.227110,27.542853,77.227109,27.542865,77.227109,27.542875,77.227107,27.542882,77.227106,27.542891,77.227105,27.542896,77.227106,27.542904,77.227113,27.542910,77.227118,27.542915,77.227121,27.542918,77.227126,27.542910,77.227135,27.542909,77.227134,27.542908,77.227134,27.542909,77.227133,27.542909,77.227134,27.542909,77.227135,27.542909,77.227135,27.542908,77.227140,27.542907,77.227142,27.542908,77.227149,27.542897,77.227155,27.542872,77.227165,27.542860,77.227167,27.542849,77.227169,27.542840,77.227178,27.542836,77.227194,27.542835,77.227202,27.542831,77.227210,27.542828,77.227215,27.542830,77.227216,27.542832,77.227218,27.542833,77.227210,27.542833,77.227210,27.542832,77.227213,27.542832,77.227213,27.542832,77.227213,27.542832,77.227213,27.542832,77.227213,27.542832,77.227213,27.542832,77.227214,27.542847,77.227211,27.542854,77.227211,27.542859,77.227212,27.542863,77.227213,27.542876,77.227218,27.542879,77.227219,27.542883,77.227219,27.542885,77.227219,27.542886,77.227217,27.542886,77.227217,27.542887,77.227216,27.542887,77.227216,27.542888,77.227216,27.542889,77.227215,27.542889,77.227215,27.542884,77.227209,27.542880,77.227202,27.542881,77.227190,27.542881,77.227178,27.542880,77.227165,27.542880,77.227155,27.542881,77.227142,27.542889,77.227126,27.542907,77.227125,27.542920,77.227127,27.542928,77.227131,27.542943,77.227145,27.542953,77.227150,27.542965,77.227155,27.542986,77.227158,27.542997,77.227158,27.543004,77.227155,27.543015,77.227144,27.543020,77.227140,27.543024,77.227145,27.543031,77.227150,27.543036,77.227155,27.543047,77.227181,27.543054,77.227197,27.543056,77.227199,27.543052,77.227197,27.543045,77.227194,27.543041,77.227189,27.543038,77.227190,27.543038,77.227192,27.543041,77.227198,27.543043,77.227201,27.543045,77.227203,27.543045,77.227204,27.543054,77.227200,27.543059,77.227197,27.543059,77.227194,27.543052,77.227194,27.543048,77.227193,27.543034,77.227191,27.543018,77.227185,27.543004,77.227185,27.542995,77.227192,27.542994,77.227202,27.542994,77.227207,27.542995,77.227215,27.542996,77.227218,27.542998,77.227220,27.542998,77.227221,27.542999,77.227221,27.543000,77.227221,27.543000,77.227220,27.543000,77.227221,27.543000,77.227220,27.543001,77.227220,27.543001,77.227221,27.543001,77.227221,27.543001,77.227220,27.543000,77.227220,27.543000,77.227221,27.543000,77.227221,27.542999,77.227221,27.543000,77.227221,27.543000,77.227221,27.543000,77.227221,27.543000,77.227221,27.543001,77.227221,27.543028,77.227256,27.543035,77.227262,27.543028,77.227243,27.543021,77.227231,27.543016,77.227207,27.543011,77.227188,27.543019,77.227195,27.543039,77.227202,27.543055,77.227224,27.543068,77.227240,27.543093,77.227252,27.543117,77.227273,27.543139,77.227289,27.543152,77.227306,27.543164,77.227318,27.543177,77.227324,27.543188,77.227327,27.543202,77.227340,27.543205,77.227342,27.543209,77.227347,27.543213,77.227352,27.543212,77.227352,27.543204,77.227346,27.543195,77.227345,27.543189,77.227346,27.543184,77.227349,27.543182,77.227352,27.543182,77.227356,27.543185,77.227356,27.543195,77.227357,27.543205,77.227357,27.543209,77.227357,27.543210,77.227356,27.543211,77.227356,27.543211,77.227356,27.543207,77.227379,27.543203,77.227404,27.543204,77.227429,27.543212,77.227450,27.543224,77.227464,27.543233,77.227480,27.543246,77.227494,27.543256,77.227512,27.543255,77.227530,27.543245,77.227548,27.543236,77.227565,27.543230,77.227583,27.543214,77.227597,27.543198,77.227614,27.543187,77.227630,27.543179,77.227642,27.543174,77.227646,27.543168,77.227646,27.543166,77.227644,27.543168,77.227640,27.543170,77.227637,27.543170,77.227636,27.543170,77.227634,27.543170,77.227633,27.543170,77.227633,27.543169,77.227633,27.543170,77.227632,27.543170,77.227632,27.543170,77.227632,27.543174,77.227639,27.543170,77.227646,27.543172,77.227650,27.543172,77.227650,27.543172,77.227650,27.543172,77.227650,27.543172,77.227650,27.543172,77.227650,27.543172,77.227650,27.543172,77.227650,27.543172,77.227650,27.543172,77.227650,27.543172,77.227650,27.543172,77.227650,27.543153,77.227632,27.543145,77.227629,27.543139,77.227628,27.543137,77.227628,27.543137,77.227628,27.543137,77.227628,27.543137,77.227628,27.543137,77.227628,27.543137,77.227628,27.543137,77.227628,27.543137,77.227628,27.543137,77.227628,27.543137,77.227628,27.543137,77.227628,27.543137,77.227628,27.543137,77.227628,27.543137,77.227628,27.543137,77.227628,27.543137,77.227628,27.543137,77.227628,27.543137,77.227628,27.543137,77.227628,27.543137,77.227628,27.543137,77.227628,27.543137,77.227628,27.543137,77.227628,27.543137,77.227628,27.543137,77.227628,27.543137,77.227628,27.543137,77.227628,27.543137,77.227628,27.543137,77.227628,27.543195,77.227577,27.543203,77.227564,27.543193,77.227561,27.543172,77.227542,27.543149,77.227523,27.543129,77.227516,27.543110,77.227519,27.543084,77.227523,27.543052,77.227529,27.543031,77.227534,27.543000,77.227543,27.542985,77.227549,27.542968,77.227552,27.542950,77.227547,27.542924,77.227544,27.542893,77.227551,27.542862,77.227559,27.542845,77.227564,27.542828,77.227570,27.542812,77.227581,27.542799,77.227595,27.542775,77.227609,27.542741,77.227603,27.542707,77.227601,27.542674,77.227612,27.542657,77.227626,27.542641,77.227640,27.542643,77.227647,27.542655,77.227644,27.542642,77.227641,27.542634,77.227639,27.542631,77.227641,27.542631,77.227639,27.542630,77.227639,27.542630,77.227638,27.542630,77.227638,27.542630,77.227638,27.542645,77.227668,27.542647,77.227672,27.542656,77.227667,27.542657,77.227667,27.542657,77.227667,27.542657,77.227667,27.542657,77.227667,27.542657,77.227667,27.542657,77.227667,27.542657,77.227667,27.542657,77.227667,27.542657,77.227667,27.542657,77.227667,27.542657,77.227667,27.542657,77.227667,27.542657,77.227667,27.542657,77.227667,27.542657,77.227667,27.542657,77.227667,27.542657,77.227667,27.542657,77.227667,27.542687,77.227630,27.542673,77.227598,27.542669,77.227561,27.542672,77.227529,27.542695,77.227482,27.542711,77.227459,27.542716,77.227432,27.542713,77.227381,27.542712,77.227354,27.542719,77.227324,27.542726,77.227299,27.542735,77.227284,27.542741,77.227260,27.542757,77.227239,27.542755,77.227234,27.542738,77.227217,27.542716,77.227196,27.542702,77.227171,27.542702,77.227160,27.542731,77.227124,27.542741,77.227099,27.542732,77.227069,27.542729,77.227046,27.542717,77.227032,27.542709,77.227024,27.542688,77.227012,27.542661,77.226999,27.542635,77.226967,27.542594,77.226951,27.542566,77.226939,27.542545,77.226925,27.542535,77.226930,27.542555,77.226938,27.542548,77.226934,27.542540,77.226924,27.542540,77.226914,27.542547,77.226904,27.542559,77.226886,27.542561,77.226871,27.542561,77.226846,27.542558,77.226835,27.542555,77.226831,27.542557,77.226821,27.542561,77.226813,27.542567,77.226808,27.542569,77.226801,27.542562,77.226788,27.542562,77.226788,27.542564,77.226796,27.542562,77.226795,27.542558,77.226793,27.542558,77.226792,27.542590,77.226816,27.542625,77.226861,27.542600,77.226826,27.542592,77.226822,27.542592,77.226819,27.542612,77.226829,27.542612,77.226827,27.542603,77.226809,27.542612,77.226807,27.542598,77.226794,27.542590,77.226785,27.542582,77.226765,27.542562,77.226754,27.542565,77.226765,27.542572,77.226792,27.542578,77.226823,27.542580,77.226839,27.542584,77.226838,27.542599,77.226833,27.542608,77.226866,27.542602,77.226872,27.542582,77.226858,27.542579,77.226832,27.542578,77.226808,27.542583,77.226781,27.542590,77.226774,27.542592,77.226770,27.542588,77.226777,27.542579,77.226794,27.542576,77.226802,27.542583,77.226809,27.542588,77.226813,27.542596,77.226809,27.542598,77.226810,27.542608,77.226810,27.542615,77.226816,27.542623,77.226826,27.542629,77.226846,27.542632,77.226851,27.542633,77.226852,27.542639,77.226849,27.542645,77.226858,27.542627,77.226844,27.542576,77.226787,27.542534,77.226756,27.542521,77.226754,27.542528,77.226757,27.542530,77.226755,27.542531,77.226788,27.542533,77.226797",images/blockplantation/35bcd346-7ee3-4806-8bc6-790228f2dfa2.jpg,580,Others: 580,FALSE,2024-09-06 12:38:18.799788+05:30,2024-09-06 12:38:18.799808+05:30,1,77395,27.5426938,77.2268945,2,9,1,810502,105,810502290
48324,"27.542561,77.226787,27.542558,77.226786,27.542559,77.226788,27.542569,77.226793,27.542564,77.226790,27.542565,77.226792,27.542566,77.226793,27.542566,77.226794,27.542568,77.226798,27.542568,77.226799,27.542549,77.226733,27.542549,77.226737,27.542547,77.226744,27.542543,77.226753,27.542537,77.226761,27.542532,77.226766,27.542529,77.226770,27.542525,77.226778,27.542523,77.226781,27.542518,77.226785,27.542515,77.226787,27.542513,77.226790,27.542510,77.226791,27.542510,77.226798,27.542512,77.226800,27.542517,77.226801,27.542524,77.226804,27.542531,77.226806,27.542549,77.226795,27.542556,77.226774,27.542556,77.226764,27.542553,77.226760,27.542548,77.226764,27.542552,77.226768,27.542556,77.226770,27.542559,77.226758,27.542559,77.226757,27.542562,77.226753,27.542563,77.226752,27.542563,77.226753,27.542565,77.226754,27.542569,77.226756,27.542571,77.226758,27.542574,77.226760,27.542570,77.226759,27.542565,77.226758,27.542564,77.226759,27.542564,77.226760,27.542565,77.226761,27.542567,77.226767,27.542569,77.226771,27.542570,77.226773,27.542571,77.226774,27.542570,77.226777,27.542570,77.226776,27.542567,77.226759,27.542567,77.226748,27.542567,77.226740,27.542569,77.226725,27.542570,77.226713,27.542572,77.226698,27.542574,77.226691,27.542574,77.226690,27.542570,77.226689,27.542557,77.226690,27.542553,77.226693,27.542548,77.226702,27.542547,77.226706,27.542547,77.226709,27.542546,77.226710,27.542546,77.226711,27.542545,77.226712,27.542545,77.226713,27.542545,77.226712,27.542552,77.226714,27.542560,77.226716,27.542565,77.226715,27.542568,77.226717,27.542571,77.226720,27.542580,77.226731,27.542583,77.226734,27.542588,77.226737,27.542589,77.226736,27.542589,77.226736,27.542592,77.226729,27.542592,77.226725,27.542592,77.226721,27.542593,77.226714,27.542593,77.226708,27.542592,77.226704,27.542590,77.226699,27.542589,77.226700,27.542586,77.226709,27.542584,77.226717,27.542584,77.226725,27.542586,77.226739,27.542588,77.226748,27.542591,77.226756,27.542592,77.226758,27.542592,77.226759,27.542593,77.226760,27.542591,77.226759,27.542591,77.226758,27.542595,77.226761,27.542604,77.226768,27.542613,77.226773,27.542614,77.226775",images/blockplantation/8e1ff27a-7fcd-49fa-abaf-8ee8a3c1d16d.jpg,100,Others: 100,FALSE,2024-09-06 12:43:08.573858+05:30,2024-09-06 12:43:08.573878+05:30,1,77395,27.5425133,77.2267633,2,9,1,810502,105,810502290
48325,"25.196324,75.861080,25.196301,75.861109,25.196335,75.861107,25.196327,75.861102",images/blockplantation/64a78ec8-0cf5-4ff3-a11f-1f8aedc7482e.jpg,1000,"Arjun: 200, Amaltas: 150, JUNGLE JALEBI: 350, Moringa: 300",FALSE,2024-09-06 12:47:42.02175+05:30,2024-09-06 12:47:42.02177+05:30,1,77247,25.1963694,75.8610325,30,2,1,812703,127,812703261
48326,"25.196290,75.861054,25.196280,75.861056,25.196217,75.861072,25.196196,75.861085",images/blockplantation/481eeb52-c44a-4d51-9118-957303974ca1.jpg,1000,"Gular: 200, Seesam: 400, Semal: 350, Neem: 50",FALSE,2024-09-06 12:49:38.504352+05:30,2024-09-06 12:49:38.504372+05:30,1,77247,25.196528,75.8609691,30,2,1,812703,127,812703261
48327,"26.705152,71.756090,26.705059,71.756115,26.705254,71.755921,26.705270,71.755860",images/blockplantation/b77ec137-dc45-474a-8bfe-9d15a938e3f0.jpg,100,"Neem: 50, Seesam: 50",FALSE,2024-09-06 13:33:30.651509+05:30,2024-09-06 13:33:30.651531+05:30,1,6603,26.7052441,71.7561039,6,2,1,811403,114,811403140
48328,"25.371652,72.786283,25.371561,72.786459,25.371651,72.786551,25.371748,72.786472,25.371658,72.786348",images/blockplantation/3eb3f817-a7e6-48bf-b72c-4cb7cfaf048d.jpg,1000,"Amla: 500, Arjun: 500",FALSE,2024-09-06 15:34:23.440756+05:30,2024-09-06 15:34:23.440776+05:30,2,9349,25.3717952,72.7864177,30,12,1,811601,116,811601020
48329,"29.035852,74.720772,29.035943,74.721091,29.036011,74.721124,29.036047,74.721062",images/blockplantation/f07a8e6c-6ef3-4b5a-a3a8-87f065a8e901.jpg,270,"Neem: 120, Seesam: 100, Peepal: 20, Sagon: 10, Siris: 20",FALSE,2024-09-06 15:53:30.052696+05:30,2024-09-06 15:53:30.052715+05:30,1,11577,29.0357923,74.7207639,13,2,1,810003,100,810003250
48330,"26.791357,76.317560,26.791439,76.317443,26.791325,76.317532,26.791360,76.317515",images/blockplantation/8dd230f3-c54b-46bb-83fb-43c12add7e5e.jpg,155,"Jamun: 20, Seesam: 35, Karanj: 80, Semal: 20",FALSE,2024-09-06 16:09:06.923221+05:30,2024-09-06 16:09:06.923242+05:30,1,42591,26.791458,76.3179793,28,2,0.15,0,0,0
48331,"27.204198,77.502473,27.204223,77.502506,27.204272,77.502549,27.204297,77.502573",images/blockplantation/e4ccc4bb-1f00-46e6-a0dd-13bfd6fb0d3d.jpg,100,Bael: 100,FALSE,2024-09-06 16:11:10.869475+05:30,2024-09-06 16:11:10.8695+05:30,1,75500,27.2041947,77.5024596,30,5,0.01,810509,105,810509230
48332,"27.227171,77.509469,27.227242,77.509856,27.227242,77.509855,27.227266,77.509866",images/blockplantation/8e981286-36cc-44eb-98b1-a02e825fea5b.jpg,200,"Karanj: 50, Amaltas: 75, Arjun: 75",FALSE,2024-09-06 16:11:30.757911+05:30,2024-09-06 16:11:30.757932+05:30,1,75500,27.227172,77.5094647,30,7,0.3,810509,105,810509729
48333,"27.204198,77.502473,27.204223,77.502506,27.204272,77.502549,27.204297,77.502573",images/blockplantation/d04b9394-611c-4ea3-b1e1-79b6694b6825.jpg,100,Bael: 100,FALSE,2024-09-06 16:11:42.487087+05:30,2024-09-06 16:11:42.487109+05:30,1,75500,27.2041947,77.5024596,30,5,0.01,810509,105,810509230
48334,"27.209563,77.511685,27.209558,77.511684,27.209553,77.511679,27.209504,77.511675",images/blockplantation/9de9586f-0fef-4216-b197-ae8ff19148c6.jpg,100,Karanj: 100,FALSE,2024-09-06 16:24:43.75689+05:30,2024-09-06 16:24:43.756911+05:30,1,75500,27.209626,77.5117084,30,5,0.2,810509,105,810509230
48335,"24.748530,72.451305,24.748497,72.451232,24.748447,72.451184,24.748329,72.451225,24.748282,72.451324,24.748332,72.451340,24.748405,72.451293",images/blockplantation/1ba53289-239f-4639-8690-3d6aa445eda5.jpg,150,"Neem: 100, Karanj: 40, Peepal: 5, Amrood: 5",FALSE,2024-09-06 16:52:03.966827+05:30,2024-09-06 16:52:03.966874+05:30,2,11683,24.7484573,72.451299,2,7,1,811703,117,811703230
48336,"24.744111,72.447717,24.744002,72.447817,24.743928,72.447896,24.743856,72.447964,24.743588,72.448128,24.743380,72.448189,24.743252,72.448105,24.743152,72.447879,24.743122,72.447755,24.743482,72.447507,24.743875,72.447329,24.743878,72.447534,24.743937,72.447685,24.743956,72.447795",images/blockplantation/15f5a21f-6f4a-4b41-a4ae-722066307e42.jpg,700,"Neem: 500, Karanj: 150, Amrood: 50",FALSE,2024-09-06 17:04:18.23104+05:30,2024-09-06 17:04:18.231065+05:30,2,11683,24.743418,72.4483343,2,7,2,811703,117,811703230
48337,"26.724864,71.843203,26.724936,71.843211,26.724957,71.843092,26.724902,71.843131",images/blockplantation/836841b5-79ca-4345-b2c6-d65bfa3b4bf8.jpg,100,"Neem: 50, Seesam: 50",FALSE,2024-09-06 17:16:54.070306+05:30,2024-09-06 17:16:54.070326+05:30,1,6603,26.7249196,71.8432104,6,2,1,811403,114,811403140
48338,"27.469897,77.308805,27.469902,77.308898,27.469842,77.308969,27.469831,77.308968",images/blockplantation/256c0039-7091-4362-9b80-439af77186a9.jpg,500,"Aak: 100, Babool: 220, Ber: 80, Amaltas: 100",FALSE,2024-09-06 18:12:40.189749+05:30,2024-09-06 18:12:40.189769+05:30,1,77484,27.469925,77.3088799,2,1,1,810502,105,810502060
48339,"24.975819,75.835089,24.976103,75.834930,24.975878,75.834152,24.975559,75.834316",images/blockplantation/afc58d5d-8e9b-4cec-8019-e15cc5e4463e.jpg,200,"Amaltas: 20, Amrood: 10, Arjun: 15, Jamun: 5, JUNGLE JALEBI: 15, Neem: 15, Seesam: 20, Others: 100",FALSE,2024-09-06 18:15:44.371785+05:30,2024-09-06 18:15:44.371805+05:30,1,73965,24.9758007,75.8345228,13,2,0.3,0,0,0
48340,"27.467948,77.307672,27.467928,77.307681,27.467963,77.307666,27.467948,77.307623",images/blockplantation/63405b2b-f4f4-42cb-9054-7273334a840a.jpg,600,"Babool: 250, Ber: 150, Dhak: 200",FALSE,2024-09-06 18:18:15.148335+05:30,2024-09-06 18:18:15.148358+05:30,1,77484,27.4679733,77.3077167,2,1,2.5,810502,105,810502060
48341,"27.462491,77.300180,27.462491,77.300180,27.462491,77.300181,27.462491,77.300181",images/blockplantation/cf5e10c5-9489-4b7e-85f8-93ca49575379.jpg,500,"Aak: 200, Babool: 150, Ber: 150",FALSE,2024-09-06 18:27:17.392817+05:30,2024-09-06 18:27:17.392844+05:30,1,77484,27.4624415,77.3001714,2,9,3,810502,105,810502060
48342,"27.458533,77.286657,27.458528,77.286622,27.458527,77.286622,27.458525,77.286622,27.458525,77.286622",images/blockplantation/36c90fca-a824-408c-aaa7-2d65b74438e2.jpg,650,"Amrood: 200, Lemon: 250, Seesam: 100, Neem: 100",FALSE,2024-09-06 18:35:09.732322+05:30,2024-09-06 18:35:09.732348+05:30,1,77484,27.4585583,77.2865683,2,1,4,810502,105,810502050
48343,"29.290138,74.561790,29.290138,74.561790,29.290148,74.561774,29.290159,74.561739,29.290160,74.561688,29.290159,74.561665,29.290148,74.561625,29.290148,74.561589,29.290150,74.561563,29.290152,74.561534,29.290153,74.561515,29.290152,74.561483,29.290147,74.561451,29.290149,74.561409,29.290149,74.561388,29.290152,74.561350",images/blockplantation/fc3c4471-e4c6-47b9-8fc0-a3e42a532037.jpg,300,"Neem: 200, Arjun: 100",FALSE,2024-09-06 18:35:36.448418+05:30,2024-09-06 18:35:36.44844+05:30,1,1570,29.2901273,74.5617997,13,5,1,810003,100,810003440
48344,"27.496513,77.391753,27.496524,77.391759,27.496548,77.391767,27.496560,77.391870,27.496571,77.391873",images/blockplantation/2cdee008-4355-4959-ac7d-8cd545b9d6a9.jpg,1600,Babool: 1600,FALSE,2024-09-07 06:38:02.067517+05:30,2024-09-07 06:38:02.06754+05:30,1,77538,27.4965333,77.3917707,2,7,2,810502,105,810502140
48345,"27.470560,77.377449,27.470581,77.377458,27.470684,77.377530,27.470769,77.377488,27.470772,77.377422,27.470729,77.377400",images/blockplantation/81132da2-2c84-4dcd-8813-bc32d8ece266.jpg,100,"Lemon: 10, Mosambi: 20, Karanj: 30, Seesam: 20, Neem: 20",FALSE,2024-09-07 06:53:03.8569+05:30,2024-09-07 06:53:03.856918+05:30,1,77521,27.4705291,77.3774107,2,4,0.6,810502,105,810502040
48346,"27.505070,77.349015,27.505068,77.349015,27.505068,77.349015,27.505068,77.349015",images/blockplantation/1b490411-a206-4375-ab17-cf299c03d46d.jpg,1700,Peepal: 1700,FALSE,2024-09-07 07:37:51.737242+05:30,2024-09-07 07:37:51.73727+05:30,1,77538,27.5050302,77.3489953,2,7,2,810502,105,810502140
48347,"27.173571,77.398291,27.173571,77.398291,27.173571,77.398291,27.173890,77.399223,27.173834,77.397215",images/blockplantation/9ee20256-9c34-4b53-98eb-550d25f30156.jpg,105,"Ardu: 20, Babool: 20, Bael: 30, Ber: 30, Hingot: 5",FALSE,2024-09-07 07:50:00.473856+05:30,2024-09-07 07:50:00.473878+05:30,1,77470,27.2130926,77.4915272,2,9,1,810509,105,810509729
48348,"27.445456,77.254263,27.445453,77.254265,27.445456,77.254215,27.445457,77.254200",images/blockplantation/23dc9ee5-355c-4533-85ac-b7e33869ae48.jpg,200,"Arjun: 25, Amla: 20, Banyan: 20, Gular: 20, Jamun: 25, Lemon: 20, Moringa: 20, Siris: 20, Seesam: 15, Others: 15",FALSE,2024-09-07 08:20:28.67906+05:30,2024-09-07 08:20:28.679081+05:30,1,77494,27.4454725,77.2541972,2,12,0.3,810502,105,810502270
48349,"27.031045,77.527451,27.031070,77.527534,27.031129,77.527766,27.031130,77.527941,27.031148,77.528016,27.031130,77.528164,27.031085,77.527775,27.031035,77.527592,27.030972,77.527471,27.030975,77.527366,27.031139,77.525466,27.031129,77.525274,27.031109,77.525126",images/blockplantation/3b36f007-8217-481f-99ae-32de793b8102.jpg,100,"Mango: 3, Jamun: 2, Sagon: 2, Karanj: 5, Banyan: 5, Arjun: 4, Seesam: 20, Neem: 15, Karanj: 12, Amrood: 15, Peepal: 12, Lemon: 5",FALSE,2024-09-07 08:47:49.93592+05:30,2024-09-07 08:47:49.935969+05:30,1,77448,27.03114,77.5273967,2,7,5,810508,105,810508040
48350,"29.402135,74.554808,29.402171,74.554872,29.402249,74.555027,29.402197,74.555129,29.402177,74.555188,29.402213,74.555252,29.402221,74.555285,29.402194,74.555330,29.402212,74.555363",images/blockplantation/9ca12b1d-ed55-4427-9d1d-8eb723f8990d.jpg,200,"Amrood: 20, Arjun: 20, Babool: 30, Bael: 20, Gular: 20, Jamun: 50, Khejri: 20, Neem: 20",FALSE,2024-09-07 08:53:22.82716+05:30,2024-09-07 08:53:22.827179+05:30,1,77485,29.402239,74.5548134,2,7,1,810007,100,810007200
48351,"27.458097,77.429970,27.458068,77.429938,27.458218,77.429879,27.458369,77.429940,27.458525,77.429871,27.458528,77.429745,27.458527,77.429639,27.458580,77.429561,27.458586,77.429464",images/blockplantation/4d2b5ba1-a5e5-4bb4-b509-a3e6b7d9344d.jpg,150,"Amaltas: 25, Arjun: 20, Babool: 20, Harsingar: 25, Karanj: 15, Kikar: 10, Neem: 10, Siris: 10, Aak: 15",FALSE,2024-09-07 08:55:47.742737+05:30,2024-09-07 08:55:47.742756+05:30,1,18383,27.458065,77.4299733,2,7,2,810502,105,810502310
48352,"27.495558,77.208467,27.495940,77.205445,27.494102,77.204111,27.494005,77.204097,27.493980,77.204107",images/blockplantation/c3fe88c7-49cc-4215-8c2f-a08580c025e6.jpg,800,"Karanj: 100, Peepal: 100, Seesam: 100, Siris: 200, Babool: 300",FALSE,2024-09-07 08:56:12.86283+05:30,2024-09-07 08:56:12.862868+05:30,1,40128,27.4958183,77.2064933,2,4,10,810502,105,810502360
48353,"29.402531,74.555380,29.402566,74.555341,29.402640,74.555323,29.402665,74.555330,29.402708,74.555334,29.402763,74.555334,29.402786,74.555329,29.402802,74.555327,29.402824,74.555321,29.402854,74.555314",images/blockplantation/1e6fe303-c36b-4c4d-aa0f-d5517c4fd033.jpg,100,"Amla: 20, Amrood: 30, Arjun: 20, Banyan: 2, Dhak: 20, Moringa: 8",FALSE,2024-09-07 08:57:01.901357+05:30,2024-09-07 08:57:01.901377+05:30,1,77485,29.4028794,74.5553131,2,7,1.2,810007,100,810007200
48354,"29.402877,74.555332,29.402894,74.555290,29.402896,74.555266,29.402888,74.555234,29.402880,74.555212,29.402888,74.555174,29.402900,74.555159,29.402903,74.555139,29.402902,74.555100,29.402896,74.555068,29.402895,74.555040,29.402883,74.555018,29.402894,74.555000",images/blockplantation/72d0c162-0668-447c-bbed-abaf0b7a4378.jpg,200,"Amaltas: 50, Amrood: 30, Arjun: 20, Banyan: 10, Gular: 10, Karanj: 20, Kikar: 20, Neem: 40",FALSE,2024-09-07 08:59:32.624438+05:30,2024-09-07 08:59:32.624458+05:30,1,77485,29.4032178,74.5554729,2,7,1.6,810007,100,810007200
48355,"27.496247,77.203715,27.496278,77.203637,27.496333,77.202894,27.496374,77.202712,27.496465,77.201949,27.496495,77.201911,27.496701,77.201034,27.496741,77.200309,27.496784,77.199893,27.496811,77.199801,27.496912,77.199168,27.496943,77.199166",images/blockplantation/fabd4b25-537d-4c71-8630-0425cfd922d3.jpg,800,"Babool: 300, Karanj: 300, Siris: 200",FALSE,2024-09-07 09:05:08.205397+05:30,2024-09-07 09:05:08.205416+05:30,1,40128,27.4969841,77.1991111,2,9,10,810502,105,810502360
48356,"27.498388,77.194247,27.499674,77.190234,27.499891,77.189333,27.500058,77.189480,27.499993,77.190081,27.499946,77.190711,27.500164,77.192038,27.500716,77.193593,27.500863,77.193954",images/blockplantation/6923d0ef-3bd2-4fc2-95ed-b87744c8c880.jpg,1500,"Babool: 500, Siris: 500, Karanj: 500",FALSE,2024-09-07 09:12:21.816747+05:30,2024-09-07 09:12:21.816767+05:30,1,40128,27.5006743,77.1940034,2,3,15,810502,105,810502360
48357,"27.458498,77.430755,27.458454,77.430729,27.457797,77.430462,27.457890,77.430954",images/blockplantation/b272686d-1c3c-4951-bcd3-0d83e0a57c57.jpg,100,"Amla: 10, Arjun: 10, Harsingar: 10, Karanj: 10, Kikar: 10, Neem: 15, Seesam: 10, Siris: 10, Kadamb: 5, Lemon: 10",FALSE,2024-09-07 09:15:54.648979+05:30,2024-09-07 09:15:54.648999+05:30,1,77500,27.4585134,77.4307145,3,1,1,810502,105,810502310
48358,"27.496102,77.388734,27.496102,77.388734,27.496127,77.388823,27.496131,77.388832,27.496167,77.388791,27.496239,77.388785,27.496295,77.388788,27.496334,77.388796,27.496379,77.388802,27.496464,77.388833,27.496534,77.388863,27.496585,77.388904,27.496627,77.388940,27.496663,77.388973,27.496711,77.389004,27.496752,77.389017,27.496800,77.389048,27.496848,77.389065,27.496897,77.389119,27.496939,77.389130,27.496997,77.389108,27.497044,77.389122,27.497052,77.389116,27.497069,77.389135,27.497107,77.389177,27.497180,77.389247,27.497273,77.389338,27.497318,77.389378,27.497354,77.389450,27.497286,77.389520,27.497209,77.389573,27.497106,77.389677,27.497035,77.389756,27.496958,77.389844,27.496900,77.389914,27.496814,77.389888,27.496764,77.389784,27.496723,77.389707,27.496639,77.389583,27.496553,77.389454,27.496491,77.389363,27.496419,77.389312,27.496260,77.389189,27.496210,77.389101,27.496106,77.389006,27.496083,77.388954,27.496129,77.388877,27.496212,77.388772,27.496266,77.388697,27.496306,77.388697",images/blockplantation/8bef4634-9927-4a03-8cb5-030791f7f70b.jpg,210,"Aak: 50, Amrood: 12, Arjun: 13, Bael: 20, Ber: 48, Google: 12, Imli: 16, Kair: 32, Kikar: 7",FALSE,2024-09-07 09:17:21.09735+05:30,2024-09-07 09:17:21.097371+05:30,1,25033,27.4961391,77.3888288,2,7,1.5,810502,105,810502140
48359,"28.933098,74.397335,28.933110,74.397094,28.933178,74.397546,28.933121,74.397933,28.933045,74.397997",images/blockplantation/5aa262ef-dc41-4051-ae01-f750a83319bd.jpg,100,"Khejri: 20, Neem: 10, Safed Kikar: 18, Ber: 25, Kair: 25, Seesam: 2",FALSE,2024-09-07 09:19:43.648557+05:30,2024-09-07 09:19:43.648578+05:30,2,72965,28.9329806,74.3978781,13,10,2,810003,100,810003220
48360,"28.930283,74.397378,28.930280,74.397377,28.930334,74.397279,28.930631,74.397373",images/blockplantation/bd6dbf21-3347-4484-b3ea-6c18f9567655.jpg,150,"Kair: 50, Khejri: 50, Babool: 50",FALSE,2024-09-07 09:32:07.973844+05:30,2024-09-07 09:32:07.973865+05:30,1,72965,28.9305789,74.3976958,2,1,2,810003,100,810003220
48361,"27.440390,77.398833,27.440390,77.398833,27.440434,77.398595,27.440434,77.398595,27.440434,77.398595",images/blockplantation/0d946007-4305-41d8-bb08-5df644ff5d47.jpg,1000,"Peepal: 100, Seesam: 100, Mango: 100, Amla: 100, Amrood: 100, Babool: 100, Bael: 100, Ber: 100, Bargad: 100, Harsingar: 100",FALSE,2024-09-07 09:43:33.967835+05:30,2024-09-07 09:43:33.967855+05:30,1,77473,27.440384,77.3988624,2,7,1,810502,105,810502190
48362,"28.929533,74.397183,28.929467,74.397375,28.929310,74.397417,28.929530,74.397585",images/blockplantation/7a4fa327-6749-4525-b811-5d6cc1230ba8.jpg,100,"Babool: 20, Khejri: 25, Peepal: 10, Neem: 15, Khair: 30",FALSE,2024-09-07 09:46:29.702266+05:30,2024-09-07 09:46:29.702285+05:30,1,72965,28.9295507,74.3975016,2,12,0.5,810003,100,810003220
48363,"27.473734,77.377604,27.473710,77.377733,27.473501,77.377720,27.473440,77.377557",images/blockplantation/aa07b67b-f814-4409-8c79-c93dd22cdc4b.jpg,1000,"Seesam: 8, Neem: 5, Amla: 5, Bael: 6, Kachnar: 4, Karanj: 10, Siris: 50, Lemon: 15, Harsingar: 5, Others: 892",FALSE,2024-09-07 09:47:13.704463+05:30,2024-09-07 09:47:13.704488+05:30,1,77513,27.473732,77.3776363,2,7,0.12,810502,105,810502040
48364,"27.440420,77.398632,27.440420,77.398633,27.440420,77.398634,27.440420,77.398634",images/blockplantation/0d5dccca-e9a1-479c-a911-193d04f85c9a.jpg,1000,"Amrood: 100, Ber: 100, Jamun: 100, Kadam: 100, Karanj: 100, Lemon: 100, Neem: 100, Peepal: 100, Seesam: 100, Moringa: 100",FALSE,2024-09-07 09:48:27.371791+05:30,2024-09-07 09:48:27.371813+05:30,1,77473,27.4403196,77.3987403,2,9,1,810502,105,810502190
48365,"27.473517,77.327942,27.473497,77.327899,27.473494,77.327894,27.473509,77.327875",images/blockplantation/84b66c64-ffd4-4257-8513-089f3b138c8a.jpg,300,Others: 300,FALSE,2024-09-07 09:50:24.764518+05:30,2024-09-07 09:50:24.764538+05:30,1,77471,27.4735458,77.3279666,2,7,1,810502,105,810502473
48366,"27.440364,77.398609,27.440364,77.398609,27.440364,77.398609,27.440364,77.398609,27.440364,77.398609",images/blockplantation/506b1719-4ac5-4552-aad1-556d5430233b.jpg,1000,"Amrood: 100, Babool: 100, Banyan: 100, Ber: 100, Jamun: 100, Karanj: 100, Lemon: 100, Neem: 100, Moringa: 100, JUNGLE JALEBI: 100",FALSE,2024-09-07 09:52:21.350839+05:30,2024-09-07 09:52:21.350891+05:30,1,77473,27.4403549,77.3986331,2,11,1,810502,105,810502190
48367,"28.926665,74.396436,28.925433,74.396327,28.924856,74.396175,28.924757,74.396188",images/blockplantation/9687bbaa-c4a2-406b-a389-156a570dfddb.jpg,150,"Ber: 50, Aak: 50, Babool: 50",FALSE,2024-09-07 09:57:05.992543+05:30,2024-09-07 09:57:05.992563+05:30,2,72965,28.9245739,74.396092,2,9,2,810003,100,810003220
48368,"27.440407,77.398580,27.440404,77.398578,27.440404,77.398578,27.440398,77.398584",images/blockplantation/e35b8732-21d1-4034-ae56-c2f66b1e6f8c.jpg,1000,"Amrood: 100, Kikar: 100, Neem: 100, Lemon: 100, Moringa: 100, Peepal: 100, Kadam: 100, Jamun: 100, Banyan: 100, Amaltas: 100",FALSE,2024-09-07 10:01:17.152636+05:30,2024-09-07 10:01:17.152658+05:30,1,77473,27.4404123,77.398576,2,9,1,810502,105,810502190
48369,"28.918675,74.393372,28.918649,74.393342,28.918654,74.393235,28.918611,74.393154,28.918607,74.393158",images/blockplantation/0faa6c24-81eb-4c04-8fd2-5be117fecd6e.jpg,100,"Kair: 20, Khejri: 25, Neem: 30, Safed Kikar: 20, Seesam: 5",FALSE,2024-09-07 10:07:30.254282+05:30,2024-09-07 10:07:30.2543+05:30,2,72965,28.9185536,74.3931103,2,2,6,810003,100,810003220
48370,"27.398116,77.194816,27.398074,77.195138,27.397751,77.195018,27.397820,77.194665",images/blockplantation/eb626bda-e2bc-4ab5-80ed-a81213b6e782.jpg,176,"Amla: 50, Amrood: 25, Bael: 4, Karanj: 25, Khejri: 2, Lemon: 25, Neem: 20, Peepal: 5, Karanj: 20",FALSE,2024-09-07 10:12:45.277184+05:30,2024-09-07 10:12:45.277204+05:30,1,77411,27.3980482,77.1949278,2,11,0.8,810502,105,810502240
48371,"27.446185,77.393627,27.446185,77.393627,27.446185,77.393627,27.446185,77.393627",images/blockplantation/670c4ebc-d866-44db-89a0-533132e69086.jpg,1000,"Amrood: 100, Babool: 100, Ber: 100, Jamun: 100, JUNGLE JALEBI: 100, Lemon: 100, Kikar: 100, Seesam: 100, Siris: 100, Peepal: 100",FALSE,2024-09-07 11:05:00.133621+05:30,2024-09-07 11:05:00.13364+05:30,1,77479,27.446185,77.3936272,2,7,0.5,810502,105,810502310
48372,"27.440317,77.398813,27.440298,77.398789,27.440248,77.398778,27.440154,77.398556",images/blockplantation/8b7c8dea-266d-4b34-8bb3-183c6e0bc613.jpg,1000,"Ber: 100, Harsingar: 100, Jamun: 100, Kachnar: 100, Karanj: 100, Kikar: 100, Lemon: 100, Neem: 100, Palash: 100, Sagon: 100",FALSE,2024-09-07 11:10:49.050382+05:30,2024-09-07 11:10:49.0504+05:30,1,77479,27.4400442,77.3985247,2,9,1,810502,105,810502190
48373,"27.410286,77.311123,27.410293,77.311190,27.410288,77.311195,27.410308,77.311182",images/blockplantation/963cef62-4a87-4228-969f-2b1aa4d26375.jpg,1000,Siris: 1000,FALSE,2024-09-07 11:13:49.583089+05:30,2024-09-07 11:13:49.583116+05:30,1,77537,27.4101992,77.3112109,2,7,1,810502,105,810502350
48374,"27.410321,77.311550,27.410331,77.311554,27.410332,77.311553,27.410333,77.311554,27.410332,77.311554,27.410377,77.311572",images/blockplantation/0d9c06ce-e290-4527-8ae6-412767b74642.jpg,500,Amaltas: 500,FALSE,2024-09-07 11:17:50.196347+05:30,2024-09-07 11:17:50.196366+05:30,1,77537,27.4102214,77.3114799,2,7,1,810502,105,810502350
48375,"27.410385,77.311683,27.410397,77.311743,27.410387,77.311761,27.410373,77.311774",images/blockplantation/8d69ce8d-00ad-4e10-9c59-ae85501bc91f.jpg,600,Dhak: 600,FALSE,2024-09-07 11:19:42.728152+05:30,2024-09-07 11:19:42.72817+05:30,1,77537,27.410391,77.3117014,2,7,1,810502,105,810502350
48376,"27.410332,77.311757,27.410337,77.311779,27.410335,77.311770,27.410340,77.311759",images/blockplantation/e9b63a1e-2f76-41b1-b088-6b0cbaec20bd.jpg,400,Amrood: 400,FALSE,2024-09-07 11:21:12.625276+05:30,2024-09-07 11:21:12.625295+05:30,1,77537,27.4103635,77.3117549,2,7,1,810502,105,810502350
48377,"27.410352,77.311792,27.410352,77.311795,27.410355,77.311816,27.410354,77.311827",images/blockplantation/fff647ea-3fbb-4dec-8903-4a7a5aa6968d.jpg,500,Amla: 500,FALSE,2024-09-07 11:22:22.122412+05:30,2024-09-07 11:22:22.122429+05:30,2,77537,27.4103308,77.3117993,2,7,0.5,810502,105,810502350
48378,"27.410395,77.311750,27.410403,77.311756,27.410403,77.311736,27.410409,77.311695",images/blockplantation/2d52b8e2-3f4e-41b8-9108-57098ceafb39.jpg,500,Ber: 500,FALSE,2024-09-07 11:23:34.34537+05:30,2024-09-07 11:23:34.345388+05:30,2,77537,27.4103664,77.3116871,2,7,1,810502,105,810502350
48379,"27.254462,77.600032,27.254462,77.600032,27.254462,77.600032,27.254462,77.600032,27.254462,77.600031",images/blockplantation/593010eb-9b0b-4b2e-ab69-1f7d7e1c6d84.jpg,100,Babool: 100,FALSE,2024-09-07 11:58:42.205775+05:30,2024-09-07 11:58:42.205794+05:30,1,77415,27.2544634,77.6000323,2,7,2,810509,105,810509280
48380,"27.220573,77.424246,27.220573,77.424246,27.220573,77.424246,27.220573,77.424246",images/blockplantation/a1cf7bb2-de1e-4655-ac15-48e2fb88498e.jpg,100,"Aak: 10, Arjun: 10, Babool: 20, Google: 10, Jamun: 20, Kadam: 30",FALSE,2024-09-07 12:06:53.13418+05:30,2024-09-07 12:06:53.134199+05:30,1,77518,27.2203672,77.4237397,2,7,0.2,0,0,0
48381,"27.253900,77.596157,27.253900,77.596157,27.253900,77.596157,27.253909,77.596197",images/blockplantation/b9fc4380-bcc7-4dc1-817a-1e6d2e136741.jpg,100,Neem: 100,FALSE,2024-09-07 12:16:57.300651+05:30,2024-09-07 12:16:57.30067+05:30,1,77415,27.2538974,77.5961566,2,9,1,810509,105,810509280
48382,"27.239322,77.453036,27.239318,77.453034,27.239212,77.452974,27.239167,77.452950,27.239131,77.452932,27.239088,77.452927,27.239043,77.452926,27.239005,77.452915,27.238947,77.452947,27.238913,77.452990,27.238913,77.453045,27.238913,77.453090,27.238909,77.453128,27.238917,77.453186,27.238923,77.453280,27.238923,77.453313,27.238926,77.453373,27.238924,77.453412,27.238917,77.453454,27.238926,77.453479,27.238949,77.453497,27.238971,77.453497,27.239013,77.453495,27.239049,77.453476,27.239070,77.453452,27.239091,77.453415,27.239111,77.453374,27.239136,77.453334,27.239159,77.453286,27.239189,77.453235,27.239206,77.453198,27.239214,77.453168,27.239230,77.453132,27.239249,77.453098,27.239280,77.453071,27.239296,77.453045,27.239305,77.453028,27.239315,77.453015,27.239345,77.453002,27.239372,77.453005,27.239407,77.453001,27.239425,77.452963,27.239423,77.452932,27.239417,77.452907,27.239377,77.452895,27.239331,77.452927,27.239320,77.452959,27.239364,77.453034",images/blockplantation/a16830a8-f4fa-41ee-a087-6c741816532e.jpg,210,"Babool: 10, Jamun: 20, Karanj: 40, Lemon: 20, Mango: 20, Neem: 20, Peepal: 10, Seesam: 10, Karanj: 20, Ber: 10, Aak: 10, Amrood: 20",FALSE,2024-09-07 12:55:01.880676+05:30,2024-09-07 12:55:01.880696+05:30,1,77518,27.2393399,77.45305,13,7,0.4,0,0,0
48383,"27.468124,77.318417,27.468036,77.318305,27.468049,77.318309,27.468046,77.318309",images/blockplantation/f9446dba-3883-4d3c-ab99-afd8fc71e303.jpg,100,Amrood: 100,FALSE,2024-09-07 13:57:00.061576+05:30,2024-09-07 13:57:00.061593+05:30,1,77473,27.4678921,77.318319,2,12,0.1,810502,105,810502060
48384,"26.925849,77.037789,26.925797,77.037939,26.925621,77.037799,26.925625,77.037800,26.925668,77.037714,26.925503,77.037664",images/blockplantation/988b2fe6-95a8-41c2-ade0-b3dcdb500fd1.jpg,450,"Amla: 50, Peepal: 100, Neemuch: 50, Karanj: 150, Babool: 100",FALSE,2024-09-07 15:09:30.669585+05:30,2024-09-07 15:09:30.669604+05:30,1,653,26.9257574,77.0378917,13,5,1,810510,105,810510290
48385,"26.929724,77.034178,26.929877,77.034312,26.930076,77.034502,26.929895,77.034838,26.929830,77.034673,26.929630,77.034488,26.929630,77.034488",images/blockplantation/17d98ab2-71a1-4ba2-b0db-dbfaf9a95531.jpg,546,"Amla: 100, Gular: 50, Neem: 200, Karanj: 100, Babool: 50, Ber: 46",FALSE,2024-09-07 15:24:57.856361+05:30,2024-09-07 15:24:57.856381+05:30,1,653,26.9297097,77.0341805,13,2,2,810510,105,810510380
48386,"26.659738,71.200368,26.659698,71.199081,26.658241,71.199198,26.658017,71.200242",images/blockplantation/4307fcf3-2502-47cc-a09b-5e6067802988.jpg,200,"Ber: 70, Neem: 60, Siris: 30, Others: 30, Khejri: 10",FALSE,2024-09-08 10:38:04.776572+05:30,2024-09-08 10:38:04.776592+05:30,1,7669,26.6595343,71.1995046,6,12,5,811402,114,811402110
48387,"26.767279,77.078958,26.767482,77.078757,26.767437,77.078557,26.767257,77.078658,26.766996,77.078682,26.766950,77.079161",images/blockplantation/dcfecebb-5a7b-497f-b2eb-71219f7bc00f.jpg,300,"Aak: 100, Amla: 100, Babool: 100",FALSE,2024-09-08 11:05:46.196211+05:30,2024-09-08 11:05:46.196229+05:30,1,14431,26.7669336,77.0781158,13,5,0.25,810701,107,810701180
48388,"26.739263,71.209324,26.739750,71.209376,26.739720,71.208828,26.739404,71.208827",images/blockplantation/1cc03c7a-0d55-4fb8-a009-0b2f1c3fcd66.jpg,100,"Ber: 30, Neem: 25, Khejri: 30, Others: 15",FALSE,2024-09-08 11:14:26.034895+05:30,2024-09-08 11:14:26.034913+05:30,1,7669,26.7396734,71.2093255,6,7,1.1,811402,114,811402110
48389,"26.704909,71.201584,26.705101,71.201168,26.704583,71.200926,26.704582,71.201232",images/blockplantation/7e066a6f-2034-4e14-b34e-29136d6aeb92.jpg,100,"Neem: 40, Siris: 20, Ber: 30, Khejri: 10",FALSE,2024-09-08 11:42:27.437979+05:30,2024-09-08 11:42:27.438+05:30,1,7669,26.7047504,71.2013577,6,7,0.99,811402,114,811402110
48390,"26.792158,77.162959,26.792106,77.162896,26.792071,77.162819,26.792015,77.162746",images/blockplantation/d0c43020-8ff2-4172-a9da-9eda4f5cf2b1.jpg,200,"Aak: 100, Amla: 100",FALSE,2024-09-08 12:17:20.564442+05:30,2024-09-08 12:17:20.564462+05:30,1,14431,26.7920975,77.1629276,13,3,0.2,810701,107,810701190
48391,"27.060545,77.508238,27.060450,77.508420,27.060227,77.508350,27.060002,77.508136,27.059846,77.507869",images/blockplantation/ef7b06ef-2bf7-4b3b-b6d2-6d3072fac582.jpg,100,"Neem: 20, Mango: 5, Karanj: 15, Seesam: 20, Others: 15, Babool: 15, Jamun: 10",FALSE,2024-09-08 12:17:42.848055+05:30,2024-09-08 12:17:42.848078+05:30,1,77570,27.0605217,77.5082317,2,9,3,810508,105,810508390
48392,"26.791943,77.162652,26.791980,77.162657,26.792070,77.162805,26.792110,77.162887,26.792120,77.162904",images/blockplantation/e5834054-6472-4627-9a31-3968522afda1.jpg,200,"Amaltas: 100, Amla: 100",FALSE,2024-09-08 12:19:22.01924+05:30,2024-09-08 12:19:22.019269+05:30,1,14431,26.792115,77.1629734,13,3,0.25,810701,107,810701190
48393,"26.807647,77.131160,26.807353,77.131101,26.807055,77.131069,26.807005,77.131290",images/blockplantation/644f5bee-a42d-4408-8e6e-af0c7b0b372c.jpg,200,"Amaltas: 100, Amrood: 100",FALSE,2024-09-08 12:35:24.483747+05:30,2024-09-08 12:35:24.483766+05:30,1,14431,26.8075109,77.1311226,13,2,0.2,810701,107,810701460
48394,"26.719922,71.337387,26.720065,71.337610,26.719755,71.338248,26.719538,71.338164",images/blockplantation/c9617b61-0f09-4991-b7a4-29992985af17.jpg,300,"Neem: 100, Siris: 50, Khejri: 50, Seesam: 50, Others: 50",FALSE,2024-09-08 13:14:48.407509+05:30,2024-09-08 13:14:48.407528+05:30,1,7669,26.7199789,71.3374318,6,7,0.95,811402,114,811402370
48395,"27.198876,77.521448,27.198835,77.521468,27.198835,77.521468,27.198891,77.521450,27.198891,77.521450,27.198897,77.521447,27.198899,77.521445,27.198899,77.521445,27.198899,77.521446,27.198898,77.521447,27.198898,77.521447,27.198898,77.521448,27.198898,77.521448,27.198899,77.521448,27.198899,77.521447,27.204881,77.508933,27.204881,77.508933,27.204881,77.508933,27.204881,77.508933,27.204881,77.508933,27.204881,77.508933,27.204880,77.508933,27.204880,77.508933,27.204880,77.508933,27.204880,77.508933,27.204880,77.508933,27.204880,77.508933,27.204880,77.508933,27.204880,77.508933,27.204880,77.508933,27.204880,77.508933,27.204880,77.508933,27.204880,77.508933,27.204880,77.508933,27.204880,77.508933,27.203378,77.509771,27.203378,77.509771,27.203378,77.509771,27.203378,77.509771,27.203378,77.509771,27.203378,77.509771,27.203378,77.509771,27.203378,77.509771,27.203378,77.509771,27.203378,77.509771,27.203378,77.509771,27.203378,77.509771,27.203378,77.509771,27.203378,77.509771,27.203378,77.509771,27.203378,77.509771,27.203378,77.509771,27.203378,77.509771,27.203378,77.509771,27.203378,77.509771,27.203378,77.509771,27.203378,77.509771,27.203378,77.509771,27.203378,77.509771,27.203378,77.509771,27.203378,77.509771,27.203378,77.509771,27.203378,77.509771,27.203378,77.509771,27.203378,77.509771,27.203378,77.509771,27.203378,77.509771,27.203378,77.509771,27.203378,77.509771,27.203983,77.506969,27.203983,77.506969,27.203984,77.506970,27.203984,77.506970,27.203984,77.506970,27.203984,77.506970,27.203984,77.506970,27.203984,77.506970,27.203984,77.506970,27.203984,77.506970,27.202855,77.504684,27.202855,77.504684,27.202855,77.504684,27.202855,77.504684,27.202855,77.504684,27.202855,77.504684,27.202855,77.504684,27.202855,77.504684,27.202855,77.504684,27.202855,77.504684,27.202855,77.504684,27.202855,77.504684,27.202855,77.504684,27.202855,77.504684,27.202855,77.504684,27.202855,77.504684",images/blockplantation/122c4f53-1d06-40f1-b36f-97194083b9a2.jpg,100,"Babool: 15, Safed Kikar: 25, Babool: 34, Karanj: 10, Seesam: 16",FALSE,2024-09-08 16:47:39.297463+05:30,2024-09-08 16:47:39.297483+05:30,2,77416,27.2028015,77.5046767,2,12,1,810509,105,810509230
48396,"27.228348,77.487873,27.228373,77.487875,27.228295,77.487881,27.228194,77.487554",images/blockplantation/0aa4527b-e858-4d5e-bfbd-4f448d25d9a7.jpg,100,"Seesam: 35, Semal: 35, Others: 30",FALSE,2024-09-08 19:40:57.724444+05:30,2024-09-08 19:40:57.724466+05:30,1,77413,27.2281749,77.4875272,2,5,1,810509,105,810509729
48397,"27.475735,77.315502,27.475735,77.315502,27.475735,77.315502,27.475735,77.315502",images/blockplantation/95e9d53d-0e81-41a1-8652-d39e158c1084.jpg,600,"Ber: 400, Seesam: 150, Siris: 50",FALSE,2024-09-09 07:40:04.505275+05:30,2024-09-09 07:40:04.505296+05:30,1,77566,27.4757257,77.3154649,2,1,2,810502,105,810502473
48398,"27.443396,77.394704,27.443396,77.394704,27.443396,77.394704,27.443396,77.394704",images/blockplantation/a17703c3-bfef-4d03-8a1d-4a85c9cac56f.jpg,100,Amrood: 100,FALSE,2024-09-09 07:41:56.772007+05:30,2024-09-09 07:41:56.772029+05:30,1,77495,27.4433961,77.3947035,2,7,0.2,810502,105,810502190
48399,"27.440269,77.398901,27.440269,77.398901,27.440269,77.398901,27.440269,77.398901",images/blockplantation/2dcc97cc-3d4c-493b-adda-82eea4289339.jpg,100,Babool: 100,FALSE,2024-09-09 07:42:53.863192+05:30,2024-09-09 07:42:53.863211+05:30,1,77495,27.440278,77.3988986,2,7,0.2,810502,105,810502190
48400,"27.440299,77.398927,27.440299,77.398927,27.440299,77.398927,27.440299,77.398927",images/blockplantation/290613bc-e535-41f6-8bba-26521c4c5672.jpg,100,Banyan: 100,FALSE,2024-09-09 07:43:49.048104+05:30,2024-09-09 07:43:49.048125+05:30,1,77495,27.4402897,77.3989105,2,7,0.2,810502,105,810502190
48401,"27.440302,77.398911,27.440302,77.398911,27.440302,77.398911,27.440302,77.398911",images/blockplantation/99386497-8808-4dbf-afb1-d9017d6557a8.jpg,100,Karanj: 100,FALSE,2024-09-09 07:44:57.054658+05:30,2024-09-09 07:44:57.054678+05:30,1,77495,27.4403219,77.3989047,2,7,0.2,810502,105,810502190
48402,"27.440320,77.398900,27.440320,77.398900,27.440320,77.398900,27.440320,77.398900",images/blockplantation/6dc617bf-7726-464f-9c50-b0b8213698cf.jpg,100,Amla: 100,FALSE,2024-09-09 07:49:42.736004+05:30,2024-09-09 07:49:42.736026+05:30,1,77495,27.4403602,77.3988863,2,11,0.5,810502,105,810502190
48403,"27.440387,77.398863,27.440387,77.398863,27.440387,77.398863,27.440387,77.398863",images/blockplantation/22e0f8b5-e746-4a63-a9bc-58a79137ef62.jpg,100,Bael: 100,FALSE,2024-09-09 07:50:42.143477+05:30,2024-09-09 07:50:42.143497+05:30,1,77495,27.4403834,77.3988615,2,11,0.5,810502,105,810502190
48404,"27.560893,77.320713,27.560816,77.320530,27.560706,77.320449,27.560698,77.320404",images/blockplantation/b8073148-74d1-4ba0-8131-68c4dfbc49a8.jpg,100,Amla: 100,FALSE,2024-09-09 07:51:15.126455+05:30,2024-09-09 07:51:15.126477+05:30,1,77535,27.5607062,77.3208611,2,7,2,810502,105,810502300
48405,"27.440398,77.398827,27.440399,77.398827,27.440399,77.398827,27.440399,77.398827",images/blockplantation/d265c1e0-cc2d-46a4-bd40-ebfefc7b4621.jpg,100,Harsingar: 100,FALSE,2024-09-09 07:51:37.423647+05:30,2024-09-09 07:51:37.423669+05:30,1,77495,27.4404003,77.3988239,2,11,0.5,810502,105,810502190
48406,"27.481179,77.264615,27.481193,77.264525,27.481203,77.264436,27.481335,77.263060",images/blockplantation/743692ca-8785-4cc5-af0e-c68986258ea7.jpg,500,"Aak: 300, Kair: 150, Khair: 50",FALSE,2024-09-09 07:53:03.537904+05:30,2024-09-09 07:53:03.537923+05:30,1,77566,27.4810788,77.2661251,2,7,2,810502,105,810502050
48407,"27.440420,77.398796,27.440420,77.398796,27.440419,77.398797,27.440419,77.398797",images/blockplantation/499cf5d1-2e2b-46e1-b7a2-d1d4515f0616.jpg,100,Neem: 100,FALSE,2024-09-09 07:54:05.81794+05:30,2024-09-09 07:54:05.817958+05:30,1,77495,27.4403872,77.3988399,2,7,0.2,810502,105,810502190
48408,"27.560768,77.320077,27.560788,77.320127,27.560796,77.320127,27.560793,77.320183",images/blockplantation/a26ae026-aee1-4767-9ad7-eff11e3c042b.jpg,500,Peepal: 500,FALSE,2024-09-09 07:54:58.198706+05:30,2024-09-09 07:54:58.198725+05:30,1,77535,27.5608331,77.3204469,2,7,2,810502,105,810502300
48409,"27.484437,77.249452,27.484457,77.249405,27.484476,77.249357,27.484574,77.249178",images/blockplantation/0f6b0765-cb58-44aa-b26a-4c56740510a5.jpg,600,"Neem: 350, Seesam: 100, Tendu: 150",FALSE,2024-09-09 07:56:33.920605+05:30,2024-09-09 07:56:33.920629+05:30,1,77566,27.4830348,77.2540988,2,1,3,810502,105,810502260
48410,"27.487611,77.245235,27.487620,77.245186,27.487672,77.245011,27.487726,77.244999",images/blockplantation/ce2bfb83-c370-42e3-9900-043a1823aafc.jpg,550,"Aak: 300, Ardu: 150, Ber: 100",FALSE,2024-09-09 07:58:53.833139+05:30,2024-09-09 07:58:53.833167+05:30,1,77566,27.4849735,77.2475373,2,1,2,810502,105,810502260
48411,"27.560661,77.320126,27.560718,77.320217,27.560887,77.320325,27.561026,77.320387",images/blockplantation/06a6f6c9-8fe6-4895-b1a9-121346d96509.jpg,500,Shatavari: 500,FALSE,2024-09-09 07:59:06.874185+05:30,2024-09-09 07:59:06.874208+05:30,1,77535,27.5605948,77.3201296,2,11,3,810502,105,810502300
48412,"27.440368,77.398868,27.440368,77.398868,27.440368,77.398868,27.440368,77.398868,27.440367,77.398868,27.440367,77.398868",images/blockplantation/d6b3d0a7-3eaf-4ab0-9e20-3530d9354907.jpg,100,Amrood: 100,FALSE,2024-09-09 08:00:24.036982+05:30,2024-09-09 08:00:24.037002+05:30,1,77495,27.4403666,77.3988668,2,11,0.5,810502,105,810502190
48413,"27.440372,77.398870,27.440372,77.398870,27.440372,77.398873,27.440372,77.398873,27.440372,77.398873",images/blockplantation/65919f07-42fb-4d0c-99f8-daa5a6cb60a4.jpg,100,Jamun: 100,FALSE,2024-09-09 08:01:24.02747+05:30,2024-09-09 08:01:24.02749+05:30,1,77495,27.4403717,77.3988798,2,9,0.5,810502,105,810502190
48414,"27.440375,77.398850,27.440375,77.398850,27.440375,77.398850,27.440374,77.398850",images/blockplantation/2c7b8016-ffa2-4198-91ea-df52d2fbb257.jpg,100,Babool: 100,FALSE,2024-09-09 08:03:40.073454+05:30,2024-09-09 08:03:40.073479+05:30,1,77495,27.4403718,77.3988507,2,9,0.5,810502,105,810502190
48415,"27.440371,77.398848,27.440371,77.398848,27.440371,77.398848,27.440371,77.398848",images/blockplantation/2a989dd5-6647-469e-9744-d7641d84842f.jpg,100,Jamun: 100,FALSE,2024-09-09 08:04:32.386449+05:30,2024-09-09 08:04:32.386467+05:30,1,77495,27.4403696,77.3988619,2,9,0.5,810502,105,810502190
48416,"27.440382,77.398862,27.440382,77.398862,27.440382,77.398862,27.440382,77.398862",images/blockplantation/5e25ac25-615e-4f00-9f5a-48eae2da2ac1.jpg,100,Seesam: 100,FALSE,2024-09-09 08:05:18.367888+05:30,2024-09-09 08:05:18.367909+05:30,1,77495,27.440381,77.3988597,2,9,0.5,810502,105,810502190
48417,"27.440377,77.398852,27.440377,77.398852,27.440377,77.398852,27.440377,77.398852",images/blockplantation/f47e0707-7f7e-4c6c-9c70-0fe45d568602.jpg,100,Ber: 100,FALSE,2024-09-09 08:06:23.917543+05:30,2024-09-09 08:06:23.917563+05:30,1,77495,27.4403728,77.3988686,2,9,0.5,810502,105,810502190
48418,"27.440379,77.398856,27.440379,77.398857,27.440379,77.398857,27.440379,77.398859,27.440379,77.398859,27.440379,77.398861",images/blockplantation/fbd3de9c-52c5-40c3-9ecb-916fcd6909c7.jpg,100,Karanj: 100,FALSE,2024-09-09 08:07:22.877111+05:30,2024-09-09 08:07:22.877135+05:30,1,77495,27.4403745,77.3988593,2,9,0.5,810502,105,810502190
48419,"27.440385,77.398840,27.440385,77.398840,27.440385,77.398840,27.440386,77.398840",images/blockplantation/748e546a-e7b3-43e5-820d-ca4caf4e543c.jpg,100,Amrood: 100,FALSE,2024-09-09 08:08:51.165977+05:30,2024-09-09 08:08:51.166001+05:30,1,77495,27.4403845,77.3988378,2,11,0.5,810502,105,810502190
48420,"27.440369,77.398855,27.440369,77.398855,27.440369,77.398855,27.440369,77.398855",images/blockplantation/20daf998-a807-4371-ad2b-2b0250bace80.jpg,100,Amrood: 100,FALSE,2024-09-09 08:11:48.800835+05:30,2024-09-09 08:11:48.800857+05:30,1,77495,27.440368,77.3988561,2,1,0.5,810502,105,810502190
48421,"27.440362,77.398860,27.440362,77.398860,27.440362,77.398860,27.440362,77.398860,27.440362,77.398860,27.440362,77.398860,27.440362,77.398860",images/blockplantation/4175b2dd-97d6-45ee-bb62-e93a3749dc85.jpg,100,Banyan: 100,FALSE,2024-09-09 08:15:01.982848+05:30,2024-09-09 08:15:01.982867+05:30,1,77495,27.4403399,77.3988873,2,1,0.5,810502,105,810502190
48422,"27.440339,77.398928,27.440339,77.398928,27.440340,77.398928,27.440340,77.398928",images/blockplantation/875cd23d-d148-4dd4-958d-d139017c29c4.jpg,100,Bael: 100,FALSE,2024-09-09 08:15:54.556213+05:30,2024-09-09 08:15:54.556232+05:30,1,77495,27.4403254,77.3989017,2,1,0.5,810502,105,810502190
48423,"27.440316,77.398922,27.440316,77.398922,27.440316,77.398922,27.440316,77.398922,27.440316,77.398922",images/blockplantation/becb83c4-6830-45c2-8dd2-a9ac79506fc5.jpg,100,Peepal: 100,FALSE,2024-09-09 08:17:40.322045+05:30,2024-09-09 08:17:40.322064+05:30,1,77495,27.4403163,77.3989225,2,1,0.5,810502,105,810502190
48424,"27.440317,77.398934,27.440317,77.398934,27.440317,77.398934,27.440317,77.398934,27.440317,77.398934",images/blockplantation/e249b7ee-1460-435e-9cec-b37644aa744b.jpg,100,Amla: 100,FALSE,2024-09-09 08:18:52.963474+05:30,2024-09-09 08:18:52.963493+05:30,1,77495,27.4403155,77.3989359,2,9,0.5,810502,105,810502190
48425,"27.440308,77.398907,27.440308,77.398907,27.440308,77.398907,27.440308,77.398907,27.440308,77.398907",images/blockplantation/810be808-7e72-41af-8e2f-f4dcb77523fd.jpg,100,Bael: 100,FALSE,2024-09-09 08:21:43.130696+05:30,2024-09-09 08:21:43.130715+05:30,1,77495,27.4403109,77.3989163,2,9,0.5,810502,105,810502190
48426,"27.456328,77.388912,27.456290,77.388610,27.456290,77.388610,27.456290,77.388610",images/blockplantation/e1412277-06b1-4563-8d40-fdeffc894936.jpg,100,"Amrood: 20, Neem: 40, Peepal: 30, Bargad: 5, Kair: 5",FALSE,2024-09-09 08:22:02.224597+05:30,2024-09-09 08:22:02.224616+05:30,1,77558,27.4562867,77.3886323,2,2,2,810502,105,810502310
48427,"27.440292,77.398713,27.440292,77.398715,27.440292,77.398715,27.440293,77.398715,27.440293,77.398715",images/blockplantation/eded42c6-212d-424a-aab1-9dbc133ea3ac.jpg,100,Babool: 100,FALSE,2024-09-09 08:22:53.877481+05:30,2024-09-09 08:22:53.877503+05:30,1,77495,27.4402932,77.3987035,2,9,0.5,810502,105,810502190
48428,"27.440297,77.398694,27.440297,77.398694,27.440297,77.398694,27.440318,77.398684",images/blockplantation/1627bd5d-5248-40c1-a0f4-cb6c1a47c399.jpg,100,Siris: 100,FALSE,2024-09-09 08:24:04.224089+05:30,2024-09-09 08:24:04.224109+05:30,1,77495,27.4402968,77.39869,2,9,0.25,810502,105,810502190
48429,"27.440325,77.398681,27.440324,77.398680,27.440324,77.398680,27.440324,77.398680,27.440324,77.398680",images/blockplantation/4533ff92-0a78-4ae8-9ceb-e8fc6bf4db59.jpg,100,Amrood: 100,FALSE,2024-09-09 08:24:58.200711+05:30,2024-09-09 08:24:58.200732+05:30,1,77495,27.440317,77.3986717,2,9,0.5,810502,105,810502190
48430,"27.293865,77.512531,27.293867,77.512539,27.293801,77.512577,27.293851,77.512487,27.293861,77.512475",images/blockplantation/4be8b754-0847-4f2e-9ced-2adafebe9f03.jpg,645,"Seesam: 200, Neem: 125, Peepal: 120, Amaltas: 50, Banyan: 10, Karanj: 140",FALSE,2024-09-09 08:26:37.73752+05:30,2024-09-09 08:26:37.737541+05:30,2,77514,27.2938617,77.51256,2,2,0.5,810509,105,810509130
48431,"27.440316,77.398682,27.440316,77.398682,27.440316,77.398682,27.440316,77.398682,27.440316,77.398682",images/blockplantation/c80a700a-8e0d-49f6-bc01-19b6d1ef997a.jpg,100,Peepal: 100,FALSE,2024-09-09 08:27:21.031996+05:30,2024-09-09 08:27:21.032017+05:30,1,77495,27.4403138,77.3986814,2,9,0.25,810502,105,810502190
48432,"27.440317,77.398673,27.440317,77.398673,27.440317,77.398673,27.440317,77.398673,27.440317,77.398673",images/blockplantation/7843a2e8-1668-47be-854d-f41fe4f7df9f.jpg,100,Amrood: 100,FALSE,2024-09-09 08:28:18.41303+05:30,2024-09-09 08:28:18.413074+05:30,1,77495,27.4403135,77.3986694,2,9,0.25,810502,105,810502190
48433,"27.440301,77.398611,27.440302,77.398612,27.440302,77.398612,27.440302,77.398612",images/blockplantation/203c6617-0111-4a38-8f39-0a44e293c621.jpg,100,Babool: 100,FALSE,2024-09-09 08:29:02.473567+05:30,2024-09-09 08:29:02.473587+05:30,1,77495,27.440305,77.3986133,2,9,0.28,810502,105,810502190
48434,"27.440306,77.398618,27.440306,77.398618,27.440306,77.398618,27.440306,77.398618,27.440306,77.398618",images/blockplantation/2b9dbb1f-959b-40a2-b657-7ebe5130ca81.jpg,100,Ber: 100,FALSE,2024-09-09 08:30:25.900635+05:30,2024-09-09 08:30:25.900657+05:30,1,77495,27.4403054,77.398616,2,2,0.1,810502,105,810502190
48435,"27.440317,77.398629,27.440317,77.398629,27.440317,77.398629,27.440317,77.398629",images/blockplantation/a5599234-03bd-4589-9a6e-23df44a68bd7.jpg,100,Lemon: 100,FALSE,2024-09-09 08:31:13.711591+05:30,2024-09-09 08:31:13.711611+05:30,1,77495,27.4402996,77.398629,2,2,0.1,810502,105,810502190
48436,"27.440323,77.398609,27.440321,77.398609,27.440321,77.398609,27.440321,77.398609,27.440321,77.398609",images/blockplantation/b9725b39-f153-49d1-a928-fb4bb5ac51af.jpg,100,Jamun: 100,FALSE,2024-09-09 08:32:03.98742+05:30,2024-09-09 08:32:03.98744+05:30,1,77495,27.4403168,77.3986146,2,1,0.25,810502,105,810502190
48437,"27.440298,77.398680,27.440298,77.398680,27.440298,77.398678,27.440298,77.398678,27.440298,77.398678",images/blockplantation/0da5d2b7-a33b-4ab6-ae30-510f106b6603.jpg,100,Harsingar: 100,FALSE,2024-09-09 08:33:19.658507+05:30,2024-09-09 08:33:19.658527+05:30,1,77495,27.4402925,77.3986788,2,7,0.2,810502,105,810502190
48438,"27.440263,77.398669,27.440263,77.398669,27.440263,77.398669,27.440263,77.398669,27.440263,77.398669,27.440263,77.398669",images/blockplantation/d9bb9217-1fad-456b-8894-2afbe68106e4.jpg,100,Babool: 100,FALSE,2024-09-09 08:34:12.218974+05:30,2024-09-09 08:34:12.218994+05:30,1,77495,27.4402627,77.3986737,2,1,0.5,810502,105,810502190
48439,"27.440258,77.398668,27.440258,77.398668,27.440258,77.398668,27.440258,77.398668,27.440258,77.398668",images/blockplantation/091f9686-310c-4f57-9295-3480f2c23eb7.jpg,100,Amla: 100,FALSE,2024-09-09 08:35:11.743502+05:30,2024-09-09 08:35:11.743523+05:30,1,77495,27.4402659,77.3986187,2,12,0.4,810502,105,810502190
48440,"27.440269,77.398617,27.440269,77.398617,27.440269,77.398617,27.440268,77.398616",images/blockplantation/adb54668-ac29-4e84-b3a9-68c5817117b0.jpg,100,Karanj: 100,FALSE,2024-09-09 08:36:07.751404+05:30,2024-09-09 08:36:07.751422+05:30,1,77495,27.4402698,77.3986137,2,12,0.4,810502,105,810502190
48441,"27.440254,77.398617,27.440254,77.398617,27.440254,77.398617,27.440254,77.398617",images/blockplantation/dc4bf771-1c11-4e1b-bbb7-b2ff80ff2c2b.jpg,100,Ber: 100,FALSE,2024-09-09 08:37:01.391643+05:30,2024-09-09 08:37:01.391677+05:30,1,77495,27.4402716,77.3985573,2,12,0.4,810502,105,810502190
48442,"27.440308,77.398572,27.440308,77.398572,27.440308,77.398572,27.440308,77.398572,27.440308,77.398573,27.440308,77.398573,27.440308,77.398573",images/blockplantation/79154b6c-0997-4022-bbc6-a20733fb046d.jpg,100,Jamun: 100,FALSE,2024-09-09 08:37:57.537754+05:30,2024-09-09 08:37:57.537779+05:30,1,77495,27.4402904,77.3985764,2,9,0.25,810502,105,810502190
48443,"27.440320,77.398610,27.440320,77.398610,27.440321,77.398610,27.440342,77.398605",images/blockplantation/7aa1ce8b-1f43-43b8-b329-638aa62d442e.jpg,100,Jamun: 100,FALSE,2024-09-09 08:39:01.384707+05:30,2024-09-09 08:39:01.384728+05:30,1,77495,27.4403182,77.3985868,2,7,0.1,810502,105,810502190
48444,"27.440466,77.398601,27.440466,77.398601,27.440466,77.398601,27.440466,77.398601,27.440466,77.398601",images/blockplantation/03082f5b-9051-4293-af97-e93f734f05bb.jpg,100,Imli: 100,FALSE,2024-09-09 08:43:14.425267+05:30,2024-09-09 08:43:14.425289+05:30,1,77495,27.4404543,77.3986084,2,9,0.25,810502,105,810502190
48445,"27.440383,77.398734,27.440383,77.398734,27.440381,77.398739,27.440380,77.398740,27.440380,77.398740",images/blockplantation/b2433bd3-38b9-46e7-853f-8a0d97a46523.jpg,100,Karanj: 100,FALSE,2024-09-09 08:44:38.844107+05:30,2024-09-09 08:44:38.844127+05:30,1,77495,27.4403976,77.3989018,2,9,0.25,810502,105,810502190
48446,"27.440354,77.398851,27.440351,77.398854,27.440337,77.398862,27.440339,77.398858",images/blockplantation/59e8e001-73c7-434b-b3b2-01751d472b1a.jpg,100,Amrood: 100,FALSE,2024-09-09 08:46:37.364356+05:30,2024-09-09 08:46:37.364376+05:30,1,77495,27.4403549,77.3988471,2,7,0.2,810502,105,810502190
48447,"27.440381,77.398839,27.440344,77.398800,27.440321,77.398765,27.440307,77.398741",images/blockplantation/2caf0d18-adaf-481f-9acd-2378d70dbc1d.jpg,100,Babool: 100,FALSE,2024-09-09 08:48:44.653869+05:30,2024-09-09 08:48:44.653891+05:30,1,77495,27.4404261,77.3989008,2,7,0.3,810502,105,810502190
48448,"27.440355,77.398589,27.440356,77.398580,27.440346,77.398550,27.440361,77.398519",images/blockplantation/d7d4a013-9430-45e3-a5c4-a6f6a1b21289.jpg,100,Gular: 100,FALSE,2024-09-09 08:50:18.642652+05:30,2024-09-09 08:50:18.642676+05:30,1,77495,27.4403085,77.3986036,2,7,0.2,810502,105,810502190
48449,"27.440790,77.396439,27.440790,77.396439,27.440790,77.396439,27.440790,77.396438,27.440790,77.396438",images/blockplantation/eb01ecf3-b2c4-4018-b2d1-80dfdf03737f.jpg,100,JUNGLE JALEBI: 100,FALSE,2024-09-09 09:01:13.085009+05:30,2024-09-09 09:01:13.08503+05:30,1,77495,27.4407639,77.3963995,2,11,0.2,810502,105,810502190
48450,"27.440766,77.396400,27.440766,77.396400,27.440767,77.396403,27.440767,77.396403,27.440767,77.396403",images/blockplantation/0a3bb673-9909-442b-98a2-5828ba495a5a.jpg,100,Bael: 100,FALSE,2024-09-09 09:02:17.517892+05:30,2024-09-09 09:02:17.517912+05:30,1,77495,27.4407192,77.396466,2,11,0.2,810502,105,810502190
48451,"27.440736,77.396453,27.440736,77.396454,27.440736,77.396454,27.440736,77.396454",images/blockplantation/6cb061cc-aff0-4891-8b39-a239cacf6042.jpg,100,Babool: 100,FALSE,2024-09-09 09:03:40.287354+05:30,2024-09-09 09:03:40.287373+05:30,1,77495,27.4407387,77.3964514,2,11,0.2,810502,105,810502190
48452,"27.440723,77.396462,27.440723,77.396462,27.440723,77.396462,27.440723,77.396462",images/blockplantation/8383289c-fcc1-4264-b45d-7696b74c9354.jpg,100,Harsingar: 100,FALSE,2024-09-09 09:04:30.584326+05:30,2024-09-09 09:04:30.58435+05:30,1,77495,27.4407087,77.3964424,2,11,0.2,810502,105,810502190
48453,"27.440717,77.396429,27.440717,77.396429,27.440717,77.396429,27.440717,77.396429,27.440717,77.396429",images/blockplantation/a9d1b7b9-f390-4e01-b62e-0da1f15273e9.jpg,100,Kadam: 100,FALSE,2024-09-09 09:05:41.875572+05:30,2024-09-09 09:05:41.875594+05:30,1,77495,27.4407174,77.3964289,2,11,0.2,810502,105,810502190
48454,"27.440711,77.396426,27.440711,77.396426,27.440711,77.396426,27.440709,77.396428,27.440709,77.396428",images/blockplantation/8999af9d-a0a2-4495-96fa-62e657fb4968.jpg,100,Siris: 100,FALSE,2024-09-09 09:06:18.854612+05:30,2024-09-09 09:06:18.854646+05:30,1,77495,27.4407131,77.3964184,2,11,0.2,810502,105,810502190
48455,"27.440720,77.396450,27.440720,77.396450,27.440720,77.396450,27.440720,77.396450,27.440720,77.396450",images/blockplantation/7b97b8d8-9822-4258-b41d-fb5eccb70665.jpg,100,Seesam: 100,FALSE,2024-09-09 09:07:08.549588+05:30,2024-09-09 09:07:08.549615+05:30,1,77495,27.4407253,77.396449,2,11,0.2,810502,105,810502190
48456,"27.440748,77.396444,27.440748,77.396444,27.440748,77.396444,27.440748,77.396444,27.440748,77.396444",images/blockplantation/052c849f-1cc6-4a9f-b255-1e4c09e72136.jpg,100,Neem: 100,FALSE,2024-09-09 09:08:06.82045+05:30,2024-09-09 09:08:06.820469+05:30,1,77495,27.4407575,77.3964445,2,9,0.25,810502,105,810502190
48457,"27.440736,77.396451,27.440736,77.396451,27.440736,77.396451,27.440736,77.396451",images/blockplantation/39826fc3-a05d-40ad-a5e9-a003de179662.jpg,100,Jamun: 100,FALSE,2024-09-09 09:09:16.089487+05:30,2024-09-09 09:09:16.089505+05:30,1,77495,27.4408669,77.3963294,2,9,0.25,810502,105,810502190
48458,"27.440846,77.396360,27.440847,77.396359,27.440847,77.396359,27.440847,77.396359,27.440847,77.396359",images/blockplantation/ebc1ec5f-87ad-422d-82b6-01f636a9ba32.jpg,100,Karanj: 100,FALSE,2024-09-09 09:10:01.647717+05:30,2024-09-09 09:10:01.647737+05:30,1,77495,27.4408437,77.3963584,2,9,0.25,810502,105,810502190
48459,"27.440851,77.396374,27.440851,77.396374,27.440851,77.396374,27.440851,77.396374,27.440851,77.396374",images/blockplantation/abf0d157-bf44-4a03-9d1b-8c720fcf036e.jpg,100,Karanj: 100,FALSE,2024-09-09 09:10:53.122852+05:30,2024-09-09 09:10:53.122872+05:30,1,77495,27.4408429,77.3963736,2,9,0.28,810502,105,810502190
48460,"27.440778,77.396404,27.440778,77.396404,27.440778,77.396404,27.440778,77.396404,27.440778,77.396404",images/blockplantation/b6f2a68c-af3c-44f0-aa7e-477001f3eb2a.jpg,100,Amrood: 100,FALSE,2024-09-09 09:11:43.82688+05:30,2024-09-09 09:11:43.826902+05:30,1,77495,27.4407703,77.3964009,2,9,0.25,810502,105,810502190
48461,"27.440743,77.396438,27.440743,77.396438,27.440743,77.396438,27.440743,77.396438,27.440743,77.396438",images/blockplantation/aacf1a52-7e73-4d21-8118-a87a86556323.jpg,100,Harsingar: 100,FALSE,2024-09-09 09:15:49.541627+05:30,2024-09-09 09:15:49.541649+05:30,1,77495,27.4407335,77.3964469,2,11,0.2,810502,105,810502190
48462,"27.440745,77.396445,27.440745,77.396445,27.440745,77.396445,27.440745,77.396445,27.440745,77.396445",images/blockplantation/c7ad20bd-11aa-4bbb-90eb-60384d5d4f38.jpg,100,Jamun: 100,FALSE,2024-09-09 09:17:07.705656+05:30,2024-09-09 09:17:07.705677+05:30,1,77495,27.4407433,77.3964454,2,9,0.25,810502,105,810502190
48463,"27.440733,77.396455,27.440733,77.396455,27.440733,77.396455,27.440733,77.396455",images/blockplantation/140d5172-91c8-466c-a0af-65280e5b7383.jpg,100,JUNGLE JALEBI: 100,FALSE,2024-09-09 09:18:04.337887+05:30,2024-09-09 09:18:04.337907+05:30,1,77495,27.440709,77.3964438,2,12,0.2,810502,105,810502190
48464,"27.440716,77.396436,27.440716,77.396436,27.440716,77.396436,27.440716,77.396436",images/blockplantation/55f3ee1f-bf51-49e0-82d2-c6f0b1466ddb.jpg,100,Imli: 100,FALSE,2024-09-09 09:18:55.464133+05:30,2024-09-09 09:18:55.464155+05:30,1,77495,27.4406998,77.3964252,2,9,0.25,810502,105,810502190
48465,"27.440710,77.396435,27.440710,77.396435,27.440710,77.396435,27.440710,77.396435,27.440710,77.396435",images/blockplantation/d961b9d7-ae4a-4223-833d-eb9ab47eed0e.jpg,100,Kikar: 100,FALSE,2024-09-09 09:19:59.290685+05:30,2024-09-09 09:19:59.290704+05:30,1,77495,27.4407396,77.39642,2,9,0.5,810502,105,810502190
48466,"27.440704,77.396436,27.440704,77.396436,27.440704,77.396436,27.440704,77.396436",images/blockplantation/b70e3e89-4026-45b8-9dfd-11046adb222d.jpg,100,Jamun: 100,FALSE,2024-09-09 09:20:48.459216+05:30,2024-09-09 09:20:48.459245+05:30,1,77495,27.4407038,77.3964368,2,1,0.25,810502,105,810502190
48467,"27.440707,77.396435,27.440707,77.396435,27.440707,77.396435,27.440707,77.396435,27.440707,77.396435",images/blockplantation/6e5f565d-ef20-411b-bf15-62e39297b578.jpg,100,Bargad: 100,FALSE,2024-09-09 09:21:23.750125+05:30,2024-09-09 09:21:23.750146+05:30,1,77495,27.4407066,77.3964358,2,11,0.25,810502,105,810502190
48468,"27.440707,77.396437,27.440707,77.396437,27.440707,77.396437,27.440707,77.396437",images/blockplantation/c3bbed91-3ece-497a-8ba3-de7a222012e1.jpg,100,Jamun: 100,FALSE,2024-09-09 09:22:22.547985+05:30,2024-09-09 09:22:22.548004+05:30,1,77495,27.4407057,77.3964394,2,9,0.25,810502,105,810502190
48469,"27.440708,77.396438,27.440708,77.396438,27.440708,77.396438,27.440708,77.396438",images/blockplantation/fda52862-486f-4ee6-b28f-173809c6b90d.jpg,100,Siris: 100,FALSE,2024-09-09 09:24:01.503748+05:30,2024-09-09 09:24:01.503765+05:30,1,77495,27.4407116,77.3964372,2,1,0.25,810502,105,810502190
48470,"27.440719,77.396449,27.440719,77.396449,27.440719,77.396449,27.440719,77.396449,27.440719,77.396449",images/blockplantation/fef7b35f-ec32-4877-a8dc-f1b76c455328.jpg,100,Jamun: 100,FALSE,2024-09-09 09:25:12.539966+05:30,2024-09-09 09:25:12.539989+05:30,1,77495,27.4407201,77.3964497,2,11,0.25,810502,105,810502190
48471,"27.440747,77.396458,27.440747,77.396458,27.440747,77.396458,27.440747,77.396459",images/blockplantation/d2ba7468-d239-489e-816e-b54b54178d08.jpg,100,Amrood: 100,FALSE,2024-09-09 09:25:57.673494+05:30,2024-09-09 09:25:57.673516+05:30,1,77495,27.4407473,77.396462,2,9,0.25,810502,105,810502190
48472,"27.440746,77.396461,27.440746,77.396461,27.440746,77.396461,27.440746,77.396461,27.440746,77.396461",images/blockplantation/940ee8f4-c2e3-4d16-8488-dc8d1ba83db4.jpg,100,Karanj: 100,FALSE,2024-09-09 09:26:54.45784+05:30,2024-09-09 09:26:54.457866+05:30,1,77495,27.4407455,77.3964607,2,1,0.25,810502,105,810502190
48473,"27.440745,77.396461,27.440745,77.396461,27.440745,77.396461,27.440745,77.396461",images/blockplantation/60f52caf-4131-468d-9768-136e2b210e2b.jpg,100,Seesam: 100,FALSE,2024-09-09 09:27:47.364105+05:30,2024-09-09 09:27:47.364124+05:30,1,77495,27.4407437,77.3964615,2,9,0.25,810502,105,810502190
48474,"27.440722,77.396453,27.440722,77.396453,27.440722,77.396453,27.440721,77.396455,27.440721,77.396455,27.440721,77.396455",images/blockplantation/2aab5884-7c58-4a1d-bc47-48974a499004.jpg,100,Amrood: 100,FALSE,2024-09-09 09:28:30.212088+05:30,2024-09-09 09:28:30.212109+05:30,1,77495,27.4407018,77.3964589,2,11,0.2,810502,105,810502190
48475,"27.440693,77.396439,27.440693,77.396439,27.440693,77.396439,27.440693,77.396439,27.440693,77.396439,27.440693,77.396439",images/blockplantation/ec6bf113-7713-4c08-ad0a-d20fbdd8139e.jpg,100,Babool: 100,FALSE,2024-09-09 09:29:52.341709+05:30,2024-09-09 09:29:52.34173+05:30,1,77495,27.4406931,77.396439,2,9,0.25,810502,105,810502190
48476,"27.440695,77.396444,27.440695,77.396444,27.440695,77.396444,27.440696,77.396442,27.440696,77.396442,27.440696,77.396442,27.440703,77.396440",images/blockplantation/8832c949-11a6-4746-b65a-7a31a57e2759.jpg,100,Aak: 100,FALSE,2024-09-09 09:31:39.555477+05:30,2024-09-09 09:31:39.555496+05:30,1,77495,27.4407002,77.3964372,2,9,0.25,810502,105,810502190
48477,"27.440702,77.396450,27.440702,77.396450,27.440702,77.396450,27.440702,77.396450,27.440702,77.396450",images/blockplantation/3700e104-dc42-4f15-b2eb-fbea8111ef9a.jpg,100,Amrood: 100,FALSE,2024-09-09 09:32:26.719098+05:30,2024-09-09 09:32:26.719117+05:30,1,77495,27.4407049,77.3964761,2,9,0.25,810502,105,810502190
48478,"27.440701,77.396454,27.440701,77.396454,27.440701,77.396454,27.440701,77.396454,27.440701,77.396454",images/blockplantation/179a7424-2c19-45d1-b60f-49bbd8a4d829.jpg,100,Babool: 100,FALSE,2024-09-09 09:33:15.910645+05:30,2024-09-09 09:33:15.910667+05:30,1,77495,27.4406737,77.3964248,2,1,0.25,810502,105,810502190
48479,"27.440701,77.396426,27.440701,77.396425,27.440701,77.396425,27.440701,77.396425",images/blockplantation/0520252b-dafb-4f6f-9209-16edb0d4eae9.jpg,100,Banyan: 100,FALSE,2024-09-09 09:34:13.494052+05:30,2024-09-09 09:34:13.49407+05:30,1,77495,27.4407005,77.3964239,2,9,0.25,810502,105,810502190
48480,"27.440710,77.396418,27.440710,77.396418,27.440710,77.396418,27.440711,77.396416",images/blockplantation/ca1028e1-fae4-45a6-bedb-704bb6a0148b.jpg,100,Amrood: 100,FALSE,2024-09-09 09:35:42.606682+05:30,2024-09-09 09:35:42.606701+05:30,1,77495,27.440768,77.3964403,2,1,0.25,810502,105,810502190
48481,"27.440746,77.396463,27.440747,77.396463,27.440747,77.396463,27.440736,77.396456",images/blockplantation/12e3ff12-b38d-41ff-bda8-e71b90cd6d0b.jpg,100,Ber: 100,FALSE,2024-09-09 09:36:25.997372+05:30,2024-09-09 09:36:25.997392+05:30,1,77495,27.4407472,77.3964619,2,12,0.22,810502,105,810502190
48482,"27.440783,77.396432,27.440783,77.396432,27.440783,77.396432,27.440783,77.396432,27.440783,77.396433",images/blockplantation/8f8cefe3-e36f-4baf-898b-15e6cc01cf33.jpg,100,Harsingar: 100,FALSE,2024-09-09 09:37:35.013779+05:30,2024-09-09 09:37:35.013799+05:30,1,77495,27.4407884,77.3964166,2,12,0.28,810502,105,810502190
48483,"27.292503,77.542255,27.292459,77.542320,27.292475,77.542473,27.292475,77.542469,27.292609,77.542613,27.292629,77.542629",images/blockplantation/0517cdbd-ae22-4b0a-aee7-d791db41c213.jpg,100,"Peepal: 20, Kikar: 30, Babool: 30, Neem: 20",FALSE,2024-09-09 09:38:26.388401+05:30,2024-09-09 09:38:26.38842+05:30,1,77333,27.2926053,77.5426101,2,12,1,810509,105,810509050
48484,"27.560565,77.319931,27.560519,77.319906,27.560603,77.320108,27.560792,77.320469",images/blockplantation/cb3bceb2-0165-4212-be77-102e46bd4418.jpg,500,Karanj: 500,FALSE,2024-09-09 09:41:08.137144+05:30,2024-09-09 09:41:08.137171+05:30,1,77535,27.560532,77.319965,2,7,1,810502,105,810502300
48485,"27.291298,77.545283,27.292059,77.541700,27.291298,77.545283,27.291298,77.545283",images/blockplantation/7a79a306-bc22-4f7f-b18f-29b9fd9d46eb.jpg,100,"Peepal: 30, Babool: 20, Kikar: 20, Neem: 30",FALSE,2024-09-09 09:46:06.028702+05:30,2024-09-09 09:46:06.028729+05:30,1,77527,27.2912977,77.5452828,2,12,1,810509,105,810509050
48486,"27.551129,77.235386,27.551154,77.235365,27.551210,77.235369,27.551214,77.235372,27.551218,77.235383,27.551221,77.235387,27.551220,77.235393,27.551222,77.235401,27.551220,77.235411,27.551220,77.235411,27.551220,77.235418,27.551219,77.235425,27.551216,77.235434,27.551216,77.235434,27.551215,77.235441,27.551214,77.235449,27.551214,77.235456,27.551215,77.235465,27.551216,77.235470,27.551217,77.235476,27.551217,77.235480,27.551218,77.235482,27.551220,77.235485,27.551220,77.235485,27.551222,77.235492,27.551223,77.235496,27.551224,77.235499,27.551228,77.235508,27.551228,77.235508,27.551231,77.235514,27.551235,77.235522,27.551240,77.235530,27.551247,77.235539,27.551250,77.235543,27.551258,77.235549,27.551260,77.235551,27.551265,77.235552,27.551271,77.235554,27.551278,77.235556,27.551291,77.235559,27.551295,77.235561,27.551299,77.235562,27.551306,77.235565,27.551311,77.235568,27.551318,77.235572,27.551362,77.235614,27.551369,77.235625,27.551386,77.235641,27.551393,77.235644,27.551400,77.235647,27.551400,77.235647,27.551407,77.235652,27.551412,77.235655,27.551418,77.235659,27.551428,77.235669,27.551435,77.235678,27.551442,77.235685,27.551450,77.235691,27.551454,77.235692,27.551461,77.235692,27.551466,77.235692,27.551468,77.235692,27.551475,77.235691,27.551483,77.235689,27.551489,77.235686,27.551494,77.235680,27.551497,77.235675,27.551500,77.235670,27.551502,77.235665,27.551506,77.235654,27.551511,77.235647,27.551520,77.235630,27.551519,77.235620,27.551518,77.235604,27.551499,77.235581,27.551485,77.235568,27.551474,77.235558,27.551459,77.235550,27.551450,77.235544,27.551441,77.235539,27.551434,77.235536,27.551416,77.235530,27.551408,77.235527,27.551399,77.235515,27.551392,77.235506,27.551379,77.235504,27.551368,77.235507,27.551363,77.235510,27.551358,77.235509,27.551354,77.235515,27.551345,77.235517,27.551338,77.235516,27.551327,77.235508,27.551318,77.235500,27.551301,77.235497,27.551300,77.235496,27.551290,77.235487,27.551284,77.235478,27.551284,77.235478,27.551284,77.235478,27.551283,77.235478,27.551279,77.235475,27.551277,77.235473,27.551271,77.235469,27.551269,77.235467,27.551262,77.235467,27.551240,77.235469,27.551235,77.235471,27.551226,77.235476,27.551226,77.235483,27.551240,77.235503",images/blockplantation/461ce736-2183-491a-b3f6-383de7f460cc.jpg,120,Others: 120,FALSE,2024-09-09 09:48:12.442949+05:30,2024-09-09 09:48:12.442966+05:30,1,77520,27.5512354,77.2354964,2,4,1,0,0,0
48487,"27.551231,77.235503,27.551264,77.235530,27.551264,77.235530,27.551271,77.235533,27.551278,77.235531,27.551286,77.235529,27.551295,77.235529,27.551295,77.235529,27.551302,77.235532,27.551306,77.235531,27.551307,77.235533,27.551311,77.235536,27.551315,77.235538,27.551320,77.235543,27.551323,77.235545,27.551334,77.235551,27.551342,77.235556,27.551345,77.235561,27.551347,77.235564,27.551349,77.235566,27.551353,77.235570,27.551358,77.235574,27.551360,77.235578,27.551363,77.235586,27.551366,77.235591,27.551369,77.235592,27.551373,77.235593,27.551379,77.235591,27.551387,77.235589,27.551389,77.235589,27.551396,77.235589,27.551403,77.235590,27.551405,77.235590,27.551412,77.235592,27.551419,77.235596,27.551422,77.235597,27.551426,77.235601,27.551431,77.235605,27.551438,77.235609,27.551439,77.235611,27.551449,77.235617,27.551452,77.235618,27.551461,77.235622,27.551467,77.235625,27.551475,77.235626,27.551479,77.235626,27.551485,77.235629,27.551487,77.235641,27.551487,77.235646,27.551490,77.235652,27.551491,77.235662,27.551489,77.235668,27.551485,77.235673,27.551481,77.235675,27.551467,77.235680,27.551456,77.235690,27.551440,77.235693,27.551424,77.235690,27.551417,77.235687,27.551413,77.235684,27.551412,77.235680,27.551412,77.235670,27.551411,77.235668,27.551410,77.235660,27.551406,77.235659,27.551400,77.235658,27.551385,77.235650,27.551375,77.235643,27.551374,77.235645,27.551372,77.235647,27.551362,77.235640,27.551357,77.235636,27.551356,77.235621,27.551353,77.235618,27.551354,77.235617,27.551354,77.235617,27.551353,77.235617,27.551351,77.235612,27.551344,77.235605,27.551333,77.235595,27.551319,77.235584,27.551309,77.235580,27.551303,77.235575,27.551293,77.235566,27.551289,77.235564,27.551282,77.235552,27.551277,77.235547,27.551279,77.235544,27.551279,77.235542,27.551285,77.235542,27.551285,77.235543,27.551285,77.235543,27.551284,77.235543,27.551284,77.235544,27.551283,77.235546,27.551284,77.235545,27.551284,77.235544,27.551276,77.235536,27.551251,77.235525,27.551232,77.235521,27.551226,77.235518,27.551221,77.235517,27.551216,77.235514,27.551216,77.235509,27.551220,77.235506,27.551221,77.235496,27.551221,77.235484,27.551224,77.235465,27.551230,77.235453,27.551237,77.235435,27.551245,77.235416,27.551249,77.235408,27.551244,77.235399,27.551237,77.235401,27.551230,77.235403,27.551223,77.235404,27.551205,77.235397",images/blockplantation/ff7ac65a-31fe-4291-b5f4-e6723d527b7f.jpg,120,Others: 120,FALSE,2024-09-09 10:03:36.257857+05:30,2024-09-09 10:03:36.257876+05:30,1,77520,27.5511804,77.2353769,2,4,1,0,0,0
48488,"27.292706,77.540136,27.292717,77.540222,27.292718,77.540213,27.292720,77.540082,27.292618,77.538683",images/blockplantation/4b8858f6-90af-4812-b6dd-b9a29dca35ec.jpg,100,"Peepal: 20, Karanj: 20, Kikar: 20, Neem: 40",FALSE,2024-09-09 10:15:31.481899+05:30,2024-09-09 10:15:31.48192+05:30,1,77527,27.2925683,77.5399883,2,12,1,810509,105,810509050
48489,"27.292649,77.538517,27.292634,77.538502,27.292556,77.538764,27.292694,77.538469,27.292653,77.538635",images/blockplantation/b48b549f-871c-4bd2-9a7c-9b34a4536e3c.jpg,100,"Karanj: 40, Peepal: 20, Neem: 20, Bargad: 20",FALSE,2024-09-09 10:24:32.133905+05:30,2024-09-09 10:24:32.133924+05:30,1,77527,27.2926634,77.5384735,2,7,1,810509,105,810509050
48490,"27.294023,77.540483,27.293903,77.540490,27.294192,77.540581,27.294179,77.540565",images/blockplantation/5d033d53-3ba0-4674-af3e-6e98142b943c.jpg,100,"Neem: 40, Kikar: 40, JUNGLE JALEBI: 20",FALSE,2024-09-09 11:06:40.41115+05:30,2024-09-09 11:06:40.411172+05:30,1,77527,27.29421,77.5405633,2,12,1,810509,105,810509050
48491,"26.572646,72.397350,26.570700,72.397380,26.570393,72.397691,26.570414,72.398068",images/blockplantation/21538143-13f3-4576-a6c9-90d587896599.jpg,412,"Aak: 100, Babool: 100, Neem: 100, Aak: 100, Karanj: 12",FALSE,2024-09-09 11:12:19.890862+05:30,2024-09-09 11:12:19.890883+05:30,1,30973,26.5726459,72.39735,2,7,2.3,811314,113,811314230
48492,"27.435677,77.375605,27.435677,77.375605,27.435677,77.375605,27.435677,77.375605",images/blockplantation/9e5265ba-11ac-485f-a7c4-2cfda7ed3a31.jpg,150,Neem: 150,FALSE,2024-09-09 11:20:34.997642+05:30,2024-09-09 11:20:34.997664+05:30,1,77493,27.4356971,77.3755562,2,11,1,810502,105,810502010
48493,"27.296918,77.537532,27.296947,77.537542,27.296912,77.537510,27.296958,77.537498",images/blockplantation/97caaad6-c22c-493e-89fc-1401a9da092e.jpg,100,"Neem: 40, Babool: 30, Karanj: 30",FALSE,2024-09-09 11:25:35.211594+05:30,2024-09-09 11:25:35.211613+05:30,1,77527,27.2969233,77.537495,2,12,1,810509,105,810509050
48494,"26.531628,71.162678,26.531740,71.162279,26.531281,71.162019,26.530993,71.162031,26.530873,71.162249",images/blockplantation/b1693a74-11a1-4b16-92c4-7b2f37f1e37c.jpg,130,"Neem: 50, Lemon: 40, Banyan: 15, Ber: 10, Others: 15",FALSE,2024-09-09 11:26:15.731122+05:30,2024-09-09 11:26:15.73114+05:30,1,7669,26.5316326,71.162666,6,2,1.5,811402,114,811402410
48495,"29.830862,74.413533,29.830862,74.413533,29.830862,74.413533,29.830862,74.413533",images/blockplantation/b52ab17d-ef22-4ab5-a186-5c159ee5e8e1.jpg,250,"Aak: 50, Bael: 50, Ber: 50, Kair: 50, Khair: 50",FALSE,2024-09-09 11:41:36.866078+05:30,2024-09-09 11:41:36.866107+05:30,2,77548,29.8305896,74.4142127,2,10,0.26,810006,100,810006040
48496,"29.835142,74.412367,29.835142,74.412367,29.835142,74.412367,29.835142,74.412367,29.835142,74.412367,29.835142,74.412367",images/blockplantation/3485769b-bc33-4430-8fa4-2e71f6fd3f05.jpg,250,"Aak: 58, Bael: 50, Ber: 60, Kair: 20, Khair: 30, Peepal: 10, Safed Kikar: 12, Seesam: 10",FALSE,2024-09-09 12:16:44.865326+05:30,2024-09-09 12:16:44.865346+05:30,2,77548,29.8351115,74.412361,2,9,0.35,810006,100,810006040
48497,"27.410305,77.311802,27.410336,77.311840,27.410326,77.311848,27.410310,77.311861,27.410298,77.311847",images/blockplantation/e18572dc-a70d-454c-ae52-858f35fce592.jpg,100,Kumat: 100,FALSE,2024-09-09 12:21:59.920597+05:30,2024-09-09 12:21:59.920617+05:30,1,77525,27.410066,77.3117547,2,7,1,810502,105,810502350
48498,"27.408926,77.413570,27.408876,77.413607,27.408914,77.413523,27.408998,77.413438",images/blockplantation/bdc523c9-177f-4ca9-bf08-b9975d05b898.jpg,400,Others: 400,FALSE,2024-09-09 12:23:14.430959+05:30,2024-09-09 12:23:14.430978+05:30,1,77599,27.4089889,77.4134313,2,7,2,810502,105,810502220
48499,"27.409313,77.413570,27.409258,77.413533,27.409303,77.413582,27.409277,77.413613",images/blockplantation/7a06c35c-516d-4650-8da1-8238fd7474bd.jpg,350,Others: 350,FALSE,2024-09-09 12:26:03.786439+05:30,2024-09-09 12:26:03.786459+05:30,1,77599,27.4092915,77.4135664,2,7,0.5,810502,105,810502220
48500,"27.456422,77.388880,27.456422,77.388880,27.456422,77.388880,27.456422,77.388880",images/blockplantation/6e8a840e-555c-494f-aaf0-e6a2ee6aba54.jpg,100,"Neem: 40, Peepal: 30, Amrood: 30",FALSE,2024-09-09 12:48:59.194654+05:30,2024-09-09 12:48:59.194672+05:30,1,77504,27.4564167,77.3888733,2,2,2,810502,105,810502310
48501,"26.623585,73.394986,26.623574,73.394982,26.623598,73.394975,26.623583,73.394997,26.623575,73.394991",images/blockplantation/ffb7d3b7-7519-4066-ae4b-a036a993bc27.jpg,200,"Neem: 50, Safed Kikar: 50, Aak: 50, Safed Kikar: 50",FALSE,2024-09-09 14:17:46.171791+05:30,2024-09-09 14:17:46.171807+05:30,1,8479,26.6235898,73.3949812,13,4,0.5,811305,113,811305240
48502,"26.628042,73.396226,26.628052,73.396272,26.628043,73.396295,26.628048,73.396292",images/blockplantation/6c2eca88-dbfb-4140-b1c5-bedb77072e8b.jpg,200,"Ber: 80, Neem: 60, Kikar: 60",FALSE,2024-09-09 14:48:58.57394+05:30,2024-09-09 14:48:58.573961+05:30,1,8479,26.6280368,73.396273,13,3,0.5,811305,113,811305240
48503,"27.467868,77.318280,27.468087,77.318152,27.468104,77.318145,27.468130,77.318172",images/blockplantation/79550e7e-fe3b-479e-ab66-64e27238cb7e.jpg,100,"Amrood: 20, Arjun: 10, Banyan: 10, Harsingar: 10, Jamun: 20, Kadam: 10, Karanj: 20",FALSE,2024-09-09 15:30:17.115559+05:30,2024-09-09 15:30:17.115581+05:30,1,77473,27.4681433,77.3182067,2,4,0.5,810502,105,810502060
48504,"27.468157,77.318173,27.468145,77.318162,27.468137,77.318178,27.468135,77.318185",images/blockplantation/eb58c2af-aa19-4ec5-a856-a4f84e0fdd51.jpg,100,"Aak: 10, Amla: 15, Arjun: 15, Banyan: 10, Babool: 15, Ber: 15, Harsingar: 10, Imli: 10",FALSE,2024-09-09 15:33:12.348577+05:30,2024-09-09 15:33:12.348596+05:30,2,77473,27.4681566,77.3181726,2,4,0.5,810502,105,810502060
48505,"27.467187,77.318404,27.467176,77.318405,27.467181,77.318405,27.467183,77.318405",images/blockplantation/e139c39c-289e-40a9-ae6b-a79000ccc5f0.jpg,100,"Amla: 20, Amrood: 20, Babool: 15, Ber: 15, Harsingar: 10, Jamun: 20",FALSE,2024-09-09 18:50:35.087596+05:30,2024-09-09 18:50:35.087617+05:30,1,77473,27.4671869,77.3184038,2,4,0.5,810502,105,810502060
48506,"27.482520,77.325173,27.482413,77.325050,27.482365,77.325140,27.482318,77.325269",images/blockplantation/e884725f-6841-4b9d-a5a1-62591c40aeac.jpg,1000,"Neem: 500, Karanj: 300, Shatavari: 50, Amrood: 100, Peepal: 50",FALSE,2024-09-09 19:46:59.590809+05:30,2024-09-09 19:46:59.590838+05:30,1,77556,27.4824133,77.32505,2,2,2,810502,105,810502473
48507,"27.384836,77.197372,27.384886,77.197417,27.384893,77.197411,27.384897,77.197397",images/blockplantation/2c557bac-e6df-487a-b11a-6cabb4b48c98.jpg,213,Karanj: 213,FALSE,2024-09-10 07:55:50.887864+05:30,2024-09-10 07:55:50.887883+05:30,1,77553,27.3847768,77.1974332,2,2,4,0,0,0
48508,"27.518887,77.327483,27.518822,77.327595,27.518775,77.327627,27.518778,77.327661",images/blockplantation/f6b9cc80-fd82-4a50-a5e9-cdca8faeb0da.jpg,1000,"Neem: 500, Mahua: 100, Mango: 50, Shatavari: 100, Kikar: 100, Lemon: 100, Karanj: 50",FALSE,2024-09-10 08:01:05.688408+05:30,2024-09-10 08:01:05.688434+05:30,1,77556,27.5188307,77.3276705,2,7,2,810502,105,810502030
48509,"27.518953,77.327473,27.518948,77.327472,27.518927,77.327442,27.518922,77.327383",images/blockplantation/adf81f5e-aeb9-4eb0-b1fb-7a85dd27aef4.jpg,500,"Neem: 150, Karanj: 100, Mango: 100, Bael: 100, Ber: 50",FALSE,2024-09-10 08:04:17.137012+05:30,2024-09-10 08:04:17.137033+05:30,1,77556,27.5188024,77.3276602,1,4,1,810502,105,810502030
48510,"27.456357,77.388828,27.456357,77.388828,27.456357,77.388828,27.456309,77.388800",images/blockplantation/a3bbd17a-8f4b-4d85-afca-87c540252a13.jpg,100,"Amrood: 30, Peepal: 30, Karanj: 40",FALSE,2024-09-10 08:15:11.190148+05:30,2024-09-10 08:15:11.19017+05:30,1,77504,27.4563567,77.3888283,2,7,2,810502,105,810502310
48511,"27.440269,77.398973,27.440072,77.398919,27.440166,77.398650,27.440400,77.398757",images/blockplantation/cf65062e-2bca-4815-a090-dbd30eb439b4.jpg,100,Amrood: 100,FALSE,2024-09-10 08:16:35.62433+05:30,2024-09-10 08:16:35.624349+05:30,1,77473,27.4402705,77.3989749,2,7,0.8,810502,105,810502190
48512,"27.440268,77.399001,27.440026,77.398905,27.440149,77.398520,27.440374,77.398677",images/blockplantation/0d9dac59-58ad-4cad-b54a-b546455cb587.jpg,100,Babool: 100,FALSE,2024-09-10 08:26:12.311976+05:30,2024-09-10 08:26:12.311996+05:30,1,77473,27.4403571,77.3987271,2,7,0.8,810502,105,810502190
48513,"27.430391,77.323121,27.430392,77.323121,27.430392,77.323121,27.430392,77.323121",images/blockplantation/b588f422-1cbf-474a-a2e1-bd7286c75482.jpg,100,"Bargad: 50, Khair: 25, Kikar: 25",FALSE,2024-09-10 08:32:25.312222+05:30,2024-09-10 08:32:25.312242+05:30,1,77591,27.4303913,77.3231211,2,7,1,810502,105,810502350
48514,"27.440320,77.398697,27.440454,77.398815,27.440261,77.398958,27.440048,77.398881",images/blockplantation/cb522901-5c08-421d-8105-37fea105598c.jpg,100,Bael: 100,FALSE,2024-09-10 08:32:41.430554+05:30,2024-09-10 08:32:41.430574+05:30,1,77473,27.4403184,77.3987228,2,7,0.5,810502,105,810502190
48515,"27.440277,77.398714,27.440217,77.398644,27.440138,77.398575,27.440242,77.398554,27.440294,77.398608",images/blockplantation/24bb8e59-6bef-4083-982c-8f5df03c7d19.jpg,100,Amrood: 100,FALSE,2024-09-10 08:37:45.019969+05:30,2024-09-10 08:37:45.019988+05:30,1,77495,27.4402417,77.3988356,2,7,0.01,810502,105,810502190
48516,"27.440466,77.398683,27.440222,77.398608,27.440045,77.398837,27.440228,77.399050",images/blockplantation/9d13e1f5-82aa-4738-8136-48f42fa9d1be.jpg,100,Babool: 100,FALSE,2024-09-10 08:38:02.350974+05:30,2024-09-10 08:38:02.350994+05:30,1,77473,27.4402734,77.3989538,2,12,0.1,810502,105,810502190
48517,"27.440279,77.398614,27.440293,77.398681,27.440236,77.398645,27.440223,77.398588",images/blockplantation/76da4fc2-f59c-49fc-9cfa-35137495be8c.jpg,100,Jamun: 100,FALSE,2024-09-10 08:40:14.818299+05:30,2024-09-10 08:40:14.818333+05:30,1,77495,27.4402975,77.3986236,2,7,0.01,810502,105,810502190
48518,"27.440313,77.398554,27.440442,77.398671,27.440294,77.398945,27.440074,77.398863",images/blockplantation/b388451d-fc0e-4f09-a0a7-e75e776d8d43.jpg,100,Siris: 100,FALSE,2024-09-10 08:40:55.579931+05:30,2024-09-10 08:40:55.57995+05:30,1,77473,27.440248,77.398669,2,7,0.1,810502,105,810502190
48519,"27.456374,77.388906,27.456371,77.388906,27.456371,77.388906,27.456371,77.388904",images/blockplantation/60c1c853-f80c-408b-82ca-ed7d16edc175.jpg,100,"Amrood: 50, Neem: 30, Peepal: 20",FALSE,2024-09-10 08:41:43.574253+05:30,2024-09-10 08:41:43.574271+05:30,2,77561,27.4563692,77.3889078,2,2,2,810502,105,810502310
48520,"27.440171,77.398523,27.440201,77.398508,27.440252,77.398520,27.440245,77.398568",images/blockplantation/d666f529-d876-454b-9a36-51f87ae6558a.jpg,100,Amrood: 100,FALSE,2024-09-10 08:42:51.735008+05:30,2024-09-10 08:42:51.735028+05:30,1,77495,27.440172,77.3985229,2,7,0.01,810502,105,810502190
48521,"27.440070,77.398804,27.440167,77.398561,27.440378,77.398726,27.440258,77.398935",images/blockplantation/0a0e727d-c3f9-4027-843c-9d0b2fb54155.jpg,100,Jamun: 100,FALSE,2024-09-10 08:44:05.393449+05:30,2024-09-10 08:44:05.393468+05:30,1,77473,27.4404063,77.3987146,2,7,0.1,810502,105,810502190
48522,"27.440327,77.398714,27.440295,77.398791,27.440336,77.398843,27.440392,77.398802",images/blockplantation/1ca44db4-481c-4df2-9c06-18786cdf492c.jpg,100,Amrood: 100,FALSE,2024-09-10 08:46:01.658174+05:30,2024-09-10 08:46:01.658205+05:30,1,77495,27.4403189,77.3986737,2,7,0.01,810502,105,810502190
48523,"27.440351,77.398775,27.440397,77.398572,27.440128,77.398561,27.440042,77.398836",images/blockplantation/86d4dfbc-5fd0-4914-aa65-010c25686656.jpg,100,Ber: 100,FALSE,2024-09-10 08:46:42.488309+05:30,2024-09-10 08:46:42.488339+05:30,1,77473,27.4402954,77.3986238,2,11,0.2,810502,105,810502190
48524,"27.440441,77.398838,27.440401,77.398888,27.440474,77.398894,27.440453,77.398829",images/blockplantation/72a04a5d-12bb-42e7-b8fd-b52954acc74c.jpg,100,Amrood: 100,FALSE,2024-09-10 08:47:55.588632+05:30,2024-09-10 08:47:55.588656+05:30,1,77495,27.440374,77.3988125,2,7,0.01,810502,105,810502190
48525,"27.440258,77.398908,27.440369,77.398724,27.440428,77.398624,27.440294,77.398536",images/blockplantation/cdb09adf-b718-442f-be0a-b38c61157e92.jpg,100,Karanj: 100,FALSE,2024-09-10 08:48:54.035543+05:30,2024-09-10 08:48:54.035573+05:30,1,77473,27.4402055,77.3988731,2,11,0.2,810502,105,810502190
48526,"27.291298,77.545283,27.291298,77.545283,27.291298,77.545283,27.291298,77.545283",images/blockplantation/e394769f-d360-4ecc-8f39-2a91d7c5508d.jpg,100,"Neem: 25, Babool: 35, Peepal: 15, Others: 25",FALSE,2024-09-10 08:49:15.361649+05:30,2024-09-10 08:49:15.361676+05:30,1,77409,27.2912977,77.5452828,2,12,1,810509,105,810509050
48527,"27.440366,77.398848,27.440309,77.398806,27.440254,77.398850,27.440297,77.398909",images/blockplantation/8f837541-d23a-4c18-9f14-0df511bbabdb.jpg,100,Amrood: 100,FALSE,2024-09-10 08:49:39.550277+05:30,2024-09-10 08:49:39.550298+05:30,1,77495,27.4403607,77.3988839,2,7,0.01,810502,105,810502190
48528,"27.440357,77.398842,27.440388,77.398775,27.440324,77.398718,27.440284,77.398797",images/blockplantation/6fc6a61c-f26d-4b6a-a92d-41f75e97cd0e.jpg,100,Harsingar: 100,FALSE,2024-09-10 08:51:20.30308+05:30,2024-09-10 08:51:20.303099+05:30,1,77495,27.440335,77.3988592,2,7,0.01,810502,105,810502190
48529,"27.440418,77.398663,27.440308,77.398889,27.440165,77.398801,27.440083,77.398531",images/blockplantation/11384b85-272b-40c0-ab19-c9a9bac0cdfd.jpg,100,Seesam: 100,FALSE,2024-09-10 08:54:07.302293+05:30,2024-09-10 08:54:07.302313+05:30,1,77473,27.4400796,77.398553,2,7,0.2,810502,105,810502190
48530,"27.440316,77.398711,27.440332,77.398644,27.440354,77.398709,27.440360,77.398797",images/blockplantation/12107369-5b4e-4e78-8d42-05cd462c16a7.jpg,100,Jamun: 100,FALSE,2024-09-10 08:55:05.174412+05:30,2024-09-10 08:55:05.174433+05:30,1,77495,27.4404103,77.3986771,2,7,0.01,810502,105,810502190
48531,"27.440302,77.398680,27.440265,77.398648,27.440196,77.398587,27.440248,77.398563",images/blockplantation/a76d3e95-8c9b-4c5d-8375-a58a5f9858da.jpg,100,Jamun: 100,FALSE,2024-09-10 08:56:53.432553+05:30,2024-09-10 08:56:53.432573+05:30,1,77495,27.4402958,77.3986614,2,7,0.01,810502,105,810502190
48532,"27.440188,77.398529,27.440115,77.398716,27.440214,77.398943,27.440397,77.398800",images/blockplantation/3b161749-88ea-4787-8e29-a5c7a377aa98.jpg,100,Jamun: 100,FALSE,2024-09-10 08:59:21.136223+05:30,2024-09-10 08:59:21.136244+05:30,1,77473,27.4404163,77.3988239,2,7,0.01,810502,105,810502190
48533,"27.440180,77.398578,27.440111,77.398672,27.440236,77.398812,27.440287,77.398706",images/blockplantation/6026940a-c223-4502-a203-a55efa43662e.jpg,100,Gular: 100,FALSE,2024-09-10 09:00:54.661813+05:30,2024-09-10 09:00:54.661835+05:30,1,77495,27.4401937,77.3985797,2,7,0.02,810502,105,810502190
48534,"27.440327,77.398894,27.440257,77.399032,27.440181,77.398971,27.440215,77.398927",images/blockplantation/ae47758c-efdb-4f34-96ab-413c7dfe58af.jpg,100,Amla: 100,FALSE,2024-09-10 09:02:05.217675+05:30,2024-09-10 09:02:05.217696+05:30,1,77495,27.440363,77.3988586,2,7,0.2,810502,105,810502190
48535,"27.440196,77.398921,27.440219,77.398799,27.440228,77.398712,27.440215,77.398657",images/blockplantation/8b8c8746-655c-4a73-8b81-3de3ca8fcadb.jpg,100,Aak: 100,FALSE,2024-09-10 09:03:28.725802+05:30,2024-09-10 09:03:28.725823+05:30,1,77495,27.4401787,77.3989943,2,7,0.2,810502,105,810502190
48536,"27.440171,77.398565,27.440175,77.398512,27.440116,77.398479,27.440151,77.398427",images/blockplantation/b75de27f-64be-4465-bed0-f415bb5fb109.jpg,100,Amrood: 100,FALSE,2024-09-10 09:05:04.225129+05:30,2024-09-10 09:05:04.225149+05:30,1,77495,27.4401635,77.3985964,2,7,0.2,810502,105,810502190
48537,"27.431970,77.323400,27.431987,77.323422,27.431987,77.323422,27.431987,77.323422",images/blockplantation/51e39dc7-6d5a-4f03-b464-72ef8e5a424d.jpg,100,Sagon: 100,FALSE,2024-09-10 09:08:07.860183+05:30,2024-09-10 09:08:07.860202+05:30,1,49844,27.43193,77.323385,2,7,0.1,810502,105,810502350
48538,"27.440355,77.398584,27.440103,77.398963,27.440260,77.398693,27.440271,77.398701",images/blockplantation/9d5c2e24-19fc-400c-9718-d2251ffd2883.jpg,100,Babool: 100,FALSE,2024-09-10 09:08:16.800154+05:30,2024-09-10 09:08:16.800174+05:30,1,77495,27.4403817,77.3986404,2,7,0.2,810502,105,810502190
48539,"27.292474,77.542505,27.292542,77.542501,27.292467,77.542319,27.292323,77.542208,27.292384,77.542255",images/blockplantation/529ec7ec-6504-4a3b-8c58-ce4b7e0bea58.jpg,100,"Neem: 25, Babool: 35, Peepal: 15, Others: 25",FALSE,2024-09-10 09:08:45.062015+05:30,2024-09-10 09:08:45.062035+05:30,1,77408,27.2924103,77.5422835,2,12,1,810509,105,810509050
48540,"27.292196,77.542269,27.292128,77.542328,27.292086,77.542271,27.291853,77.542175",images/blockplantation/bd57037e-4c3c-4495-b5d1-f7e12b49ff0a.jpg,100,"Babool: 25, Peepal: 15, Neem: 35, Others: 25",FALSE,2024-09-10 09:09:00.135812+05:30,2024-09-10 09:09:00.135832+05:30,1,77408,27.2920138,77.5423701,2,12,1,810509,105,810509050
48541,"29.144138,75.200748,29.144115,75.200792,29.144114,75.200832,29.144140,75.200856",images/blockplantation/dd9849d1-3ea0-4c62-a718-9e237acc640b.jpg,200,"Amrood: 20, Babool: 20, Bael: 20, Ber: 20, Jamun: 20, Khejri: 20, Kikar: 20, Moringa: 20, Neem: 20, Siris: 20",FALSE,2024-09-10 09:09:54.819664+05:30,2024-09-10 09:09:54.819687+05:30,2,75269,29.1440933,75.2008883,2,7,0.5,810001,100,810001100
48542,"27.440370,77.398579,27.440386,77.398803,27.440210,77.398905,27.440108,77.398750",images/blockplantation/8be220c1-d415-46cc-8fe6-295eeaa4d551.jpg,100,Ber: 100,FALSE,2024-09-10 09:10:08.148772+05:30,2024-09-10 09:10:08.148793+05:30,1,77473,27.4401387,77.3987276,2,7,0.01,810502,105,810502190
48543,"27.440359,77.398566,27.440306,77.398740,27.440057,77.398917,27.440309,77.398988,27.440412,77.398660",images/blockplantation/a9892550-7279-4e4b-adcb-977f65450530.jpg,100,Arjun: 100,FALSE,2024-09-10 09:10:49.993586+05:30,2024-09-10 09:10:49.993611+05:30,1,77495,27.4403738,77.3985406,2,7,0.2,810502,105,810502190
48544,"27.440359,77.398548,27.440318,77.398750,27.440095,77.398601,27.440075,77.398809,27.440301,77.398959",images/blockplantation/2b46b413-b817-47f3-9267-8411887f8c7e.jpg,100,Bael: 100,FALSE,2024-09-10 09:13:31.191341+05:30,2024-09-10 09:13:31.191362+05:30,1,77495,27.4403695,77.3985617,2,7,0.2,810502,105,810502190
48545,"27.440320,77.398941,27.440079,77.398873,27.440124,77.398693,27.440362,77.398762",images/blockplantation/83206edb-bd57-418b-b38f-7dbfbd413cdb.jpg,100,Ber: 100,FALSE,2024-09-10 09:15:05.472207+05:30,2024-09-10 09:15:05.472227+05:30,1,77473,27.4403509,77.3989327,2,1,0.01,810502,105,810502190
48546,"27.440375,77.398556,27.440413,77.398831,27.440298,77.399001,27.440095,77.398937",images/blockplantation/8751f82a-98b6-4205-9490-ec8517d32549.jpg,100,Gular: 100,FALSE,2024-09-10 09:16:28.878706+05:30,2024-09-10 09:16:28.878726+05:30,1,77495,27.4403649,77.3985556,2,7,0.2,810502,105,810502190
48547,"27.440354,77.398594,27.440381,77.398741,27.440310,77.398929,27.440119,77.398856,27.440119,77.398632",images/blockplantation/2806417f-5726-43cd-ba47-2caf7708ad8d.jpg,100,Dhonk: 100,FALSE,2024-09-10 09:18:41.572381+05:30,2024-09-10 09:18:41.572404+05:30,1,77495,27.4403426,77.3985676,2,7,0.2,810502,105,810502190
48548,"27.440352,77.398551,27.440391,77.398862,27.440296,77.399014,27.440113,77.398950,27.440215,77.398738",images/blockplantation/91344ffd-ece3-4e4b-aa1b-7edb7ba2e1a7.jpg,100,Bahera: 100,FALSE,2024-09-10 09:21:19.806986+05:30,2024-09-10 09:21:19.807006+05:30,1,77495,27.4402727,77.3986791,2,7,0.2,810502,105,810502190
48549,"27.440352,77.398567,27.440308,77.398731,27.440329,77.398974,27.440219,77.398812,27.440127,77.398569",images/blockplantation/20b01b2f-b182-4ba6-a826-27dce458dd9f.jpg,100,Neem: 100,FALSE,2024-09-10 09:24:17.325234+05:30,2024-09-10 09:24:17.325254+05:30,1,77495,27.4402338,77.3986835,2,7,0.2,810502,105,810502190
48550,"27.305782,77.538703,27.305795,77.538707,27.305883,77.538794,27.305776,77.538740,27.305759,77.538747",images/blockplantation/f93f8e8a-bff3-49da-8b8f-1d84980c142a.jpg,100,"Neem: 30, Karanj: 30, Ber: 20, JUNGLE JALEBI: 20",FALSE,2024-09-10 09:26:14.954344+05:30,2024-09-10 09:26:14.954362+05:30,1,77589,27.3058927,77.5387761,2,12,1,810509,105,810509250
48551,"27.440356,77.398555,27.440340,77.398787,27.440173,77.398812,27.440105,77.398594,27.440205,77.398417",images/blockplantation/cf01ff0a-f6af-4e52-b9e4-f09d52baac5d.jpg,100,Lemon: 100,FALSE,2024-09-10 09:27:13.493727+05:30,2024-09-10 09:27:13.493747+05:30,1,77495,27.4401132,77.3985564,2,7,0.2,810502,105,810502190
48552,"27.370610,77.302530,27.370625,77.302551,27.370677,77.302610,27.370680,77.302676",images/blockplantation/668f0ee7-860c-406c-b862-20cd492eddd4.jpg,150,"Kadamb: 50, Karanj: 50, Neem: 50",FALSE,2024-09-10 09:28:03.907122+05:30,2024-09-10 09:28:03.907141+05:30,1,77544,27.3706602,77.3024565,2,7,1,810502,105,810502330
48553,"27.370530,77.302535,27.370386,77.302588,27.370622,77.302558,27.370637,77.302573",images/blockplantation/d19d6f1e-9b5b-4eaa-b879-08f0b14a35b9.jpg,200,"Chokar: 100, Dhonk: 100",FALSE,2024-09-10 09:29:04.420039+05:30,2024-09-10 09:29:04.42006+05:30,1,46485,27.3705583,77.3024983,2,7,1,810502,105,810502330
48554,"27.440364,77.398580,27.440262,77.398718,27.440098,77.398696,27.440079,77.398866,27.440199,77.398944",images/blockplantation/6b7b69f7-68f2-4c19-b8f9-e91eee06ce7b.jpg,100,Aak: 100,FALSE,2024-09-10 09:29:24.814738+05:30,2024-09-10 09:29:24.814759+05:30,1,77495,27.4403698,77.3985554,2,7,0.2,810502,105,810502190
48555,"27.370622,77.302775,27.370622,77.302775,27.370638,77.302821,27.370672,77.302866",images/blockplantation/7cf3e3e2-ee9f-4915-b744-d2456b780a5d.jpg,200,"Bael: 100, Jamun: 50, Kadam: 50",FALSE,2024-09-10 09:30:59.513902+05:30,2024-09-10 09:30:59.513921+05:30,1,77544,27.370655,77.3026167,2,7,1,810502,105,810502330
48556,"27.440385,77.398843,27.440159,77.398658,27.440081,77.398793,27.440276,77.398880,27.440317,77.398736",images/blockplantation/1372ac9d-a9fd-4537-ac86-a9f4eab44229.jpg,100,Arjun: 100,FALSE,2024-09-10 09:31:36.66219+05:30,2024-09-10 09:31:36.662209+05:30,1,77495,27.4404168,77.3988525,2,7,0.2,810502,105,810502190
48557,"27.376996,77.234361,27.377176,77.234262,27.377360,77.234421,27.377291,77.234714",images/blockplantation/9856b604-0a9f-4137-97ae-007ec551c002.jpg,200,Others: 200,FALSE,2024-09-10 09:33:22.24325+05:30,2024-09-10 09:33:22.24327+05:30,1,77590,27.3772958,77.2345122,2,4,0.3,810502,105,810502150
48558,"27.440373,77.398578,27.440225,77.398466,27.440089,77.398565,27.440137,77.398694,27.440246,77.398803",images/blockplantation/a10b335b-eb5e-41f6-82a4-006e8ed870da.jpg,100,Arjun: 100,FALSE,2024-09-10 09:33:59.58603+05:30,2024-09-10 09:33:59.58605+05:30,1,77495,27.4403083,77.3986722,2,7,0.2,810502,105,810502190
48559,"27.370470,77.302508,27.370491,77.302469,27.370488,77.302407,27.370461,77.302374",images/blockplantation/db558a55-f461-457d-b915-3503048e5bc9.jpg,500,"Chokar: 250, Gular: 125, Jamun: 125",FALSE,2024-09-10 09:35:38.306476+05:30,2024-09-10 09:35:38.306497+05:30,1,77544,27.3704655,77.3026377,2,7,1,810502,105,810502330
48560,"27.440367,77.398563,27.440417,77.398840,27.440299,77.398988,27.440153,77.398881,27.440108,77.398785",images/blockplantation/acac664a-b5ea-4fba-8fda-42e2bbee3397.jpg,100,Banyan: 100,FALSE,2024-09-10 09:37:09.033019+05:30,2024-09-10 09:37:09.033038+05:30,1,77495,27.4403561,77.3988551,2,7,0.2,810502,105,810502190
48561,"27.370447,77.302532,27.370438,77.302520,27.370431,77.302543,27.370428,77.302540",images/blockplantation/0de06061-742e-4c4f-80c1-62ec55633006.jpg,950,"Aak: 50, Babool: 300, Banyan: 250, Gular: 350",FALSE,2024-09-10 09:38:45.451956+05:30,2024-09-10 09:38:45.45198+05:30,1,77544,27.3704477,77.3024966,2,7,1,810502,105,810502330
48562,"27.440130,77.398461,27.440228,77.398432,27.440106,77.398720,27.440188,77.398830",images/blockplantation/b7d25959-0e2c-40ab-89cc-81ab6ebacd91.jpg,100,Karanj: 100,FALSE,2024-09-10 09:40:16.595407+05:30,2024-09-10 09:40:16.595428+05:30,1,77495,27.4401211,77.39843,2,7,0.2,810502,105,810502190
48563,"27.370387,77.302594,27.370397,77.302614,27.370397,77.302640,27.370398,77.302650,27.370406,77.302678",images/blockplantation/d58e497d-960f-4752-8142-2d8c9fbc1c0a.jpg,600,"Kadam: 300, Neem: 300",FALSE,2024-09-10 09:40:48.971168+05:30,2024-09-10 09:40:48.971188+05:30,1,77544,27.3703971,77.3025481,2,7,1,810502,105,810502330
48564,"27.440127,77.398505,27.440516,77.398679,27.440311,77.399020,27.440115,77.398926",images/blockplantation/221949d9-c667-4d7b-9efd-d9f50c30c35c.jpg,100,Harsingar: 100,FALSE,2024-09-10 09:46:49.83358+05:30,2024-09-10 09:46:49.8336+05:30,1,77495,27.4401335,77.3985151,2,7,0.02,810502,105,810502190
48565,"27.440138,77.398488,27.440073,77.398847,27.440277,77.399027,27.440386,77.398883",images/blockplantation/0c5e2fef-cfdf-4bb0-a199-86bf37661799.jpg,100,Kadam: 100,FALSE,2024-09-10 09:50:12.389777+05:30,2024-09-10 09:50:12.389799+05:30,1,77495,27.4401404,77.3985112,2,7,0.02,810502,105,810502190
48566,"27.440149,77.398486,27.440056,77.398869,27.440267,77.399041,27.440464,77.398925",images/blockplantation/0e94b88a-8698-4054-ba5b-a77c70bdc870.jpg,100,Hingot: 100,FALSE,2024-09-10 09:53:18.334847+05:30,2024-09-10 09:53:18.334869+05:30,1,77495,27.4401789,77.3984673,2,7,0.02,810502,105,810502190
48567,"27.440147,77.398486,27.440062,77.398869,27.440263,77.399045,27.440401,77.398845",images/blockplantation/12f3094d-9729-4097-988c-bfc2e7ed2f1c.jpg,100,Jamun: 100,FALSE,2024-09-10 09:56:17.576794+05:30,2024-09-10 09:56:17.576813+05:30,1,77495,27.4401724,77.3985278,2,7,0.02,810502,105,810502190
48568,"27.440181,77.398491,27.440091,77.398628,27.440084,77.398819,27.440297,77.399044",images/blockplantation/686f8d39-b160-4d66-ad67-fde67d6c77ba.jpg,100,Jamun: 100,FALSE,2024-09-10 09:59:14.569404+05:30,2024-09-10 09:59:14.569423+05:30,1,77495,27.4401405,77.3985147,2,7,0.02,810502,105,810502190
48569,"27.440001,77.398837,27.440090,77.398900,27.440290,77.399007,27.440411,77.398855",images/blockplantation/157d4cb8-b4db-4549-957b-ca8d518287bd.jpg,100,Karanj: 100,FALSE,2024-09-10 10:01:54.293887+05:30,2024-09-10 10:01:54.293907+05:30,1,77495,27.4400187,77.3987847,2,7,0.02,810502,105,810502190
48570,"27.440334,77.398901,27.440058,77.398869,27.440165,77.398952,27.440387,77.398640",images/blockplantation/60b36e21-8872-46bb-a070-4c2dac653c05.jpg,100,Neem: 100,FALSE,2024-09-10 10:04:53.985503+05:30,2024-09-10 10:04:53.985524+05:30,1,77495,27.4403728,77.3988398,2,7,0.02,810502,105,810502190
48571,"27.384999,77.208569,27.385106,77.207924,27.386472,77.208247,27.386338,77.209109",images/blockplantation/231bb367-86e5-478b-9946-d2f300c19a4a.jpg,600,Others: 600,FALSE,2024-09-10 10:04:56.819631+05:30,2024-09-10 10:04:56.819653+05:30,1,77590,27.3863,77.2088611,2,4,1.5,0,0,0
48572,"27.440402,77.398572,27.440395,77.398719,27.440221,77.398977,27.440395,77.398854",images/blockplantation/aad47551-a628-4838-af90-c6ab66522ca0.jpg,100,Amla: 100,FALSE,2024-09-10 10:07:51.501912+05:30,2024-09-10 10:07:51.501931+05:30,1,77495,27.4404024,77.3985646,2,7,0.02,810502,105,810502190
48573,"27.440373,77.398532,27.440239,77.398436,27.440130,77.398471,27.440290,77.398697",images/blockplantation/843c51dd-59c8-4cbd-82e2-84b80866b2a8.jpg,100,Seesam: 100,FALSE,2024-09-10 10:10:44.928621+05:30,2024-09-10 10:10:44.928643+05:30,1,77495,27.4403488,77.3985494,2,7,0.02,810502,105,810502190
48574,"27.440366,77.398536,27.440338,77.398510,27.440277,77.398475,27.440235,77.398431",images/blockplantation/09db8cdf-0c84-49f1-88e2-8d551cb982d3.jpg,100,Karanj: 100,FALSE,2024-09-10 10:13:56.527999+05:30,2024-09-10 10:13:56.52802+05:30,1,77495,27.4403895,77.3985127,2,7,0.02,810502,105,810502190
48575,"27.440265,77.398503,27.440260,77.398491,27.440238,77.398473,27.440209,77.398440",images/blockplantation/b8fd7382-4cc6-426e-b8f1-bf5619abe988.jpg,100,Gular: 100,FALSE,2024-09-10 10:16:10.124634+05:30,2024-09-10 10:16:10.124658+05:30,1,77495,27.4402637,77.3984874,2,7,0.02,810502,105,810502190
48576,"27.378604,77.228304,27.378493,77.228759,27.378135,77.228533,27.378171,77.228150",images/blockplantation/6be5d334-d62a-4ddf-a296-c935bf899f62.jpg,500,Others: 500,FALSE,2024-09-10 10:40:21.491997+05:30,2024-09-10 10:40:21.492018+05:30,1,77590,27.3782137,77.22814,2,4,0.5,810502,105,810502150
48577,"27.378604,77.228304,27.378493,77.228759,27.378135,77.228533,27.378171,77.228150",images/blockplantation/f1962e76-77c5-4b36-8d7e-915dc899782c.jpg,500,Others: 500,FALSE,2024-09-10 10:40:22.596714+05:30,2024-09-10 10:40:22.59674+05:30,1,77590,27.3782137,77.22814,2,4,0.5,810502,105,810502150
48578,"27.378604,77.228304,27.378493,77.228759,27.378135,77.228533,27.378171,77.228150",images/blockplantation/22186596-cf42-4f07-aea0-22dc87b00bca.jpg,500,Others: 500,FALSE,2024-09-10 10:40:23.129321+05:30,2024-09-10 10:40:23.12935+05:30,1,77590,27.3782137,77.22814,2,4,0.5,810502,105,810502150
48579,"27.378604,77.228304,27.378493,77.228759,27.378135,77.228533,27.378171,77.228150",images/blockplantation/49dbebc8-8946-43a7-b98c-acf0394468a8.jpg,500,Others: 500,FALSE,2024-09-10 10:40:23.840452+05:30,2024-09-10 10:40:23.840471+05:30,1,77590,27.3782137,77.22814,2,4,0.5,810502,105,810502150
48580,"27.378604,77.228304,27.378493,77.228759,27.378135,77.228533,27.378171,77.228150",images/blockplantation/809f45c0-92e1-4ccd-ad99-14a828499903.jpg,500,Others: 500,FALSE,2024-09-10 10:45:47.654938+05:30,2024-09-10 10:45:47.65496+05:30,1,77590,27.3782137,77.22814,2,4,0.5,810502,105,810502150
48581,"27.207938,77.507901,27.207933,77.507905,27.207923,77.507911,27.207917,77.507910",images/blockplantation/64cf9e33-a59a-4e9f-a81c-9267e9270cb1.jpg,100,"Karanj: 50, Amaltas: 50",FALSE,2024-09-10 10:59:45.233205+05:30,2024-09-10 10:59:45.23323+05:30,1,75500,27.2083445,77.5078651,30,5,0.2,810509,105,810509230
48582,"25.043347,75.719245,25.043477,75.718899,25.043514,75.718839,25.043440,75.718777,25.043403,75.719053,25.043118,75.719031,25.043094,75.719128,25.043336,75.719242",images/blockplantation/a56059e9-aa53-49b4-8f53-f961e3725215.jpg,250,Others: 250,FALSE,2024-09-10 11:38:46.108446+05:30,2024-09-10 11:38:46.108467+05:30,1,73965,25.0433208,75.7192332,13,5,0.3,812703,127,812703060
48583,"25.109599,76.479625,25.109537,76.479616,25.109521,76.479687,25.109474,76.479805,25.109396,76.480005,25.109411,76.480083,25.109451,76.480099,25.109534,76.480126,25.109585,76.480053,25.109635,76.479860,25.109681,76.479774,25.109717,76.479696,25.109676,76.479644,25.109649,76.479648",images/blockplantation/dc341d5c-f7be-43a4-9d70-fa6d5690abfc.jpg,350,"Amrood: 50, Peepal: 50, Seesam: 100, Others: 150",FALSE,2024-09-10 11:39:05.226967+05:30,2024-09-10 11:39:05.226987+05:30,2,32035,25.1096472,76.4796983,30,5,0,812803,128,812803597
48584,"25.109743,76.479293,25.109694,76.479221,25.109760,76.479042,25.109781,76.478970,25.109801,76.478917,25.109832,76.478831,25.109874,76.478702,25.109901,76.478626,25.109935,76.478516,25.109967,76.478407,25.110056,76.478402,25.110166,76.478445,25.110149,76.478522,25.110122,76.478589,25.110096,76.478643,25.110064,76.478731,25.110047,76.478804,25.110023,76.478883,25.109993,76.478955,25.109966,76.479029,25.109934,76.479103,25.109910,76.479160,25.109883,76.479232,25.109868,76.479284,25.109820,76.479355,25.109773,76.479331",images/blockplantation/e42af988-b74b-41a7-82db-facf487ed6c7.jpg,500,Others: 500,FALSE,2024-09-10 11:43:48.174354+05:30,2024-09-10 11:43:48.174378+05:30,2,32035,25.1099478,76.4792881,30,5,0,812803,128,812803597
48585,"27.208695,77.511341,27.208688,77.511341,27.208666,77.511346,27.208628,77.511308",images/blockplantation/0fb11ed8-8a72-4b99-996e-ff09720ff200.jpg,100,"Siris: 50, Kikar: 50",FALSE,2024-09-10 11:43:53.201886+05:30,2024-09-10 11:43:53.201911+05:30,1,75500,27.2087186,77.5112933,30,5,0.02,810509,105,810509230
48586,"26.969100,77.036190,26.969133,77.036230,26.969326,77.036536,26.969225,77.036623,26.969158,77.036677,26.968953,77.036428",images/blockplantation/54cd0ade-c6f9-4e7e-9d07-4c6d5b753416.jpg,350,"Babool: 150, Karanj: 200",FALSE,2024-09-10 11:48:36.140994+05:30,2024-09-10 11:48:36.141014+05:30,1,66326,26.9689941,77.0364457,13,12,1,810510,105,810510340
48587,"27.209585,77.515555,27.209589,77.515558,27.209601,77.515568,27.209619,77.515565",images/blockplantation/9f1686b2-1015-4f83-85d8-6390d7ac2554.jpg,200,"Arjun: 50, Karanj: 50, Kikar: 50, Karanj: 50",FALSE,2024-09-10 11:58:16.564473+05:30,2024-09-10 11:58:16.564491+05:30,1,75500,27.2095942,77.5155847,30,7,0.2,810509,105,810509230
48588,"25.186628,75.931263,25.186655,75.931245,25.186677,75.931210,25.186690,75.931197",images/blockplantation/b23ab269-27d0-4d5c-9208-1caa494d255a.jpg,150,Seesam: 150,FALSE,2024-09-10 12:14:03.901296+05:30,2024-09-10 12:14:03.901316+05:30,2,77229,25.1866346,75.9312632,30,11,2,812703,127,812703261
48589,"26.919908,77.074711,26.919438,77.074647,26.919318,77.074695,26.919919,77.074865",images/blockplantation/350caeee-98e4-44fe-b032-fc1d516ee154.jpg,225,Karanj: 225,FALSE,2024-09-10 12:16:00.449742+05:30,2024-09-10 12:16:00.449763+05:30,1,66326,26.9193847,77.0746848,13,9,1,810510,105,810510170
48590,"25.909797,73.744022,25.909986,73.743967,25.909773,73.743599,25.910234,73.743655",images/blockplantation/0b71ad52-f63d-40cb-a92c-e6233bb16121.jpg,200,Neem: 200,FALSE,2024-09-10 12:18:13.334224+05:30,2024-09-10 12:18:13.334244+05:30,1,77021,25.9097134,73.7441189,2,7,5,811809,118,811809360
48591,"26.921379,77.076322,26.920895,77.076475,26.920948,77.076984,26.921327,77.077257",images/blockplantation/5cfa1e9c-e5bb-4d55-a78e-b6908a89a7e7.jpg,150,"Karanj: 100, Seesam: 25, Babool: 25",FALSE,2024-09-10 12:25:21.654392+05:30,2024-09-10 12:25:21.654412+05:30,1,66326,26.9213799,77.0768,13,9,1,810510,105,810510170
48592,"27.214139,77.535493,27.214139,77.535485,27.214099,77.535506,27.214111,77.535518",images/blockplantation/453273f1-b308-4fc0-ac26-591f62e11c42.jpg,150,"Karanj: 100, Palash: 50",FALSE,2024-09-10 12:38:33.609257+05:30,2024-09-10 12:38:33.609279+05:30,1,75500,27.2081226,77.5366836,30,9,0.1,810509,105,810509731
48593,"26.921927,77.080739,26.922240,77.081064,26.922522,77.081176,26.922593,77.081266,26.922033,77.080955",images/blockplantation/b3ca2b75-5f0c-4d17-8484-c8014648b21c.jpg,100,"JUNGLE JALEBI: 10, Seesam: 10, Bael: 20, Kikar: 10, Karanj: 50",FALSE,2024-09-10 12:55:02.945474+05:30,2024-09-10 12:55:02.945498+05:30,1,66326,26.9220292,77.0809286,13,2,1,810510,105,810510170
48594,"27.971721,74.537470,27.971736,74.537475,27.971761,74.537467,27.971775,74.537464,27.971776,74.537460",images/blockplantation/ceb05179-3af6-49bd-8828-e0d951136d67.jpg,101,"Peepal: 3, Ber: 18, Khejri: 17, Neem: 48, Aak: 15",FALSE,2024-09-10 13:28:30.987368+05:30,2024-09-10 13:28:30.987387+05:30,2,4514,27.9717427,74.5374873,6,12,2,810204,102,810204280
48595,"26.972986,77.087729,26.973510,77.087739,26.973579,77.087847,26.973229,77.088108,26.972972,77.088018",images/blockplantation/8449b71f-1570-438e-ae0c-47cd473a6628.jpg,220,"Karanj: 120, Seesam: 70, Harsingar: 30",FALSE,2024-09-10 13:40:44.513438+05:30,2024-09-10 13:40:44.513458+05:30,1,66326,26.9729176,77.0877684,13,5,1,810510,105,810510060
48596,"25.447607,76.299123,25.447860,76.299138,25.447854,76.299330,25.447546,76.299330",images/blockplantation/f8f57579-dcdf-46c7-be75-bf8f283d1aab.jpg,105,"Amrood: 79, Lemon: 26",FALSE,2024-09-10 13:43:33.205916+05:30,2024-09-10 13:43:33.205936+05:30,1,18154,25.4475601,76.2991517,9,4,0.5,812705,127,812705170
48597,"25.437320,76.202782,25.437287,76.203206,25.437439,76.203696,25.438032,76.203378,25.438083,76.203124,25.437348,76.202808",images/blockplantation/12e8a115-046b-40c1-a9cf-77130a918a27.jpg,530,"Amrood: 250, Amla: 100, Lemon: 180",FALSE,2024-09-10 13:43:37.435985+05:30,2024-09-10 13:43:37.436005+05:30,1,18154,25.4374756,76.2028712,9,4,10,812705,127,812705130
48598,"25.447607,76.299123,25.447860,76.299138,25.447854,76.299330,25.447546,76.299330",images/blockplantation/1529073f-852f-4ded-ab0b-b26edec57bcf.jpg,105,"Amrood: 79, Lemon: 26",FALSE,2024-09-10 13:43:40.670995+05:30,2024-09-10 13:43:40.671016+05:30,1,18154,25.4475601,76.2991517,9,4,0.5,812705,127,812705170
48599,"25.437320,76.202782,25.437287,76.203206,25.437439,76.203696,25.438032,76.203378,25.438083,76.203124,25.437348,76.202808",images/blockplantation/4e05e46b-d0a8-47cb-9a05-551b1063551f.jpg,530,"Amrood: 250, Amla: 100, Lemon: 180",FALSE,2024-09-10 13:43:43.627253+05:30,2024-09-10 13:43:43.627271+05:30,1,18154,25.4374756,76.2028712,9,4,10,812705,127,812705130
48600,"26.968758,77.084713,26.968694,77.084851,26.968249,77.084603,26.968279,77.084531",images/blockplantation/9d9095d2-cbfa-42c9-9145-8cf41ba6078f.jpg,180,"Karanj: 80, Harsingar: 30, Seesam: 50, Jamun: 10, Mango: 10",FALSE,2024-09-10 13:50:30.361553+05:30,2024-09-10 13:50:30.361572+05:30,1,66326,26.9682746,77.0845603,13,9,1,810510,105,810510060
48601,"25.452230,76.300703,25.452153,76.301058,25.452457,76.301024,25.452381,76.300599,25.452234,76.300711",images/blockplantation/b8915206-df67-4fbe-abfa-c7cccc95bd34.jpg,156,"Amrood: 50, Lemon: 106",FALSE,2024-09-10 14:06:14.646934+05:30,2024-09-10 14:06:14.646953+05:30,1,18154,25.4522383,76.3006963,9,4,0.5,812705,127,812705170
48602,"25.452212,76.300633,25.452120,76.300793,25.452400,76.300978,25.452399,76.300618",images/blockplantation/928f3d79-3d31-462c-9736-d66e6447506c.jpg,101,"Amla: 20, Amrood: 40, Lemon: 40, Ber: 1",FALSE,2024-09-10 14:11:32.104756+05:30,2024-09-10 14:11:32.104775+05:30,1,23548,25.452127,76.3008518,9,4,0.5,812705,127,812705170
48603,"25.452203,76.300612,25.452133,76.300931,25.452411,76.301015,25.452378,76.300593,25.452227,76.300714",images/blockplantation/acd4f8e2-59c8-49c9-937a-bf16d1efd7e7.jpg,105,"Amrood: 50, Ber: 30, Lemon: 25",FALSE,2024-09-10 14:18:28.007422+05:30,2024-09-10 14:18:28.007442+05:30,1,23548,25.4520645,76.3004258,9,4,0.5,812705,127,812705170
48604,"26.984060,77.066975,26.983746,77.066844,26.983721,77.066440,26.984087,77.066553",images/blockplantation/be435115-352b-4582-bf55-d64238e4a278.jpg,100,"Karanj: 50, Kadamb: 5, Harsingar: 45",FALSE,2024-09-10 14:27:48.894711+05:30,2024-09-10 14:27:48.894728+05:30,1,66326,26.9837135,77.0666956,13,2,1,810510,105,810510160
48605,"25.022048,75.673868,25.021858,75.672868,25.021437,75.672682,25.021387,75.673012,25.021654,75.673962",images/blockplantation/ee04be02-35c4-445f-8604-7525a6e6f39a.jpg,700,"Karanj: 100, Seesam: 50, Others: 550",FALSE,2024-09-10 14:39:23.788782+05:30,2024-09-10 14:39:23.788802+05:30,1,73965,25.0216348,75.6739311,13,1,1.5,812703,127,812703060
48606,"25.091148,75.864278,25.091219,75.864446,25.091274,75.864689,25.090976,75.864923,25.090837,75.864800,25.090526,75.864383,25.090600,75.864081,25.090944,75.863841,25.091115,75.863903,25.091182,75.864227",images/blockplantation/27eda7ea-af7e-464a-ba65-e349cf903a1c.jpg,5000,"Karanj: 1000, Amla: 500, Seesam: 1000, Kadam: 1000, Jamun: 500, Peepal: 500, Neem: 500",FALSE,2024-09-10 15:27:33.879675+05:30,2024-09-10 15:27:33.879694+05:30,1,75801,25.0912041,75.8642662,3,1,1,812703,127,812703010
48607,"25.091166,75.864251,25.091200,75.864510,25.091161,75.864750,25.091221,75.864969,25.090870,75.865172,25.090803,75.864450,25.090833,75.864264,25.091051,75.864077",images/blockplantation/8cfb4170-3991-4ff1-9024-877e415e252f.jpg,5000,"Kadamb: 1000, Karanj: 1000, Neem: 1000, Seesam: 500, Peepal: 500, Jamun: 500, Amla: 500",FALSE,2024-09-10 15:37:32.464294+05:30,2024-09-10 15:37:32.464314+05:30,1,75801,25.0908363,75.8647352,3,1,1,812703,127,812703010
48608,"25.412771,76.243152,25.413189,76.242797,25.413199,76.242584,25.413117,76.242968,25.412960,76.243056,25.412708,76.243139",images/blockplantation/a75d55b0-4be5-40b6-bddf-ed7fa44bf7d4.jpg,150,"Palash: 50, Others: 100",FALSE,2024-09-10 15:41:57.635671+05:30,2024-09-10 15:41:57.635691+05:30,1,23548,25.4130142,76.2430814,9,12,0.5,812705,127,812705310
48609,"25.091409,75.863924,25.091300,75.863859,25.091158,75.863710,25.091138,75.863643,25.091382,75.863590,25.091535,75.863931,25.091565,75.864217,25.091414,75.864319,25.091318,75.864428,25.091157,75.864119",images/blockplantation/b28fc9e3-e059-49df-9f4d-bf95374fb240.jpg,5000,"Neem: 1000, Amla: 500, Seesam: 500, Jamun: 500, Kadam: 1000, Karanj: 1000, Semal: 500",FALSE,2024-09-10 15:46:45.931844+05:30,2024-09-10 15:46:45.931863+05:30,1,75801,25.0913819,75.8638795,3,1,1,812703,127,812703010
48610,"27.204597,77.502067,27.204618,77.502054,27.204635,77.502044,27.204664,77.502028",images/blockplantation/0eaeb5bc-be4e-4913-86d2-95c60c8306cf.jpg,200,Bael: 200,FALSE,2024-09-10 16:15:45.90882+05:30,2024-09-10 16:15:45.908852+05:30,1,75500,27.2041641,77.5019246,30,5,0.02,810509,105,810509230
48611,"25.223846,76.075039,25.223807,76.075047,25.223763,76.075080,25.223743,76.075086",images/blockplantation/4d3919ef-f034-4161-8542-be38322632b3.jpg,105,"Amrood: 20, Gular: 20, Jamun: 40, Kachnar: 20, Karanj: 5",FALSE,2024-09-10 16:25:11.339445+05:30,2024-09-10 16:25:11.339466+05:30,1,26844,25.223801,76.0751308,13,2,0.5,812705,127,812705100
48612,"25.223883,76.075150,25.223880,76.075156,25.223888,76.075154,25.223942,76.075129,25.223940,76.075083",images/blockplantation/984a0734-a4e7-4658-a470-bed146b91dc7.jpg,110,"Amrood: 20, Kadam: 20, Karanj: 40, Neem: 30",FALSE,2024-09-10 16:31:05.718819+05:30,2024-09-10 16:31:05.718839+05:30,1,26844,25.2239003,76.0751412,13,7,0.2,812705,127,812705100
48613,"27.528577,77.250886,27.528580,77.250888,27.528580,77.250888,27.528580,77.250888",images/blockplantation/e5924f26-d593-417a-9752-5375c52e6093.jpg,100,"Aak: 28, Bael: 35, Dhak: 21, Gular: 16",FALSE,2024-09-10 17:32:07.039448+05:30,2024-09-10 17:32:07.039471+05:30,2,77625,27.5256452,77.2496753,2,12,0.5,810502,105,810502200
48614,"24.919644,75.743882,24.919295,75.744198,24.918845,75.744021,24.918935,75.743480",images/blockplantation/e559f919-6268-4afd-82e4-45642a16cdb3.jpg,700,"Amla: 100, Amrood: 100, Mango: 15, Lemon: 100, Bael: 15, Banyan: 2, Jamun: 15, Neem: 10, Peepal: 2, Others: 341",FALSE,2024-09-10 17:41:54.306769+05:30,2024-09-10 17:41:54.306795+05:30,1,73965,24.9196421,75.7438817,13,3,1.5,0,0,0
48615,"28.922823,75.352592,28.922871,75.352636,28.922859,75.352612,28.922869,75.352611",images/blockplantation/561f9cfc-3000-4b1a-af2a-879690240d2c.jpg,100,"Neem: 40, Neem: 60",FALSE,2024-09-11 07:42:03.252871+05:30,2024-09-11 07:42:03.252891+05:30,1,64927,28.9228418,75.3525749,2,7,0.1,810001,100,810001060
48616,"28.923387,75.352492,28.923368,75.352387,28.923363,75.352338,28.923368,75.352309",images/blockplantation/1ca52f0b-8463-4dd9-8fc2-cce1f34a7252.jpg,500,"Neem: 100, Seesam: 100, Peepal: 50, Khejri: 100, Rohida: 50, Moringa: 100",FALSE,2024-09-11 07:47:05.567225+05:30,2024-09-11 07:47:05.567243+05:30,2,64927,28.923374,75.3524937,2,7,0.2,810001,100,810001060
48617,"28.923434,75.351782,28.923424,75.351701,28.923396,75.351618,28.923342,75.351605",images/blockplantation/22bd46bd-b96b-4e51-8efc-d3aa473e45b1.jpg,500,"Neem: 250, Rohida: 50, Seesam: 150, Moringa: 50",FALSE,2024-09-11 07:49:45.556421+05:30,2024-09-11 07:49:45.556439+05:30,2,64927,28.9234263,75.3518029,2,7,0.2,810001,100,810001060
48618,"28.922251,75.351725,28.922249,75.351742,28.922251,75.351768,28.922249,75.351782",images/blockplantation/aa6d61c7-0da1-41d1-ad45-2e480884b1a8.jpg,100,Neem: 100,FALSE,2024-09-11 07:52:59.224153+05:30,2024-09-11 07:52:59.224173+05:30,2,64927,28.9222646,75.3517403,2,7,0.1,810001,100,810001060
48619,"28.922123,75.352331,28.922123,75.352331,28.922122,75.352335,28.922117,75.352336",images/blockplantation/09bee0ba-dbeb-44a5-9abc-c2f92c91d4d2.jpg,100,"Neem: 80, Seesam: 20",FALSE,2024-09-11 07:54:50.687778+05:30,2024-09-11 07:54:50.687799+05:30,2,64927,28.9221237,75.3521892,2,7,0.1,810001,100,810001060
48620,"29.835058,74.412312,29.835058,74.412312,29.835058,74.412312,29.835058,74.412312",images/blockplantation/928605cd-1365-4e80-b518-c5aa40ffcda3.jpg,250,"Bael: 50, Ber: 50, Kair: 50, Khair: 50, Kikar: 50",FALSE,2024-09-11 08:11:47.069131+05:30,2024-09-11 08:11:47.069153+05:30,2,77548,29.83503,74.4124033,2,7,0.25,810006,100,810006040
48621,"29.835087,74.412312,29.835087,74.412312,29.835087,74.412312,29.835087,74.412312",images/blockplantation/2d7a8ecf-0cef-464c-81aa-1d2b18901d99.jpg,250,"Aak: 50, Bael: 50, Ber: 50, Kair: 50, Khair: 50",FALSE,2024-09-11 08:13:51.142722+05:30,2024-09-11 08:13:51.142741+05:30,2,77548,29.8350893,74.4122929,2,9,0.25,810006,100,810006040
48622,"27.469875,77.324820,27.469884,77.324835,27.469884,77.324837,27.469882,77.324838,27.469881,77.324802,27.469915,77.324751,27.469962,77.324672,27.470026,77.324585,27.470099,77.324489,27.470132,77.324433,27.470201,77.324307,27.470267,77.324173,27.470299,77.324104,27.470365,77.323966,27.470425,77.323815,27.470455,77.323733,27.470485,77.323648,27.470548,77.323485,27.470628,77.323326,27.470668,77.323250,27.470745,77.323090,27.470785,77.323007,27.470826,77.322922,27.470869,77.322831,27.470955,77.322656,27.470997,77.322590,27.471049,77.322538,27.471105,77.322494,27.471165,77.322463,27.471231,77.322435,27.471294,77.322405,27.471417,77.322323,27.471477,77.322276,27.471530,77.322223,27.471581,77.322169,27.471674,77.322025,27.471754,77.321886,27.471788,77.321809,27.471816,77.321729,27.471922,77.321405,27.472013,77.321101,27.472032,77.321035,27.472109,77.320855,27.472167,77.320740,27.472220,77.320635,27.472285,77.320534,27.472304,77.320365,27.472302,77.320328,27.472409,77.320072,27.472409,77.320072,27.472538,77.320048,27.472609,77.320044,27.472677,77.320036,27.472767,77.320024,27.472818,77.320040,27.472879,77.320063,27.472909,77.320079,27.472992,77.320172,27.473018,77.320207,27.473090,77.320254,27.473181,77.320261,27.473226,77.320261,27.473308,77.320277,27.473387,77.320299,27.473422,77.320316,27.473493,77.320348,27.473568,77.320369,27.473635,77.320398,27.473706,77.320432,27.473744,77.320452,27.473821,77.320496,27.473898,77.320543,27.473973,77.320590,27.474043,77.320639,27.474130,77.320697,27.474178,77.320711,27.474213,77.320718,27.474234,77.320725,27.474273,77.320747,27.474330,77.320780,27.474392,77.320819,27.474460,77.320859,27.474533,77.320907,27.474609,77.320955,27.474692,77.320997,27.474807,77.321050,27.474883,77.321091,27.474928,77.321109,27.475062,77.321185,27.475105,77.321213,27.475227,77.321286,27.475307,77.321326,27.475395,77.321375,27.475490,77.321433,27.475851,77.321664,27.475937,77.321728,27.476022,77.321782,27.476061,77.321813,27.476176,77.321910,27.476213,77.321944,27.476283,77.322009,27.476397,77.322110,27.476436,77.322142,27.476514,77.322210,27.476646,77.322290,27.476771,77.322361,27.476942,77.322480,27.477079,77.322577,27.477201,77.322648,27.477317,77.322736,27.477613,77.322873,27.477747,77.322912,27.477907,77.323019,27.478067,77.323084,27.478273,77.323177,27.478396,77.323211,27.478436,77.323227,27.478589,77.323301,27.478650,77.323306,27.478694,77.323325,27.478740,77.323366,27.478891,77.323415,27.479168,77.323470,27.479263,77.323478,27.479339,77.323478,27.479428,77.323447,27.479594,77.323389,27.479816,77.323400,27.479932,77.323394,27.480203,77.323131,27.480400,77.322877,27.480549,77.322635,27.480706,77.322302,27.480743,77.322223,27.480806,77.322132,27.480895,77.322053,27.481055,77.321949,27.481381,77.321664,27.481602,77.321448,27.481707,77.321326,27.481804,77.321199,27.481906,77.321068,27.482011,77.320940,27.482195,77.320748,27.482330,77.320632,27.482480,77.320539,27.482637,77.320464,27.482890,77.320353,27.483070,77.320283,27.483345,77.320174,27.483520,77.320102,27.483689,77.320016,27.483851,77.319935,27.484093,77.319822,27.484176,77.319781,27.484338,77.319702,27.484418,77.319662,27.484497,77.319627,27.484745,77.319515,27.484911,77.319438,27.485078,77.319371,27.485421,77.319224,27.485508,77.319188,27.485685,77.319116,27.485772,77.319079,27.485944,77.319003,27.486115,77.318932,27.486295,77.318855,27.486476,77.318767,27.486566,77.318724,27.486740,77.318639,27.486901,77.318567,27.487046,77.318500,27.487163,77.318443,27.487286,77.318382,27.487434,77.318324,27.487559,77.318274,27.487640,77.318242,27.487710,77.318218,27.487817,77.318189,27.487947,77.318134,27.488017,77.318104,27.488248,77.317995,27.488411,77.317925,27.488566,77.317858,27.488645,77.317822,27.488801,77.317745,27.488970,77.317660,27.489055,77.317619,27.489232,77.317538,27.489319,77.317499,27.489499,77.317406,27.489688,77.317318,27.489785,77.317279,27.489980,77.317200,27.490271,77.317075,27.490538,77.316975,27.490679,77.316916,27.490800,77.316854,27.490920,77.316765,27.490997,77.316730,27.491097,77.316703,27.491207,77.316665,27.491340,77.316618,27.491566,77.316538,27.491715,77.316467,27.491941,77.316341,27.492294,77.316191,27.492541,77.316081,27.492687,77.316016,27.492835,77.315950,27.492996,77.315883,27.493164,77.315817,27.493431,77.315687,27.493623,77.315588,27.493927,77.315444,27.494237,77.315308,27.494446,77.315216,27.494653,77.315125,27.495054,77.314925,27.495352,77.314766,27.495653,77.314572,27.496223,77.314159,27.496500,77.313966,27.496752,77.313783,27.496930,77.313658,27.497311,77.313397,27.497613,77.313185,27.498023,77.312890,27.498553,77.312511,27.498763,77.312353,27.499064,77.312141,27.499357,77.311923,27.500292,77.311282,27.500533,77.311104,27.500952,77.310814,27.501207,77.310649,27.501494,77.310471,27.501783,77.310291,27.502737,77.309575,27.502868,77.309465,27.502938,77.309416,27.502994,77.309378,27.503042,77.309332,27.503122,77.309273,27.503239,77.309187,27.503336,77.309122,27.503406,77.309075,27.503576,77.308982,27.503653,77.308934,27.503720,77.308900,27.503766,77.308883,27.503838,77.308854,27.503890,77.308839,27.503967,77.308818,27.504022,77.308803,27.504098,77.308762,27.504162,77.308734,27.504216,77.308710,27.504274,77.308694,27.504340,77.308672,27.504477,77.308640,27.504766,77.308516,27.504920,77.308363,27.505091,77.308205,27.505257,77.308043,27.505313,77.307971,27.505402,77.307873,27.505789,77.307454,27.505971,77.307262,27.506163,77.307068,27.506363,77.306875,27.506497,77.306745,27.506784,77.306484,27.506920,77.306338,27.507362,77.305893,27.507579,77.305686,27.507711,77.305545,27.507841,77.305398,27.508045,77.305175,27.508188,77.305019,27.508408,77.304795,27.508624,77.304566,27.508768,77.304407,27.509057,77.304095,27.509351,77.303775,27.509825,77.303205,27.510283,77.302607,27.510442,77.302374,27.510723,77.301969,27.511004,77.301585,27.511205,77.301289,27.511426,77.300998,27.511533,77.300843,27.511883,77.300337,27.512134,77.299992,27.512260,77.299807,27.512601,77.299351,27.513073,77.298879,27.513401,77.298589,27.513739,77.298287,27.514083,77.297963,27.514654,77.297383,27.514908,77.297155,27.515355,77.296738,27.515816,77.296308,27.516077,77.296047,27.516320,77.295794,27.516568,77.295590,27.516730,77.295452,27.517050,77.295125,27.517277,77.294859,27.517427,77.294659,27.517627,77.294343,27.517757,77.294127,27.517957,77.293793,27.518167,77.293467,27.518424,77.293028,27.518562,77.292813,27.518763,77.292513,27.518922,77.292243,27.519117,77.291903,27.519269,77.291678,27.519395,77.291519,27.519458,77.291430,27.519515,77.291359,27.519545,77.291326,27.519613,77.291173,27.519727,77.290964,27.519820,77.290799,27.519889,77.290679,27.520059,77.290395,27.520066,77.290353,27.520234,77.290084,27.520314,77.289963,27.520451,77.289753,27.520592,77.289503,27.520791,77.289164,27.520949,77.288899,27.521110,77.288630,27.521375,77.288199,27.521533,77.287931,27.521644,77.287744,27.521964,77.287170,27.522194,77.286780,27.522468,77.286283,27.522711,77.285891,27.522892,77.285593,27.523069,77.285295,27.523240,77.284992,27.523476,77.284608,27.523645,77.284314,27.523813,77.284024,27.523983,77.283736,27.524155,77.283446,27.524326,77.283144,27.524506,77.282847,27.524746,77.282447,27.524930,77.282145,27.525105,77.281846,27.525279,77.281543,27.525510,77.281136,27.525685,77.280825,27.525928,77.280419,27.526121,77.280107,27.526315,77.279791,27.526567,77.279360,27.526751,77.279028,27.527068,77.278481,27.527247,77.278161,27.527493,77.277740,27.527813,77.277232,27.528242,77.276515,27.528483,77.276110,27.528775,77.275603,27.529004,77.275191,27.529129,77.274867,27.529213,77.274101,27.529229,77.273803,27.529236,77.273562,27.529239,77.273449,27.529252,77.273342,27.529259,77.273156,27.529262,77.272959,27.529264,77.272745,27.529267,77.272543,27.529268,77.272406,27.529281,77.272178,27.529292,77.272065,27.529291,77.271966,27.529298,77.271764,27.529314,77.271518,27.529318,77.271236,27.529319,77.271036,27.529326,77.270729,27.529341,77.270098,27.529343,77.269897,27.529362,77.269470,27.529380,77.268996,27.529396,77.268494,27.529410,77.268109,27.529431,77.267623,27.529461,77.267156,27.529474,77.266684,27.529486,77.266205,27.529494,77.265725,27.529500,77.265238,27.529515,77.264743,27.529529,77.264230,27.529554,77.263700,27.529587,77.263150,27.529606,77.262620,27.529628,77.262129,27.529644,77.261676,27.529654,77.261229,27.529673,77.260629,27.529695,77.260135,27.529701,77.259688,27.529712,77.259415,27.529727,77.259162,27.529748,77.259071,27.529695,77.258877,27.529664,77.258455,27.529628,77.258199,27.529598,77.257830,27.529585,77.257388,27.529566,77.257015,27.529509,77.256456,27.529407,77.254990,27.529397,77.254717,27.529400,77.254445,27.529368,77.253713,27.529591,77.253367,27.529835,77.253069,27.529954,77.252919,27.530262,77.252547,27.530402,77.252375,27.530392,77.252298,27.530302,77.252247,27.530172,77.252188,27.530005,77.252026,27.529988,77.251880,27.530008,77.251706,27.530017,77.251517,27.530029,77.251310,27.530038,77.251131,27.530040,77.250982,27.530036,77.250763,27.529987,77.250582,27.529945,77.250413,27.529903,77.250232,27.529875,77.250026,27.529855,77.249876,27.529830,77.249713,27.529825,77.249592,27.529827,77.249282,27.529855,77.249037,27.529877,77.248905,27.529908,77.248587,27.529933,77.248366,27.530056,77.247999,27.530149,77.247770,27.530316,77.247373,27.530474,77.246983,27.530556,77.246784,27.530687,77.246373,27.530710,77.246177,27.530787,77.245844,27.530851,77.245642,27.530976,77.245374,27.531083,77.245180,27.531190,77.244980,27.531333,77.244715,27.531437,77.244515,27.531605,77.244176,27.531688,77.243971,27.531792,77.243700,27.531891,77.243418,27.531970,77.243213,27.532072,77.242939,27.532134,77.242732,27.532204,77.242524,27.532343,77.242172,27.532434,77.241972,27.532555,77.241697,27.532684,77.241423,27.532780,77.241226,27.532903,77.240966,27.533043,77.240716,27.533145,77.240520,27.533325,77.240188,27.533435,77.239991,27.533616,77.239640,27.533768,77.239353,27.533926,77.239073,27.534050,77.238867,27.534266,77.238511,27.534390,77.238298,27.534550,77.238052,27.534799,77.237670,27.534971,77.237405,27.535153,77.237137,27.535301,77.236925,27.535458,77.236702,27.535673,77.236393,27.535869,77.236102,27.536031,77.235846,27.536161,77.235650,27.536335,77.235379,27.536475,77.235176,27.536686,77.234849,27.536868,77.234575,27.537016,77.234358,27.537207,77.234063,27.537398,77.233777,27.537579,77.233495,27.537749,77.233227,27.538010,77.232808,27.538183,77.232523,27.538537,77.231952,27.538856,77.231337,27.539005,77.231069,27.539209,77.230618,27.539333,77.230412,27.539441,77.230341,27.539498,77.230152,27.539395,77.229725,27.539188,77.229437,27.538965,77.229167,27.538815,77.228933,27.538707,77.228664,27.539097,77.227870,27.539228,77.227536,27.539438,77.227045,27.539651,77.226703,27.539807,77.226430,27.539872,77.226030,27.539993,77.225643,27.540098,77.225371,27.540195,77.225167,27.540242,77.225119,27.540322,77.225168,27.540469,77.225412,27.540554,77.225607,27.540657,77.225749,27.540852,77.225864,27.541006,77.225939,27.541114,77.225932,27.541246,77.225998,27.541374,77.226098,27.541338,77.226310,27.541426,77.226632,27.541607,77.226760,27.541693,77.226764,27.541829,77.226836,27.541837,77.226847,27.541879,77.226865,27.541919,77.226911,27.541946,77.226942,27.541953,77.226950,27.541954,77.226948,27.542044,77.226853,27.542099,77.226807,27.542130,77.226724,27.542140,77.226702,27.542145,77.226699,27.542173,77.226674,27.542281,77.226717,27.542308,77.226726,27.542358,77.226748,27.542385,77.226777,27.542417,77.226805,27.542460,77.226827,27.542498,77.226849,27.542518,77.226894,27.542513,77.226893,27.542538,77.226875,27.542497,77.226818,27.542497,77.226817,27.542497,77.226818,27.542497,77.226818,27.542499,77.226818,27.542498,77.226816,27.542496,77.226816,27.542486,77.226832,27.542476,77.226900,27.542494,77.226927,27.542581,77.226964,27.542613,77.226991,27.542615,77.226993,27.542616,77.226993,27.542714,77.227018,27.542742,77.227035,27.542745,77.227037,27.542747,77.227037,27.542747,77.227037,27.542849,77.227093,27.542853,77.227096,27.542853,77.227096,27.542932,77.227150,27.542951,77.227157,27.542956,77.227160,27.542958,77.227160,27.542957,77.227161,27.542958,77.227161,27.542957,77.227160,27.543028,77.227207,27.543057,77.227223,27.543064,77.227226,27.543067,77.227229,27.543067,77.227229,27.543139,77.227310,27.543149,77.227315,27.543150,77.227317,27.543151,77.227318,27.543228,77.227390,27.543236,77.227399,27.543238,77.227400,27.543238,77.227400,27.543238,77.227400,27.543237,77.227399,27.543236,77.227400,27.543325,77.227449,27.543339,77.227456,27.543340,77.227456,27.543340,77.227456,27.543341,77.227456,27.543423,77.227546,27.543428,77.227553,27.543525,77.227658,27.543534,77.227670,27.543535,77.227672,27.543537,77.227672,27.543537,77.227673,27.543544,77.227674,27.543615,77.227769,27.543633,77.227788,27.543665,77.227832,27.543691,77.227871,27.543704,77.227888,27.543730,77.227918,27.543747,77.227925,27.543805,77.227992,27.543836,77.228069,27.543855,77.228097,27.543900,77.228150,27.543938,77.228181,27.543968,77.228193,27.543999,77.228224,27.544040,77.228270,27.544042,77.228273,27.544043,77.228274,27.544093,77.228316,27.544160,77.228373,27.544161,77.228374,27.544190,77.228420,27.544221,77.228454,27.544272,77.228475,27.544308,77.228501,27.544350,77.228544,27.544376,77.228580,27.544394,77.228598,27.544396,77.228601,27.544397,77.228601,27.544493,77.228661,27.544522,77.228689,27.544542,77.228702,27.544544,77.228702,27.544545,77.228701,27.544638,77.228771,27.544643,77.228775,27.544645,77.228775,27.544645,77.228775,27.544749,77.228821,27.544756,77.228825,27.544758,77.228825,27.544758,77.228825,27.544838,77.228911,27.544844,77.228911,27.544845,77.228911,27.544967,77.228943,27.544986,77.228948,27.544988,77.228952,27.544994,77.228951,27.545090,77.229006,27.545092,77.229007,27.545092,77.229006,27.545092,77.229007,27.545091,77.229007,27.545092,77.229007,27.545091,77.229008,27.545092,77.229008,27.545185,77.229008,27.545188,77.229008,27.545189,77.229008,27.545189,77.229008,27.545282,77.229031,27.545299,77.229032,27.545302,77.229032,27.545302,77.229032,27.545395,77.229055,27.545418,77.229064,27.545420,77.229065,27.545421,77.229064,27.545522,77.229091,27.545528,77.229094,27.545528,77.229095,27.545527,77.229095,27.545527,77.229094,27.545528,77.229094,27.545527,77.229094,27.545433,77.229049,27.545427,77.229049,27.545427,77.229048,27.545336,77.229031,27.545312,77.229026,27.545312,77.229024,27.545311,77.229025,27.545203,77.228992,27.545162,77.228968,27.545152,77.228964,27.545134,77.228958,27.545133,77.228958,27.545026,77.228936,27.545013,77.228933,27.545013,77.228932,27.544912,77.228889,27.544908,77.228888,27.544826,77.228840,27.544792,77.228832,27.544781,77.228820,27.544702,77.228758,27.544619,77.228721,27.544602,77.228711,27.544598,77.228710,27.544593,77.228709,27.544492,77.228660,27.544490,77.228658,27.544416,77.228612,27.544390,77.228600,27.544387,77.228599,27.544387,77.228598,27.544299,77.228539,27.544287,77.228538,27.544287,77.228538,27.544279,77.228534,27.544196,77.228454,27.544196,77.228453,27.544195,77.228453,27.544123,77.228382,27.544113,77.228366,27.544110,77.228361,27.544043,77.228310,27.544006,77.228283,27.544006,77.228282,27.543916,77.228204,27.543912,77.228201,27.543912,77.228199,27.543848,77.228101,27.543847,77.228094,27.543846,77.228094,27.543776,77.228019,27.543771,77.228003,27.543769,77.227987,27.543738,77.227908,27.543725,77.227898,27.543720,77.227898,27.543633,77.227809,27.543606,77.227775,27.543609,77.227770,27.543547,77.227681,27.543509,77.227627,27.543510,77.227617,27.543511,77.227617,27.543493,77.227598,27.543479,77.227585,27.543479,77.227585,27.543389,77.227525,27.543368,77.227517,27.543306,77.227482,27.543299,77.227479,27.543281,77.227466,27.543201,77.227391,27.543158,77.227379,27.543115,77.227350,27.543100,77.227328,27.543084,77.227316,27.543069,77.227293,27.543018,77.227255,27.543014,77.227254,27.542899,77.227186,27.542886,77.227168,27.542886,77.227167,27.542885,77.227166,27.542746,77.227096,27.542673,77.227074,27.542629,77.227026,27.542622,77.227027,27.542620,77.227030,27.542582,77.226981,27.542565,77.226986,27.542557,77.226986,27.542557,77.226982,27.542555,77.226980,27.542590,77.226902",images/blockplantation/ff80135b-bebd-4732-8ec6-e4a392d1c9b7.jpg,955,Others: 955,FALSE,2024-09-11 08:16:55.854788+05:30,2024-09-11 08:16:55.854807+05:30,1,77612,27.4694899,77.3228176,2,9,4,810502,105,810502473
48623,"27.431946,77.323392,27.431946,77.323392,27.431946,77.323392,27.431946,77.323392",images/blockplantation/968c2f7a-11a7-46b5-a939-f996c08958c8.jpg,100,Google: 100,FALSE,2024-09-11 08:28:32.618565+05:30,2024-09-11 08:28:32.618586+05:30,1,77622,27.431953,77.3233899,2,7,0.1,810502,105,810502350
48624,"27.557927,77.243749,27.557940,77.243763,27.557877,77.243777,27.557869,77.243775,27.557869,77.243775,27.557859,77.243775,27.557848,77.243776,27.557842,77.243782,27.557834,77.243786,27.557832,77.243787,27.557829,77.243795,27.557827,77.243803,27.557824,77.243812,27.557821,77.243817,27.557816,77.243820,27.557815,77.243824,27.557812,77.243830,27.557812,77.243830,27.557810,77.243835,27.557808,77.243843,27.557806,77.243851,27.557803,77.243858,27.557800,77.243861,27.557797,77.243867,27.557793,77.243870,27.557792,77.243870,27.557787,77.243870,27.557782,77.243868,27.557782,77.243868,27.557778,77.243866,27.557773,77.243864,27.557770,77.243862,27.557768,77.243862,27.557764,77.243860,27.557761,77.243858,27.557759,77.243858,27.557759,77.243858,27.557759,77.243859,27.557758,77.243860,27.557757,77.243859,27.557753,77.243859,27.557752,77.243859,27.557750,77.243859,27.557749,77.243859,27.557748,77.243859,27.557746,77.243858,27.557743,77.243857,27.557742,77.243855,27.557740,77.243853,27.557739,77.243850,27.557738,77.243847,27.557737,77.243843,27.557737,77.243841,27.557736,77.243840,27.557736,77.243837,27.557737,77.243835,27.557738,77.243831,27.557739,77.243827,27.557739,77.243827,27.557740,77.243822,27.557739,77.243818,27.557739,77.243814,27.557738,77.243808,27.557738,77.243808,27.557738,77.243804,27.557738,77.243798,27.557739,77.243792,27.557739,77.243792,27.557740,77.243787,27.557741,77.243782,27.557741,77.243777,27.557741,77.243777,27.557742,77.243772,27.557743,77.243768,27.557744,77.243764,27.557744,77.243764,27.557745,77.243761,27.557747,77.243758,27.557747,77.243756,27.557748,77.243752,27.557749,77.243748,27.557749,77.243748,27.557750,77.243744,27.557755,77.243730,27.557759,77.243723,27.557761,77.243718,27.557763,77.243714,27.557764,77.243709,27.557764,77.243703,27.557764,77.243697,27.557764,77.243697,27.557764,77.243692,27.557764,77.243687,27.557763,77.243685,27.557762,77.243685,27.557762,77.243684,27.557762,77.243678,27.557761,77.243674,27.557760,77.243670,27.557758,77.243664,27.557754,77.243651,27.557751,77.243638,27.557750,77.243631,27.557750,77.243624,27.557750,77.243616,27.557752,77.243610,27.557755,77.243603,27.557756,77.243596,27.557758,77.243592,27.557760,77.243589,27.557761,77.243582,27.557760,77.243577,27.557760,77.243572,27.557762,77.243567,27.557763,77.243563,27.557764,77.243555,27.557759,77.243546,27.557756,77.243545,27.557756,77.243543,27.557755,77.243541,27.557755,77.243541,27.557753,77.243539,27.557750,77.243540,27.557749,77.243545,27.557753,77.243550,27.557754,77.243551,27.557757,77.243551,27.557760,77.243554,27.557760,77.243559,27.557760,77.243562,27.557760,77.243563,27.557758,77.243571,27.557757,77.243577,27.557756,77.243582,27.557754,77.243589,27.557754,77.243593,27.557753,77.243597,27.557753,77.243600,27.557752,77.243624,27.557752,77.243635,27.557751,77.243641,27.557749,77.243648,27.557748,77.243656,27.557746,77.243663,27.557744,77.243669,27.557739,77.243680,27.557737,77.243688,27.557736,77.243693,27.557733,77.243698,27.557730,77.243704,27.557725,77.243718,27.557722,77.243728,27.557720,77.243732,27.557719,77.243739,27.557718,77.243746,27.557716,77.243751,27.557716,77.243757,27.557715,77.243765,27.557713,77.243771,27.557711,77.243777,27.557709,77.243784,27.557707,77.243790,27.557706,77.243797,27.557704,77.243804,27.557703,77.243810,27.557702,77.243815,27.557699,77.243827,27.557698,77.243828,27.557694,77.243839,27.557693,77.243845,27.557694,77.243854,27.557695,77.243859,27.557697,77.243865,27.557701,77.243870,27.557708,77.243874,27.557714,77.243877,27.557719,77.243877,27.557724,77.243877,27.557729,77.243876,27.557734,77.243875,27.557741,77.243875,27.557745,77.243876,27.557754,77.243878,27.557758,77.243878,27.557762,77.243877,27.557767,77.243877,27.557772,77.243878,27.557778,77.243878,27.557783,77.243878,27.557790,77.243879,27.557791,77.243879,27.557796,77.243880,27.557799,77.243909,27.557793,77.243911,27.557787,77.243915,27.557784,77.243922,27.557783,77.243928,27.557785,77.243931,27.557789,77.243935,27.557794,77.243937,27.557800,77.243938,27.557805,77.243939,27.557809,77.243942,27.557811,77.243944,27.557812,77.243949,27.557812,77.243954,27.557812,77.243959,27.557811,77.243967,27.557811,77.243971,27.557810,77.243973,27.557810,77.243977,27.557809,77.243982,27.557808,77.243987,27.557807,77.243993,27.557805,77.243998,27.557794,77.244001,27.557788,77.243995,27.557783,77.243984,27.557780,77.243978,27.557776,77.243970,27.557775,77.243964,27.557774,77.243956,27.557775,77.243948,27.557777,77.243932,27.557779,77.243925,27.557782,77.243919,27.557788,77.243909,27.557791,77.243904,27.557791,77.243889,27.557789,77.243885,27.557785,77.243883,27.557780,77.243881,27.557780,77.243882,27.557777,77.243885,27.557774,77.243886,27.557769,77.243888,27.557767,77.243890,27.557766,77.243898,27.557764,77.243912,27.557763,77.243921,27.557762,77.243931,27.557761,77.243941,27.557760,77.243945,27.557761,77.243951,27.557768,77.243959,27.557769,77.243962,27.557776,77.243967,27.557781,77.243962,27.557781,77.243960,27.557781,77.243956,27.557779,77.243947,27.557777,77.243938,27.557776,77.243933,27.557778,77.243923,27.557783,77.243919,27.557790,77.243916,27.557793,77.243914,27.557802,77.243909,27.557806,77.243908,27.557810,77.243904,27.557816,77.243903,27.557832,77.243900,27.557838,77.243900,27.557843,77.243901,27.557852,77.243903,27.557861,77.243907,27.557871,77.243916,27.557880,77.243923,27.557886,77.243926,27.557892,77.243927,27.557901,77.243929,27.557908,77.243932,27.557917,77.243935,27.557922,77.243939,27.557925,77.243942,27.557934,77.243947,27.557937,77.243949,27.557942,77.243961,27.557947,77.243978,27.557950,77.243984,27.557953,77.243980,27.557954,77.243977,27.557959,77.243976,27.557957,77.243974,27.557955,77.243972,27.557948,77.243969,27.557939,77.243966,27.557928,77.243962,27.557918,77.243961,27.557911,77.243959,27.557895,77.243959,27.557885,77.243965,27.557882,77.243970,27.557880,77.243973,27.557876,77.243979,27.557875,77.243982,27.557877,77.243990,27.557885,77.243993,27.557888,77.243994,27.557895,77.243995,27.557902,77.243995,27.557910,77.243994,27.557917,77.243992,27.557923,77.243989,27.557927,77.243993,27.557924,77.243998,27.557921,77.244007,27.557935,77.244025,27.557900,77.244030,27.557888,77.244016,27.557880,77.244013,27.557877,77.244014,27.557867,77.244015,27.557856,77.244013,27.557845,77.244014,27.557834,77.244013,27.557842,77.244016,27.557851,77.244024,27.557863,77.244053,27.557837,77.244039,27.557835,77.244036,27.557833,77.244019,27.557835,77.243994,27.557837,77.243959,27.557838,77.243948,27.557843,77.243930,27.557852,77.243917,27.557869,77.243895,27.557876,77.243882,27.557882,77.243869,27.557896,77.243852,27.557902,77.243844,27.557908,77.243837,27.557916,77.243826,27.557923,77.243818,27.557930,77.243809,27.557932,77.243806,27.557934,77.243799,27.557945,77.243797,27.557946,77.243805,27.557947,77.243815,27.557948,77.243820,27.557952,77.243827,27.557956,77.243827,27.557963,77.243823,27.557972,77.243819,27.557979,77.243820,27.557985,77.243821,27.557995,77.243824,27.558010,77.243827,27.558027,77.243825,27.558033,77.243823,27.558036,77.243821,27.558042,77.243816,27.558044,77.243811,27.558045,77.243813,27.558041,77.243814,27.558038,77.243814,27.558034,77.243809,27.558021,77.243772,27.558022,77.243769,27.558022,77.243769,27.558020,77.243772,27.558036,77.243792,27.558024,77.243803,27.558021,77.243803,27.558013,77.243793,27.558016,77.243780,27.558011,77.243772,27.558010,77.243768,27.558001,77.243756,27.557996,77.243754,27.557988,77.243742,27.557987,77.243738,27.557988,77.243735,27.557991,77.243740,27.557991,77.243743,27.557992,77.243746,27.557995,77.243751,27.557995,77.243761,27.557991,77.243770,27.557990,77.243775,27.557986,77.243782,27.557982,77.243789,27.557974,77.243796,27.557970,77.243797,27.557960,77.243800,27.557948,77.243810,27.557941,77.243819,27.557930,77.243832,27.557923,77.243839,27.557912,77.243855,27.557906,77.243867,27.557900,77.243877,27.557893,77.243889,27.557886,77.243897,27.557874,77.243903,27.557854,77.243913,27.557832,77.243910,27.557818,77.243901,27.557808,77.243895,27.557784,77.243878,27.557779,77.243866,27.557765,77.243859,27.557754,77.243856,27.557744,77.243853,27.557728,77.243848,27.557717,77.243840,27.557711,77.243829,27.557709,77.243808,27.557718,77.243790,27.557721,77.243779,27.557724,77.243764,27.557724,77.243754,27.557724,77.243739,27.557723,77.243726,27.557726,77.243705,27.557729,77.243688,27.557746,77.243677,27.557760,77.243680,27.557771,77.243684,27.557777,77.243689,27.557781,77.243694,27.557784,77.243700,27.557790,77.243709,27.557794,77.243718,27.557800,77.243728,27.557806,77.243735,27.557808,77.243737,27.557813,77.243747,27.557814,77.243758,27.557817,77.243766,27.557818,77.243775,27.557810,77.243779,27.557806,77.243777,27.557800,77.243774,27.557793,77.243765,27.557787,77.243755,27.557778,77.243743,27.557774,77.243736,27.557769,77.243736,27.557768,77.243743,27.557760,77.243757,27.557762,77.243764,27.557765,77.243771,27.557767,77.243777,27.557763,77.243786,27.557767,77.243782,27.557777,77.243775,27.557785,77.243766,27.557790,77.243755,27.557755,77.243744,27.557758,77.243748,27.557761,77.243749,27.557762,77.243750,27.557762,77.243751,27.557763,77.243756,27.557762,77.243768,27.557768,77.243789,27.557785,77.243786,27.557780,77.243768,27.557777,77.243753,27.557776,77.243729,27.557778,77.243720,27.557787,77.243713,27.557802,77.243724,27.557803,77.243748,27.557792,77.243765,27.557784,77.243775,27.557782,77.243789,27.557779,77.243802,27.557770,77.243808,27.557763,77.243805,27.557767,77.243797,27.557770,77.243787,27.557783,77.243767,27.557787,77.243748,27.557786,77.243724,27.557783,77.243698,27.557787,77.243685,27.557798,77.243683,27.557813,77.243686,27.557817,77.243687,27.557819,77.243691,27.557821,77.243697,27.557825,77.243704,27.557829,77.243712,27.557830,77.243724,27.557830,77.243737,27.557832,77.243750,27.557833,77.243758,27.557833,77.243768,27.557829,77.243777,27.557821,77.243792,27.557817,77.243801,27.557815,77.243807,27.557813,77.243814,27.557810,77.243824,27.557805,77.243831,27.557784,77.243898,27.557769,77.243904,27.557762,77.243922,27.557762,77.243934,27.557763,77.243945,27.557762,77.243959,27.557765,77.243969,27.557773,77.243980,27.557788,77.243986,27.557801,77.243971,27.557817,77.243962,27.557833,77.243964,27.557848,77.243965,27.557866,77.243965,27.557879,77.243956,27.557884,77.243952,27.557889,77.243950,27.557905,77.243941,27.557920,77.243942,27.557928,77.243948,27.557960,77.243936,27.557949,77.243931,27.557932,77.243929,27.557916,77.243930,27.557900,77.243932,27.557873,77.243907,27.557880,77.243913,27.557901,77.243921,27.557926,77.243924,27.557938,77.243925,27.557950,77.243980,27.557929,77.243971,27.557914,77.243963,27.557889,77.243952,27.557878,77.243943,27.557857,77.243927,27.557838,77.243914,27.557823,77.243911,27.557814,77.243907,27.557803,77.243904,27.557790,77.243898,27.557776,77.243892,27.557762,77.243887,27.557756,77.243872,27.557748,77.243856,27.557728,77.243847,27.557706,77.243839,27.557696,77.243827,27.557699,77.243806,27.557706,77.243787,27.557712,77.243770,27.557717,77.243753,27.557723,77.243737,27.557728,77.243724,27.557730,77.243711,27.557731,77.243691,27.557732,77.243681,27.557736,77.243668,27.557740,77.243657,27.557747,77.243639,27.557752,77.243628,27.557757,77.243617,27.557772,77.243615,27.557785,77.243621,27.557797,77.243618,27.557802,77.243616,27.557816,77.243607,27.557819,77.243597,27.557824,77.243599,27.557828,77.243615,27.557838,77.243640,27.557823,77.243754,27.557776,77.243778,27.557753,77.243751,27.557723,77.243702,27.557738,77.243704,27.557743,77.243730,27.557747,77.243757,27.557748,77.243771,27.557736,77.243793,27.557718,77.243817,27.557710,77.243869,27.557735,77.243891,27.557748,77.243889,27.557785,77.243892,27.557819,77.243895,27.557841,77.243895,27.557856,77.243899,27.557870,77.243913,27.557879,77.243927,27.557887,77.243937,27.557879,77.243918,27.557837,77.243925,27.557837,77.243926,27.557840,77.243919,27.557841,77.243916,27.557840,77.243913,27.557839,77.243909,27.557843,77.243890,27.557852,77.243871,27.557861,77.243873,27.557879,77.243879,27.557893,77.243883,27.557901,77.243888,27.557916,77.243896,27.557927,77.243904,27.557927,77.243924,27.557936,77.243929,27.557947,77.243917,27.557955,77.243913,27.557958,77.243910,27.557965,77.243910,27.557992,77.243911,27.557992,77.243899,27.557970,77.243893,27.557966,77.243875,27.557966,77.243873,27.557972,77.243870,27.557978,77.243871,27.557989,77.243869,27.557994,77.243841,27.557994,77.243824,27.558000,77.243812,27.558002,77.243812,27.558004,77.243807,27.558005,77.243808,27.558005,77.243803,27.558006,77.243795,27.558005,77.243787,27.558000,77.243785,27.557986,77.243785,27.557988,77.243782,27.557990,77.243778,27.557990,77.243777,27.557990,77.243778,27.557992,77.243788,27.557990,77.243796,27.557989,77.243802,27.557977,77.243813,27.557966,77.243811,27.557959,77.243803,27.557957,77.243799,27.557955,77.243797,27.557953,77.243804,27.557952,77.243816,27.557954,77.243825,27.557958,77.243827,27.557960,77.243830,27.557960,77.243842,27.557965,77.243851,27.557964,77.243868,27.557942,77.243880,27.557931,77.243880,27.557917,77.243873,27.557905,77.243863,27.557897,77.243844,27.557899,77.243825,27.557895,77.243825,27.557901,77.243849,27.557900,77.243846,27.557901,77.243855,27.557916,77.243883,27.557924,77.243889,27.557921,77.243899,27.557921,77.243899,27.557921,77.243899,27.557917,77.243897,27.557907,77.243891,27.557898,77.243871,27.557904,77.243871,27.557904,77.243872,27.557904,77.243879,27.557911,77.243905,27.557905,77.243908,27.557903,77.243910,27.557896,77.243908,27.557894,77.243905,27.557890,77.243910,27.557890,77.243910,27.557863,77.243868,27.557861,77.243845,27.557870,77.243809,27.557888,77.243798,27.557899,77.243795,27.557937,77.243784,27.557957,77.243778,27.557963,77.243769,27.557964,77.243770,27.557964,77.243770,27.557978,77.243761,27.557984,77.243769,27.557995,77.243790,27.557994,77.243804,27.557979,77.243823,27.557950,77.243840,27.557930,77.243847,27.557919,77.243866,27.557919,77.243882,27.557930,77.243904,27.557902,77.243939,27.557910,77.243934,27.557916,77.243929,27.557914,77.243924,27.557901,77.243915,27.557875,77.243902,27.557856,77.243897,27.557827,77.243888,27.557800,77.243880,27.557782,77.243866,27.557698,77.243923,27.557724,77.243909,27.557752,77.243903,27.557769,77.243895,27.557764,77.243875,27.557749,77.243858,27.557734,77.243868,27.557716,77.243877,27.557687,77.243892,27.557665,77.243909,27.557671,77.243889,27.557697,77.243873,27.557710,77.243854,27.557714,77.243838,27.557722,77.243811,27.557724,77.243767,27.557639,77.243770,27.557640,77.243757,27.557630,77.243745,27.557637,77.243726,27.557658,77.243703,27.557681,77.243694,27.557694,77.243676,27.557706,77.243661,27.557718,77.243650,27.557726,77.243635,27.557733,77.243619,27.557749,77.243591,27.557787,77.243551,27.557798,77.243558,27.557790,77.243572,27.557721,77.243616,27.557726,77.243621,27.557735,77.243662,27.557741,77.243676,27.557755,77.243697,27.557754,77.243712,27.557752,77.243727,27.557749,77.243732,27.557742,77.243744,27.557737,77.243759,27.557734,77.243773,27.557729,77.243796,27.557724,77.243819,27.557718,77.243835,27.557712,77.243854,27.557714,77.243869,27.557727,77.243882,27.557741,77.243883,27.557757,77.243884,27.557776,77.243885,27.557794,77.243884,27.557809,77.243875,27.557816,77.243853,27.557824,77.243836,27.557836,77.243811,27.557843,77.243792,27.557861,77.243771,27.557880,77.243786,27.557866,77.243810,27.557862,77.243810,27.557848,77.243809,27.557830,77.243816,27.557816,77.243848,27.557820,77.243865,27.557829,77.243872,27.557848,77.243875,27.557865,77.243884,27.557876,77.243883,27.557885,77.243904,27.557881,77.243926,27.557880,77.243942,27.557869,77.243950,27.557867,77.243966,27.557866,77.243983,27.557864,77.244002,27.557878,77.244013,27.557920,77.244046,27.557933,77.244025,27.557932,77.244025,27.557942,77.244009,27.557946,77.243985,27.557955,77.243963,27.557958,77.243947,27.557971,77.243930,27.557976,77.243909,27.557970,77.243903,27.557956,77.243895,27.557936,77.243890,27.557923,77.243890,27.557903,77.243884,27.557897,77.243862,27.557906,77.243841,27.557921,77.243830,27.557925,77.243822,27.557929,77.243813,27.557932,77.243810,27.557932,77.243807,27.557932,77.243806,27.557932,77.243806",images/blockplantation/4b466505-2e9e-4207-a1a1-866c7d196b7f.jpg,700,Others: 700,FALSE,2024-09-11 08:31:35.73746+05:30,2024-09-11 08:31:35.737483+05:30,1,77604,27.5579871,77.2437605,2,7,0.5,0,0,0
48625,"27.431842,77.323950,27.431842,77.323950,27.431842,77.323950,27.431842,77.323950",images/blockplantation/780c3189-caaf-4ddd-a6e8-14a3324b3ecf.jpg,100,Jamun: 100,FALSE,2024-09-11 08:33:51.906656+05:30,2024-09-11 08:33:51.906675+05:30,1,77618,27.4318421,77.3239503,2,7,0.1,810502,105,810502350
48626,"27.431980,77.323406,27.431980,77.323406,27.431980,77.323406,27.431980,77.323406",images/blockplantation/ff60472d-f2e2-4830-b8d9-8883483b65c8.jpg,101,"Kadamb: 50, Khair: 51",FALSE,2024-09-11 08:39:24.150522+05:30,2024-09-11 08:39:24.150555+05:30,1,77627,27.4318948,77.3237064,2,7,0.1,810502,105,810502350
48627,"27.547980,77.235278,27.547980,77.235278,27.547980,77.235278,27.547980,77.235278",images/blockplantation/7d49ecc9-8644-4c78-8944-74713bcd069c.jpg,100,"Kikar: 26, Kair: 26, Gonda: 12, Bael: 12, Ber: 24",FALSE,2024-09-11 08:59:28.168857+05:30,2024-09-11 08:59:28.168875+05:30,2,77625,27.5479756,77.2352785,2,12,1,0,0,0
48628,"27.547952,77.235278,27.547952,77.235278,27.547952,77.235278,27.547952,77.235278,27.547952,77.235278",images/blockplantation/2951c3ba-45e4-41c6-a19d-82a3810a13c2.jpg,250,"Arjun: 24, Bael: 28, Ber: 25, Google: 54, Harsingar: 28, Imli: 45, Gular: 46",FALSE,2024-09-11 09:05:29.585803+05:30,2024-09-11 09:05:29.585823+05:30,2,77625,27.5480983,77.2353517,2,1,1,0,0,0
48629,"27.548005,77.235333,27.548005,77.235333,27.548005,77.235333,27.548005,77.235333",images/blockplantation/e5aba61a-8b05-4af4-9ede-356d86f52777.jpg,100,"Aak: 25, Amaltas: 25, Bael: 20, Dhak: 15, Khair: 15",FALSE,2024-09-11 09:44:45.325923+05:30,2024-09-11 09:44:45.325944+05:30,2,77625,27.54805,77.23539,2,9,0.5,0,0,0
48630,"27.543598,77.255512,27.543598,77.255512,27.543582,77.255577,27.543583,77.255591,27.543585,77.255602,27.543589,77.255616,27.543602,77.255650,27.543600,77.255664,27.543599,77.255676,27.543599,77.255690,27.543599,77.255698,27.543602,77.255706,27.543604,77.255716,27.543607,77.255727,27.543609,77.255735,27.543612,77.255743,27.543617,77.255758,27.543623,77.255771,27.543625,77.255781,27.543629,77.255794,27.543631,77.255799,27.543635,77.255811,27.543638,77.255817,27.543642,77.255829,27.543646,77.255841,27.543649,77.255849,27.543655,77.255866,27.543661,77.255883,27.543663,77.255892,27.543668,77.255909,27.543672,77.255915,27.543683,77.255931,27.543691,77.255934,27.543705,77.255945,27.543712,77.255954,27.543723,77.255970,27.543727,77.255985,27.543733,77.256000,27.543770,77.256011,27.543778,77.256012,27.543790,77.256019,27.543800,77.256025,27.543811,77.256031,27.543818,77.256036,27.543824,77.256041,27.543835,77.256047,27.543842,77.256051,27.543852,77.256057,27.543865,77.256066,27.543874,77.256077,27.543882,77.256087,27.543888,77.256094,27.543890,77.256095,27.543892,77.256098,27.543897,77.256109,27.543902,77.256117,27.543911,77.256124,27.543913,77.256127,27.543920,77.256139,27.543924,77.256142,27.543925,77.256140,27.543927,77.256141,27.543927,77.256141,27.543927,77.256140,27.543927,77.256140,27.543910,77.256140,27.543911,77.256147,27.543914,77.256161,27.543924,77.256183,27.543928,77.256189,27.543934,77.256195,27.543940,77.256198,27.543964,77.256207,27.543973,77.256213,27.543978,77.256217,27.543982,77.256222,27.543989,77.256230,27.543990,77.256233,27.544000,77.256246,27.543998,77.256238,27.543996,77.256227,27.543992,77.256215,27.543990,77.256209,27.543985,77.256199,27.543980,77.256191,27.543972,77.256181,27.543966,77.256175,27.543958,77.256166,27.543951,77.256161,27.543939,77.256150,27.543928,77.256141,27.543926,77.256139,27.543926,77.256140,27.543926,77.256141,27.543923,77.256140,27.543917,77.256133,27.543917,77.256134,27.543910,77.256134,27.543893,77.256132,27.543865,77.256129,27.543852,77.256122,27.543836,77.256108,27.543814,77.256090,27.543804,77.256084,27.543796,77.256077,27.543785,77.256071,27.543777,77.256062,27.543766,77.256053,27.543754,77.256045,27.543739,77.256028,27.543716,77.255992,27.543712,77.255980,27.543697,77.255922,27.543692,77.255911,27.543683,77.255897,27.543658,77.255874,27.543652,77.255867,27.543644,77.255857,27.543639,77.255846,27.543634,77.255828,27.543631,77.255821,27.543630,77.255810,27.543627,77.255800,27.543627,77.255796,27.543623,77.255779,27.543621,77.255773,27.543619,77.255763,27.543618,77.255757,27.543611,77.255731,27.543606,77.255722,27.543601,77.255713,27.543594,77.255702,27.543591,77.255691,27.543589,77.255685,27.543589,77.255679,27.543589,77.255677,27.543588,77.255660,27.543586,77.255644,27.543586,77.255635,27.543581,77.255609,27.543577,77.255601,27.543573,77.255591,27.543571,77.255575,27.543570,77.255559,27.543568,77.255545,27.543568,77.255539,27.543567,77.255531,27.543564,77.255520,27.543562,77.255511,27.543562,77.255507,27.543563,77.255504,27.543565,77.255500,27.543565,77.255497,27.543566,77.255493,27.543567,77.255491,27.543568,77.255490,27.543571,77.255487,27.543572,77.255486,27.543573,77.255484,27.543574,77.255482,27.543575,77.255481,27.543575,77.255481,27.543576,77.255481,27.543575,77.255482,27.543575,77.255472,27.543568,77.255445,27.543568,77.255445,27.543568,77.255445,27.543568,77.255445,27.543566,77.255445,27.543567,77.255445,27.543567,77.255446,27.543568,77.255446,27.543568,77.255446,27.543568,77.255446,27.543564,77.255447,27.543560,77.255450,27.543557,77.255454,27.543554,77.255459,27.543553,77.255465,27.543554,77.255471,27.543556,77.255480,27.543556,77.255484,27.543557,77.255488,27.543553,77.255497,27.543553,77.255502,27.543552,77.255508,27.543552,77.255514,27.543552,77.255519,27.543553,77.255530,27.543884,77.256118,27.543885,77.256118,27.543886,77.256116,27.543886,77.256116,27.543891,77.256110,27.543894,77.256107,27.543896,77.256104,27.543896,77.256102,27.543897,77.256101,27.543905,77.256099,27.543910,77.256103,27.543911,77.256106,27.543911,77.256108,27.543910,77.256111,27.543909,77.256113,27.543908,77.256120,27.543908,77.256159,27.543907,77.256156,27.543907,77.256154,27.543907,77.256154,27.543908,77.256153,27.543907,77.256155,27.543905,77.256178,27.543903,77.256181,27.543902,77.256180,27.543841,77.256337,27.543847,77.256329,27.543856,77.256320,27.543862,77.256320,27.543868,77.256323,27.543857,77.256327,27.543845,77.256331,27.543835,77.256339,27.543833,77.256344,27.543833,77.256346,27.543834,77.256349",images/blockplantation/67a915bf-649d-49fd-a647-783d1cac9cf7.jpg,220,Others: 220,FALSE,2024-09-11 09:57:27.646403+05:30,2024-09-11 09:57:27.646421+05:30,1,77617,27.5435783,77.255525,2,9,3,0,0,0
48631,"24.975429,75.834298,24.975786,75.834110,24.976149,75.834956,24.975690,75.835221",images/blockplantation/5995b5e3-6805-4732-a823-773431f8a7b2.jpg,200,"Amaltas: 30, Amrood: 10, Jamun: 10, JUNGLE JALEBI: 20, Seesam: 20, Neem: 10, Arjun: 10, Moringa: 10, Others: 80",FALSE,2024-09-11 09:58:40.217939+05:30,2024-09-11 09:58:40.217959+05:30,1,73965,24.9755692,75.8343656,13,2,0.3,0,0,0
48632,"27.384844,77.197415,27.384795,77.197314,27.384809,77.197313,27.384878,77.197367,27.384816,77.197433",images/blockplantation/3fb0f7c8-921c-4670-9abc-b9809c1281f4.jpg,293,Karanj: 293,FALSE,2024-09-11 10:00:04.761859+05:30,2024-09-11 10:00:04.761883+05:30,1,77553,27.3848354,77.1974055,2,7,4,0,0,0
48633,"27.551081,77.235088,27.550969,77.235305,27.551477,77.235575,27.551567,77.235591",images/blockplantation/f768845a-1f79-47c7-9a13-a28cf152155b.jpg,300,"Neem: 100, Amrood: 100, Amla: 100",FALSE,2024-09-11 10:00:08.031792+05:30,2024-09-11 10:00:08.031816+05:30,1,77631,27.5515733,77.2356383,2,12,1.5,0,0,0
48634,"27.409490,77.413110,27.409465,77.413138,27.409392,77.413067,27.409324,77.413015",images/blockplantation/8bd162e8-4213-4bb3-b828-7693b746bddd.jpg,450,Others: 450,FALSE,2024-09-11 10:33:53.867876+05:30,2024-09-11 10:33:53.867905+05:30,1,77599,27.4094647,77.4132863,2,7,0.5,810502,105,810502220
48635,"25.223832,76.075116,25.223785,76.075118,25.223734,76.075139,25.223668,76.075193",images/blockplantation/900d4c00-b5a0-47df-a55b-8d45a7bafc45.jpg,110,"Karanj: 40, Seesam: 40, Khejri: 30",FALSE,2024-09-11 10:37:25.935354+05:30,2024-09-11 10:37:25.935375+05:30,1,26844,25.2238985,76.0751615,13,7,0.2,812705,127,812705100
48636,"27.540413,77.231593,27.540549,77.231411,27.540475,77.231372,27.540432,77.231476",images/blockplantation/020657cf-8403-4cc0-bf43-1b4f9a1bbfb4.jpg,300,"Bael: 100, Ber: 100, Karanj: 100",FALSE,2024-09-11 10:46:11.631186+05:30,2024-09-11 10:46:11.631206+05:30,1,77623,27.540473,77.2315414,2,12,1,0,0,0
48637,"27.540447,77.231497,27.540379,77.231704,27.540371,77.231542,27.540657,77.231312",images/blockplantation/84f23c1b-daef-47f4-8b02-40853bac127e.jpg,450,"Harsingar: 100, Neem: 200, Safed Kikar: 100, Seesam: 50",FALSE,2024-09-11 10:50:23.740716+05:30,2024-09-11 10:50:23.740737+05:30,1,77623,27.540442,77.2315049,2,12,2,0,0,0
48638,"25.428625,76.266948,25.428574,76.267258,25.429177,76.267430,25.429241,76.267159",images/blockplantation/3c81a5d8-9ac9-4325-8e29-e880cde1806b.jpg,1435,"Amrood: 30, Ber: 10, Jamun: 10, Lemon: 30, Others: 1355",FALSE,2024-09-11 10:52:56.03408+05:30,2024-09-11 10:52:56.034101+05:30,1,23548,25.4286095,76.2669034,9,4,0.8,812705,127,812705310
48639,"27.557710,77.243435,27.557712,77.243427,27.557717,77.243417,27.557720,77.243416,27.557725,77.243410,27.557735,77.243399,27.557742,77.243390,27.557745,77.243383,27.557746,77.243375,27.557708,77.243346,27.557695,77.243331,27.557694,77.243319,27.557697,77.243302,27.557701,77.243290,27.557708,77.243277,27.557715,77.243263,27.557724,77.243248,27.557730,77.243233,27.557734,77.243224,27.557742,77.243209,27.557747,77.243196,27.557754,77.243184,27.557761,77.243168,27.557765,77.243163,27.557772,77.243155,27.557782,77.243147,27.557791,77.243135,27.557798,77.243128,27.557805,77.243122,27.557811,77.243117,27.557821,77.243115,27.557829,77.243112,27.557838,77.243109,27.557847,77.243103,27.557856,77.243099,27.557862,77.243094,27.557871,77.243087,27.557881,77.243078,27.557887,77.243069,27.557893,77.243061,27.557901,77.243051,27.557907,77.243046,27.557918,77.243044,27.557919,77.243040,27.557922,77.243031,27.557938,77.243012,27.557942,77.243005,27.557951,77.242993,27.557956,77.242986,27.557964,77.242973,27.557973,77.242964,27.557989,77.242959,27.557997,77.242955,27.558004,77.242953,27.558010,77.242947,27.558011,77.242932,27.558018,77.242884,27.558031,77.242882,27.558039,77.242879,27.558053,77.242865,27.558054,77.242875,27.558052,77.242878,27.558039,77.242887,27.558029,77.242892,27.558021,77.242895,27.558004,77.242901,27.557984,77.242901,27.557974,77.242899,27.557964,77.242900,27.557950,77.242903,27.557943,77.242906,27.557936,77.242913,27.557933,77.242920,27.557924,77.242933,27.557920,77.242948,27.557911,77.242964,27.557905,77.242963,27.557907,77.242954,27.557915,77.242926,27.557920,77.242914,27.557926,77.242904,27.557929,77.242894,27.557931,77.242886,27.557936,77.242874,27.557942,77.242863,27.557945,77.242854,27.557945,77.242854,27.557950,77.242839,27.557955,77.242833,27.557961,77.242827,27.557968,77.242821,27.557980,77.242799,27.557979,77.242778,27.557978,77.242760,27.557985,77.242743,27.557991,77.242729,27.557998,77.242714,27.558002,77.242704,27.558008,77.242687,27.558016,77.242677,27.558026,77.242661,27.558031,77.242653,27.558036,77.242637,27.558042,77.242618,27.558047,77.242606,27.558052,77.242593,27.558056,77.242582,27.558066,77.242562,27.558091,77.242586,27.558086,77.242616,27.558086,77.242627,27.558088,77.242643,27.558087,77.242654,27.558084,77.242663,27.558075,77.242676,27.558070,77.242685,27.558058,77.242695,27.558052,77.242701,27.558042,77.242712,27.558038,77.242717,27.558032,77.242727,27.558028,77.242733,27.558022,77.242742,27.558016,77.242753,27.558003,77.242765,27.557990,77.242765,27.557985,77.242752,27.557992,77.242741,27.558003,77.242735,27.558009,77.242731,27.558018,77.242725,27.558022,77.242720,27.558028,77.242713,27.558032,77.242707,27.558038,77.242696,27.558043,77.242685,27.558048,77.242678,27.558053,77.242666,27.558056,77.242659,27.558060,77.242653,27.558070,77.242638,27.558077,77.242626,27.558079,77.242616,27.558083,77.242604,27.558087,77.242592,27.558088,77.242581,27.558089,77.242573,27.558092,77.242561,27.558098,77.242551,27.558106,77.242538,27.558113,77.242528,27.558107,77.242498,27.558091,77.242495,27.558082,77.242500,27.558077,77.242506,27.558073,77.242514,27.558066,77.242528,27.558057,77.242539,27.558049,77.242547,27.558037,77.242556,27.558025,77.242568,27.558017,77.242580,27.558009,77.242591,27.558000,77.242602,27.557986,77.242612,27.557982,77.242597,27.557979,77.242582,27.557979,77.242567,27.557983,77.242551,27.557987,77.242535,27.557993,77.242514,27.558000,77.242499,27.558005,77.242486,27.558013,77.242466,27.558020,77.242451,27.558020,77.242441,27.558024,77.242427,27.558030,77.242415,27.558034,77.242404,27.558060,77.242363,27.558085,77.242355,27.558091,77.242352,27.558098,77.242346,27.558110,77.242337,27.558123,77.242330,27.558132,77.242326,27.558145,77.242317,27.558150,77.242312,27.558160,77.242302,27.558172,77.242292,27.558183,77.242281,27.558198,77.242263,27.558203,77.242256,27.558212,77.242246,27.558224,77.242229,27.558233,77.242218,27.558242,77.242203,27.558252,77.242195,27.558258,77.242189,27.558270,77.242176,27.558280,77.242167,27.558297,77.242158,27.558302,77.242155,27.558323,77.242150,27.558335,77.242151,27.558346,77.242153,27.558356,77.242153,27.558362,77.242154,27.558371,77.242154,27.558375,77.242153,27.558387,77.242153,27.558397,77.242153",images/blockplantation/1c046d91-a5aa-4acc-9b8f-0dbde96f37bb.jpg,200,Babool: 200,FALSE,2024-09-11 10:53:50.027683+05:30,2024-09-11 10:53:50.027703+05:30,1,77604,27.5585487,77.2420979,2,9,6,0,0,0
48640,"27.440358,77.398890,27.440090,77.398876,27.440149,77.398610,27.440401,77.398721",images/blockplantation/b3a11a6c-a884-46f4-a214-197aca19f9c3.jpg,100,Amla: 100,FALSE,2024-09-11 10:56:50.031238+05:30,2024-09-11 10:56:50.031273+05:30,1,77610,27.44038,77.3988748,2,11,0.01,810502,105,810502190
48641,"27.452550,77.392192,27.446185,77.393627,27.446185,77.393627,27.439557,77.400085",images/blockplantation/86062d77-d3ea-4ef8-bb64-6d1cbcc35f88.jpg,100,Amrood: 100,FALSE,2024-09-11 10:57:08.75844+05:30,2024-09-11 10:57:08.758461+05:30,1,77610,27.4525501,77.3921922,2,7,0.01,810502,105,810502310
48642,"27.440401,77.398659,27.440288,77.398966,27.440061,77.398911,27.440099,77.398582",images/blockplantation/050688ea-d1de-4343-a31c-acae3e20f936.jpg,100,Aak: 100,FALSE,2024-09-11 10:58:58.943001+05:30,2024-09-11 10:58:58.943022+05:30,1,77610,27.440411,77.3986824,2,7,0.01,810502,105,810502190
48643,"27.558521,77.242087,27.558524,77.242085,27.558530,77.242082,27.558535,77.242080,27.558543,77.242075,27.558552,77.242063,27.558561,77.242048,27.558567,77.242034,27.558571,77.242022,27.558574,77.242009,27.558577,77.241992,27.558586,77.241967,27.558588,77.241961,27.558590,77.241956,27.558595,77.241949,27.558599,77.241944,27.558618,77.241935,27.558619,77.241934,27.558620,77.241933,27.558624,77.241931,27.558626,77.241929,27.558631,77.241925,27.558640,77.241912,27.558643,77.241902,27.558648,77.241885,27.558651,77.241877,27.558654,77.241871,27.558659,77.241861,27.558666,77.241850,27.558705,77.241805,27.558705,77.241805,27.558705,77.241804,27.558706,77.241803,27.558708,77.241799,27.558710,77.241794,27.558716,77.241783,27.558720,77.241776,27.558722,77.241769,27.558723,77.241762,27.558726,77.241743,27.558726,77.241737,27.558727,77.241723,27.558727,77.241713,27.558728,77.241709,27.558730,77.241696,27.558732,77.241689,27.558733,77.241681,27.558734,77.241678,27.558736,77.241674,27.558740,77.241666,27.558744,77.241659,27.558744,77.241659,27.558749,77.241649,27.558750,77.241647,27.558754,77.241642,27.558759,77.241637,27.558760,77.241636,27.558766,77.241629,27.558768,77.241626,27.558771,77.241621,27.558772,77.241617,27.558775,77.241611,27.558779,77.241608,27.558786,77.241605,27.558787,77.241606,27.558792,77.241605,27.558799,77.241604,27.558807,77.241601,27.558813,77.241595,27.558819,77.241590,27.558819,77.241589,27.558826,77.241581,27.558828,77.241574,27.558832,77.241570,27.558834,77.241563,27.558836,77.241556,27.558838,77.241546,27.558839,77.241541,27.558839,77.241539,27.558841,77.241525,27.558841,77.241525,27.558841,77.241518,27.558844,77.241510,27.558848,77.241499,27.558848,77.241497,27.558853,77.241484,27.558853,77.241476,27.558850,77.241471,27.558850,77.241471,27.558843,77.241465,27.558838,77.241463,27.558832,77.241461,27.558830,77.241460,27.558822,77.241458,27.558815,77.241457,27.558806,77.241454,27.558806,77.241454,27.558801,77.241450,27.558794,77.241446,27.558792,77.241443,27.558786,77.241438,27.558779,77.241431,27.558776,77.241426,27.558771,77.241416,27.558768,77.241408,27.558768,77.241405,27.558766,77.241396,27.558765,77.241391,27.558764,77.241383,27.558762,77.241374,27.558763,77.241361,27.558768,77.241358,27.558768,77.241358,27.558775,77.241362,27.558779,77.241370,27.558782,77.241376,27.558787,77.241385,27.558795,77.241392",images/blockplantation/5df8f829-5f66-487b-8d6e-dd5ef947aafc.jpg,100,Neem: 100,FALSE,2024-09-11 10:59:31.895066+05:30,2024-09-11 10:59:31.895086+05:30,2,77604,27.5588251,77.2414179,2,12,0.5,0,0,0
48644,"27.542602,77.226771,27.542596,77.226760,27.542581,77.226750,27.542573,77.226762,27.542572,77.226771,27.542567,77.226781,27.542564,77.226787,27.542564,77.226788,27.542557,77.226781,27.542553,77.226779,27.542552,77.226779,27.542552,77.226778,27.542520,77.226802,27.542506,77.226808,27.542500,77.226807,27.542522,77.226810,27.542533,77.226797,27.542547,77.226780,27.542557,77.226770,27.542568,77.226766,27.542577,77.226765,27.542589,77.226766,27.542598,77.226775,27.542621,77.226811,27.542620,77.226823,27.542617,77.226829,27.542611,77.226841,27.542606,77.226848,27.542595,77.226854,27.542595,77.226927,27.542597,77.226907,27.542605,77.226896,27.542610,77.226890,27.542614,77.226888,27.542621,77.226885,27.542622,77.226884,27.542622,77.226883,27.542623,77.226881,27.542628,77.226876,27.542634,77.226870,27.542635,77.226865,27.542635,77.226855,27.542630,77.226845,27.542620,77.226847,27.542680,77.226860,27.542696,77.226853,27.542690,77.226848,27.542674,77.226837,27.542673,77.226834,27.542674,77.226833,27.542673,77.226840,27.542664,77.226843,27.542614,77.226845,27.542552,77.226837,27.542543,77.226836,27.542535,77.226838,27.542533,77.226842,27.542533,77.226850,27.542532,77.226854,27.542540,77.226861,27.542540,77.226859,27.542547,77.226849,27.542552,77.226846,27.542558,77.226842,27.542560,77.226840,27.542561,77.226837,27.542563,77.226827,27.542565,77.226823,27.542558,77.226815,27.542552,77.226800,27.542547,77.226787,27.542546,77.226780,27.542562,77.226790,27.542565,77.226791,27.542572,77.226797,27.542577,77.226808,27.542583,77.226815,27.542588,77.226820,27.542590,77.226832,27.542589,77.226839,27.542586,77.226854,27.542580,77.226869,27.542573,77.226877,27.542571,77.226881,27.542573,77.226889,27.542576,77.226892,27.542581,77.226891,27.542583,77.226893,27.542588,77.226895,27.542592,77.226894,27.542600,77.226906,27.542599,77.226897,27.542599,77.226888,27.542601,77.226881,27.542606,77.226868,27.542621,77.226845,27.542628,77.226824,27.542625,77.226816,27.542620,77.226814,27.542618,77.226819,27.542621,77.226822,27.542621,77.226825,27.542622,77.226827,27.542625,77.226832,27.542627,77.226838,27.542628,77.226844,27.542627,77.226848,27.542619,77.226854,27.542613,77.226857,27.542605,77.226859,27.542602,77.226862,27.542603,77.226861,27.542586,77.226883,27.542571,77.226926,27.542572,77.226940,27.542575,77.226935,27.542577,77.226926,27.542569,77.226916,27.542562,77.226910,27.542556,77.226905,27.542541,77.226892,27.542536,77.226888,27.542526,77.226880,27.542517,77.226870,27.542515,77.226868,27.542508,77.226863,27.542499,77.226859,27.542491,77.226854,27.542482,77.226848,27.542474,77.226841,27.542467,77.226838,27.542458,77.226835,27.542446,77.226828,27.542438,77.226818,27.542436,77.226811,27.542430,77.226798,27.542423,77.226785,27.542419,77.226777,27.542415,77.226770,27.542410,77.226762,27.542406,77.226758,27.542401,77.226750,27.542394,77.226743,27.542387,77.226739,27.542377,77.226734,27.542366,77.226729,27.542358,77.226730,27.542348,77.226729,27.542322,77.226727,27.542308,77.226726,27.542293,77.226722,27.542283,77.226719,27.542275,77.226715,27.542264,77.226711,27.542249,77.226707,27.542243,77.226705,27.542235,77.226702,27.542230,77.226702,27.542230,77.226707,27.542234,77.226716,27.542262,77.226713,27.542271,77.226714,27.542278,77.226715,27.542291,77.226721,27.542298,77.226725,27.542305,77.226730,27.542316,77.226735,27.542330,77.226739,27.542343,77.226744,27.542352,77.226750,27.542365,77.226755,27.542378,77.226760,27.542389,77.226764,27.542399,77.226766,27.542407,77.226769,27.542413,77.226772,27.542421,77.226779,27.542428,77.226785,27.542443,77.226791,27.542460,77.226797,27.542472,77.226805,27.542483,77.226817,27.542487,77.226828,27.542495,77.226838,27.542503,77.226851,27.542512,77.226862,27.542527,77.226874,27.542542,77.226886,27.542558,77.226894,27.542567,77.226902,27.542574,77.226911,27.542586,77.226917,27.542607,77.226910,27.542613,77.226887,27.542613,77.226876,27.542605,77.226850,27.542603,77.226838,27.542584,77.226803,27.542578,77.226795,27.542582,77.226799,27.542587,77.226803,27.542585,77.226806,27.542566,77.226802,27.542573,77.226797,27.542576,77.226796,27.542582,77.226797,27.542588,77.226805,27.542588,77.226812,27.542580,77.226823,27.542573,77.226836,27.542564,77.226864,27.542564,77.226888,27.542565,77.226901,27.542566,77.226892,27.542583,77.226884,27.542612,77.226854,27.542628,77.226839,27.542651,77.226829,27.542657,77.226828,27.542622,77.226833,27.542623,77.226835,27.542620,77.226842,27.542615,77.226849",images/blockplantation/bb67a800-f73f-4907-94aa-b77c39a6e686.jpg,200,Others: 200,FALSE,2024-09-11 10:59:49.042856+05:30,2024-09-11 10:59:49.042876+05:30,1,77612,27.542162,77.2256062,2,7,0.5,810502,105,810502290
48645,"27.440100,77.398566,27.440393,77.398701,27.440285,77.398983,27.440048,77.398912",images/blockplantation/9b9bfdc6-f20e-4334-82c9-a7985da29f8e.jpg,100,Amrood: 100,FALSE,2024-09-11 11:01:02.31486+05:30,2024-09-11 11:01:02.31488+05:30,1,77610,27.440177,77.3986335,2,7,0.01,810502,105,810502190
48646,"27.440039,77.398907,27.440123,77.398515,27.440471,77.398695,27.440285,77.398979",images/blockplantation/21953e08-c830-46b4-a318-53ba4d70dc9e.jpg,100,Babool: 100,FALSE,2024-09-11 11:03:33.002278+05:30,2024-09-11 11:03:33.002298+05:30,1,77610,27.440308,77.3990318,2,7,0.01,810502,105,810502190
48647,"27.440284,77.398994,27.440043,77.398906,27.440147,77.398491,27.440443,77.398688",images/blockplantation/449419fe-0025-42ee-86eb-6ab74e455667.jpg,100,Bael: 100,FALSE,2024-09-11 11:06:22.873393+05:30,2024-09-11 11:06:22.873414+05:30,1,77610,27.4403834,77.3986547,2,7,0.01,810502,105,810502190
48648,"27.440431,77.398634,27.440117,77.398531,27.440053,77.398904,27.440266,77.398949",images/blockplantation/38d2a2a2-0b78-4b13-a5b5-21c23b71b2e0.jpg,100,Harsingar: 100,FALSE,2024-09-11 11:08:43.060808+05:30,2024-09-11 11:08:43.060828+05:30,1,77610,27.4403706,77.3988808,2,7,0.01,810502,105,810502190
48649,"27.558908,77.241427,27.558913,77.241426,27.558909,77.241425,27.558910,77.241423,27.558910,77.241423,27.558910,77.241421,27.558909,77.241419,27.558910,77.241412,27.558913,77.241405,27.558916,77.241401,27.558923,77.241391,27.558928,77.241383,27.558931,77.241381,27.558935,77.241374,27.558940,77.241366,27.558941,77.241363,27.558946,77.241355,27.558950,77.241343,27.558951,77.241340,27.558956,77.241329,27.558962,77.241317,27.558963,77.241315,27.558968,77.241305,27.558974,77.241288,27.558974,77.241287,27.558977,77.241280,27.558979,77.241276,27.558983,77.241270,27.558988,77.241264,27.558988,77.241264,27.558996,77.241256,27.559004,77.241250,27.559009,77.241248,27.559017,77.241246,27.559029,77.241245,27.559032,77.241245,27.559041,77.241244,27.559053,77.241241,27.559070,77.241239,27.559072,77.241238,27.559078,77.241237,27.559091,77.241237,27.559094,77.241237,27.559108,77.241235,27.559116,77.241233,27.559123,77.241231,27.559132,77.241227,27.559137,77.241225,27.559143,77.241223,27.559151,77.241220,27.559159,77.241218,27.559163,77.241217,27.559171,77.241216,27.559180,77.241213,27.559183,77.241212,27.559195,77.241206,27.559207,77.241202,27.559214,77.241201,27.559220,77.241201,27.559229,77.241200,27.559233,77.241199,27.559241,77.241199,27.559254,77.241200,27.559254,77.241200,27.559269,77.241199,27.559276,77.241199,27.559283,77.241198,27.559289,77.241199,27.559296,77.241198,27.559305,77.241198,27.559314,77.241197,27.559315,77.241197,27.559323,77.241196,27.559328,77.241195,27.559341,77.241191,27.559345,77.241191,27.559345,77.241191,27.559352,77.241189,27.559360,77.241187,27.559371,77.241186,27.559399,77.241186,27.559409,77.241187,27.559409,77.241187,27.559420,77.241180,27.559427,77.241177,27.559431,77.241175,27.559431,77.241175,27.559439,77.241174,27.559439,77.241174,27.559451,77.241171,27.559463,77.241167,27.559476,77.241162,27.559484,77.241157,27.559486,77.241156,27.559492,77.241151,27.559501,77.241144,27.559501,77.241144,27.559516,77.241136",images/blockplantation/9b022da3-d6fe-4e70-94a8-fa328382e377.jpg,100,Peepal: 100,FALSE,2024-09-11 11:09:02.162765+05:30,2024-09-11 11:09:02.162787+05:30,2,77604,27.5587695,77.2414786,2,12,0.4,0,0,0
48650,"27.542586,77.226906,27.542582,77.226904,27.542580,77.226903,27.542588,77.226885,27.542589,77.226845,27.542593,77.226825,27.542594,77.226821,27.542593,77.226810,27.542591,77.226800,27.542590,77.226795,27.542591,77.226786,27.542592,77.226783,27.542595,77.226775,27.542596,77.226773,27.542588,77.226766,27.542583,77.226759,27.542587,77.226751,27.542589,77.226750,27.542592,77.226748,27.542592,77.226751,27.542592,77.226752,27.542602,77.226770,27.542579,77.226778,27.542572,77.226774,27.542561,77.226763,27.542558,77.226755,27.542557,77.226749,27.542558,77.226746,27.542557,77.226745,27.542560,77.226744,27.542559,77.226742,27.542556,77.226738,27.542555,77.226736,27.542553,77.226729,27.542549,77.226723,27.542546,77.226714,27.542546,77.226708,27.542553,77.226703,27.542561,77.226693,27.542563,77.226692,27.542563,77.226693,27.542603,77.226697,27.542613,77.226696,27.542619,77.226698,27.542618,77.226702,27.542614,77.226712,27.542613,77.226716,27.542584,77.226777,27.542581,77.226769,27.542589,77.226766,27.542600,77.226764,27.542628,77.226749,27.542662,77.226730,27.542689,77.226746,27.542719,77.226782,27.542724,77.226800,27.542723,77.226799,27.542719,77.226808,27.542717,77.226823,27.542700,77.226831,27.542672,77.226841,27.542655,77.226843,27.542645,77.226838,27.542642,77.226810,27.542639,77.226799,27.542640,77.226797,27.542644,77.226787,27.542642,77.226774,27.542643,77.226768,27.542636,77.226768,27.542625,77.226765,27.542618,77.226772,27.542609,77.226789,27.542606,77.226784,27.542593,77.226771,27.542592,77.226766,27.542585,77.226765,27.542583,77.226761,27.542573,77.226746,27.542571,77.226737,27.542571,77.226729,27.542573,77.226723,27.542575,77.226713,27.542568,77.226718,27.542564,77.226717,27.542562,77.226714,27.542556,77.226708,27.542552,77.226708,27.542543,77.226717,27.542531,77.226738,27.542526,77.226747,27.542515,77.226738,27.542507,77.226738,27.542496,77.226753,27.542496,77.226760,27.542498,77.226779,27.542496,77.226781,27.542498,77.226800,27.542487,77.226803,27.542483,77.226790,27.542485,77.226800,27.542479,77.226797,27.542480,77.226801,27.542486,77.226797,27.542495,77.226796,27.542501,77.226804,27.542504,77.226806,27.542496,77.226810,27.542491,77.226811,27.542499,77.226805,27.542504,77.226810,27.542499,77.226826,27.542497,77.226835,27.542502,77.226835,27.542502,77.226864,27.542502,77.226871,27.542499,77.226864,27.542493,77.226854,27.542493,77.226837,27.542495,77.226850,27.542480,77.226853,27.542476,77.226856,27.542471,77.226875,27.542463,77.226895,27.542467,77.226949,27.542461,77.226970,27.542457,77.226970,27.542461,77.226966,27.542464,77.226964,27.542469,77.226957,27.542473,77.226955,27.542461,77.226951,27.542445,77.226927,27.542439,77.226921,27.542424,77.226910,27.542416,77.226908,27.542390,77.226918,27.542386,77.226924,27.542413,77.226898,27.542410,77.226893,27.542392,77.226934,27.542375,77.226965,27.542362,77.226984,27.542367,77.226972,27.542372,77.226948,27.542379,77.226927,27.542377,77.226908,27.542385,77.226901,27.542392,77.226909,27.542405,77.226899,27.542408,77.226891,27.542430,77.226870,27.542434,77.226853,27.542455,77.226839,27.542465,77.226843,27.542466,77.226856,27.542465,77.226859,27.542469,77.226864,27.542481,77.226855,27.542487,77.226849,27.542487,77.226866,27.542482,77.226870,27.542476,77.226878,27.542471,77.226865,27.542479,77.226848,27.542478,77.226856,27.542483,77.226849,27.542488,77.226841,27.542494,77.226831,27.542505,77.226826,27.542527,77.226809,27.542538,77.226794,27.542561,77.226801,27.542561,77.226795,27.542557,77.226779,27.542543,77.226774,27.542543,77.226782,27.542544,77.226775,27.542546,77.226781,27.542542,77.226738,27.542539,77.226717,27.542527,77.226694,27.542527,77.226693,27.542506,77.226682,27.542493,77.226671,27.542488,77.226669,27.542481,77.226664,27.542470,77.226665,27.542471,77.226666,27.542472,77.226648,27.542476,77.226657,27.542485,77.226668,27.542479,77.226684,27.542472,77.226687,27.542468,77.226691,27.542447,77.226668,27.542413,77.226684,27.542397,77.226687,27.542383,77.226687,27.542393,77.226708,27.542388,77.226732,27.542394,77.226739,27.542396,77.226726,27.542390,77.226725,27.542398,77.226734,27.542392,77.226730,27.542390,77.226731,27.542384,77.226770,27.542383,77.226781,27.542374,77.226771,27.542376,77.226782,27.542396,77.226785,27.542379,77.226798,27.542373,77.226785,27.542387,77.226785,27.542386,77.226781,27.542386,77.226775,27.542392,77.226791,27.542411,77.226765,27.542410,77.226779,27.542436,77.226750,27.542413,77.226753,27.542382,77.226751,27.542372,77.226754,27.542356,77.226727,27.542358,77.226705,27.542348,77.226686,27.542360,77.226697,27.542370,77.226698,27.542377,77.226696,27.542346,77.226699,27.542349,77.226697,27.542351,77.226692,27.542358,77.226666,27.542343,77.226669,27.542346,77.226669,27.542327,77.226676,27.542328,77.226663,27.542356,77.226654,27.542380,77.226630,27.542399,77.226636,27.542396,77.226655,27.542386,77.226636,27.542363,77.226652,27.542337,77.226696,27.542364,77.226688,27.542385,77.226715,27.542413,77.226755,27.542447,77.226791,27.542445,77.226836,27.542457,77.226838,27.542498,77.226834,27.542484,77.226821,27.542474,77.226824,27.542467,77.226801,27.542446,77.226756,27.542447,77.226741,27.542451,77.226739,27.542466,77.226724,27.542443,77.226803,27.542408,77.226823,27.542379,77.226801,27.542378,77.226775,27.542407,77.226823,27.542444,77.226814,27.542456,77.226794,27.542444,77.226761,27.542431,77.226729,27.542417,77.226723,27.542394,77.226686,27.542367,77.226627,27.542293,77.226460,27.542285,77.226421,27.542285,77.226421,27.542282,77.226411,27.542282,77.226413,27.542282,77.226413",images/blockplantation/a0f91188-d3d7-4f8c-bc7d-fafed0ddd7d3.jpg,250,Others: 250,FALSE,2024-09-11 11:10:40.089895+05:30,2024-09-11 11:10:40.089915+05:30,1,77612,27.542547,77.2269092,2,9,1,810502,105,810502290
48651,"27.440302,77.398922,27.440098,77.398779,27.440123,77.398498,27.440449,77.398701",images/blockplantation/e103db8e-b3d9-4cb7-8be8-089fd43330d8.jpg,100,Imli: 100,FALSE,2024-09-11 11:11:46.724774+05:30,2024-09-11 11:11:46.724793+05:30,1,77610,27.4403553,77.3986751,2,4,0.01,810502,105,810502190
48652,"28.184669,75.637792,28.184659,75.637796,28.184659,75.637796,28.184639,75.637846",images/blockplantation/d7568526-2f77-4003-84da-e4b370c97841.jpg,529,"Jamun: 100, Arjun: 100, Karanj: 100, Neem: 229",FALSE,2024-09-11 11:12:48.659368+05:30,2024-09-11 11:12:48.659407+05:30,1,33033,28.1846356,75.6378457,13,2,0.1,810303,103,810303110
48653,"27.440475,77.398662,27.440296,77.399002,27.440069,77.398873,27.440136,77.398597",images/blockplantation/57560a44-4627-4ffc-977b-02328026d686.jpg,100,Karanj: 100,FALSE,2024-09-11 11:14:30.112216+05:30,2024-09-11 11:14:30.112236+05:30,1,77610,27.4401351,77.3985966,2,11,0.01,810502,105,810502190
48654,"27.559533,77.241151,27.559533,77.241151,27.559533,77.241151,27.559536,77.241162,27.559534,77.241171,27.559534,77.241171,27.559529,77.241179,27.559535,77.241199,27.559511,77.241234,27.559496,77.241226,27.559488,77.241223,27.559480,77.241222,27.559480,77.241222,27.559470,77.241220,27.559459,77.241217,27.559455,77.241216,27.559438,77.241212,27.559431,77.241212,27.559422,77.241213,27.559417,77.241212,27.559408,77.241211,27.559401,77.241212,27.559388,77.241212,27.559373,77.241219,27.559371,77.241227,27.559369,77.241239,27.559361,77.241244,27.559351,77.241243,27.559345,77.241242,27.559337,77.241241,27.559332,77.241240,27.559324,77.241240,27.559319,77.241240,27.559311,77.241240,27.559301,77.241240,27.559301,77.241240,27.559292,77.241241,27.559286,77.241242,27.559277,77.241243,27.559275,77.241243,27.559267,77.241245,27.559257,77.241246,27.559250,77.241246,27.559243,77.241246,27.559235,77.241246,27.559226,77.241245,27.559219,77.241245,27.559211,77.241244,27.559202,77.241244,27.559193,77.241245,27.559191,77.241245,27.559184,77.241246,27.559174,77.241248,27.559172,77.241249,27.559159,77.241252,27.559151,77.241255,27.559151,77.241255,27.559145,77.241257,27.559138,77.241259,27.559136,77.241260,27.559130,77.241262,27.559125,77.241264,27.559121,77.241265,27.559112,77.241268,27.559104,77.241270,27.559099,77.241272,27.559096,77.241272,27.559086,77.241273,27.559080,77.241275,27.559075,77.241275,27.559068,77.241276,27.559064,77.241278,27.559057,77.241280,27.559052,77.241282,27.559044,77.241288,27.559042,77.241290,27.559034,77.241299,27.559028,77.241308,27.559028,77.241307,27.559024,77.241313,27.559018,77.241321,27.559017,77.241322,27.559013,77.241328,27.559008,77.241336,27.559001,77.241346,27.558998,77.241349,27.558996,77.241351,27.558991,77.241358,27.558986,77.241366,27.558984,77.241369,27.558980,77.241376,27.558977,77.241385,27.558974,77.241395,27.558973,77.241397,27.558971,77.241403,27.558965,77.241418,27.558955,77.241437,27.558953,77.241440,27.558950,77.241445,27.558947,77.241451,27.558942,77.241460,27.558938,77.241467,27.558934,77.241474,27.558933,77.241477,27.558929,77.241484,27.558927,77.241491,27.558922,77.241504,27.558917,77.241512,27.558914,77.241518,27.558909,77.241526,27.558908,77.241529,27.558905,77.241534,27.558899,77.241539,27.558891,77.241546,27.558888,77.241549,27.558884,77.241553,27.558879,77.241559,27.558873,77.241566,27.558871,77.241570,27.558868,77.241573,27.558862,77.241581,27.558859,77.241588,27.558857,77.241592,27.558855,77.241599,27.558847,77.241607,27.558844,77.241610,27.558840,77.241615,27.558836,77.241623,27.558832,77.241630,27.558830,77.241636,27.558826,77.241642,27.558824,77.241647,27.558819,77.241659,27.558815,77.241662,27.558809,77.241666,27.558798,77.241667,27.558793,77.241668,27.558788,77.241671,27.558782,77.241676,27.558777,77.241683,27.558774,77.241691,27.558773,77.241695,27.558771,77.241700,27.558765,77.241710,27.558762,77.241716,27.558760,77.241722,27.558757,77.241730,27.558756,77.241738,27.558756,77.241747,27.558757,77.241760,27.558757,77.241766,27.558758,77.241780,27.558758,77.241787,27.558758,77.241794,27.558758,77.241801,27.558757,77.241812,27.558758,77.241816,27.558758,77.241831,27.558759,77.241839,27.558760,77.241846,27.558761,77.241853,27.558761,77.241863,27.558761,77.241874,27.558760,77.241882,27.558757,77.241892,27.558753,77.241903,27.558749,77.241912,27.558746,77.241922,27.558745,77.241929,27.558743,77.241939,27.558743,77.241950,27.558743,77.241952,27.558747,77.241969,27.558749,77.241973,27.558754,77.241979,27.558758,77.241987,27.558765,77.241995,27.558767,77.241998,27.558780,77.242008,27.558785,77.242010,27.558790,77.242011,27.558802,77.242011,27.558808,77.242008,27.558816,77.242007,27.558819,77.242007,27.558830,77.242003,27.558835,77.242002,27.558843,77.242001,27.558851,77.242000,27.558856,77.241998,27.558860,77.241996,27.558870,77.241993,27.558878,77.241991,27.558883,77.241990,27.558888,77.241988,27.558893,77.241986,27.558906,77.241981,27.558908,77.241979,27.558943,77.241988,27.558950,77.242015,27.558976,77.242021,27.558999,77.242021,27.559020,77.242014,27.559041,77.242008,27.559053,77.242002,27.559060,77.242002,27.559065,77.242002,27.559075,77.241998,27.559081,77.241994,27.559091,77.241989,27.559102,77.241985,27.559108,77.241985,27.559122,77.241981,27.559128,77.241978,27.559137,77.241974,27.559144,77.241971,27.559157,77.241967,27.559164,77.241966,27.559172,77.241965,27.559178,77.241964,27.559193,77.241965,27.559203,77.241960,27.559212,77.241962,27.559227,77.241967,27.559235,77.241970,27.559246,77.241972,27.559255,77.241972,27.559271,77.241974,27.559279,77.241975,27.559292,77.241976,27.559299,77.241976,27.559310,77.241977,27.559321,77.241977,27.559331,77.241981,27.559342,77.241985,27.559349,77.241989,27.559362,77.241993,27.559371,77.241996,27.559390,77.242001,27.559396,77.242004,27.559427,77.242022,27.559426,77.242024,27.559426,77.242025,27.559430,77.242028,27.559432,77.242029,27.559437,77.242031,27.559448,77.242036,27.559463,77.242042,27.559500,77.242058,27.559542,77.242088,27.559550,77.242095,27.559556,77.242100,27.559571,77.242110,27.559578,77.242114,27.559587,77.242116,27.559600,77.242119,27.559609,77.242118,27.559616,77.242119,27.559626,77.242120,27.559637,77.242121,27.559642,77.242122,27.559654,77.242124,27.559666,77.242126,27.559672,77.242128,27.559687,77.242131,27.559697,77.242133,27.559706,77.242135,27.559716,77.242137,27.559722,77.242138,27.559732,77.242139,27.559725,77.242125,27.559713,77.242126,27.559702,77.242129,27.559681,77.242130,27.559665,77.242128,27.559650,77.242125,27.559630,77.242120,27.559614,77.242117,27.559599,77.242115",images/blockplantation/abf9a64d-30eb-46be-b160-0df87e9eb0ab.jpg,300,Babool: 300,FALSE,2024-09-11 11:15:37.863937+05:30,2024-09-11 11:15:37.863962+05:30,2,77604,27.5595127,77.2420779,2,12,1.9,0,0,0
48655,"27.440170,77.398522,27.440088,77.398890,27.440257,77.398989,27.440450,77.398773",images/blockplantation/adfb4ab8-671b-4fd5-99e1-26813b179501.jpg,100,Ber: 100,FALSE,2024-09-11 11:16:27.746293+05:30,2024-09-11 11:16:27.746313+05:30,1,77610,27.4401988,77.3985474,2,11,0.01,810502,105,810502190
48656,"27.581875,77.341968,27.581917,77.341925,27.581974,77.341854,27.582024,77.341826",images/blockplantation/9729100a-a889-4a72-9b4f-b8194b2f2d46.jpg,100,"Aak: 20, Amla: 15, Bael: 20, Karanj: 20, Peepal: 25",FALSE,2024-09-11 11:17:30.918321+05:30,2024-09-11 11:17:30.918349+05:30,1,77480,27.5820183,77.341975,2,12,0.6,810502,105,810502300
48657,"27.440453,77.398810,27.440274,77.398953,27.440109,77.398819,27.440089,77.398544",images/blockplantation/2ae007df-ae35-44a7-ba6b-f7852f9208ca.jpg,100,Karanj: 100,FALSE,2024-09-11 11:18:16.066257+05:30,2024-09-11 11:18:16.066281+05:30,1,77610,27.4404469,77.3988374,2,11,0.01,810502,105,810502190
48658,"27.542532,77.227064,27.542501,77.226949,27.542500,77.226946,27.542493,77.226930,27.542490,77.226919,27.542487,77.226908,27.542487,77.226908,27.542486,77.226897,27.542485,77.226886,27.542486,77.226884,27.542485,77.226875,27.542484,77.226868,27.542484,77.226868,27.542484,77.226859,27.542484,77.226851,27.542484,77.226851,27.542484,77.226844,27.542482,77.226838,27.542481,77.226833,27.542481,77.226833,27.542479,77.226826,27.542478,77.226821,27.542477,77.226817,27.542477,77.226813,27.542475,77.226809,27.542473,77.226805,27.542470,77.226801,27.542467,77.226798,27.542467,77.226798,27.542456,77.226797,27.542451,77.226802,27.542449,77.226807,27.542448,77.226811,27.542448,77.226811,27.542448,77.226812,27.542454,77.226812,27.542459,77.226809,27.542460,77.226808,27.542460,77.226808,27.542463,77.226794,27.542463,77.226794,27.542466,77.226793,27.542465,77.226793,27.542465,77.226793,27.542466,77.226792,27.542467,77.226792,27.542475,77.226793,27.542475,77.226793,27.542475,77.226796,27.542474,77.226801,27.542473,77.226804,27.542473,77.226804,27.542473,77.226805,27.542473,77.226805,27.542473,77.226805,27.542473,77.226805,27.542473,77.226805,27.542473,77.226805,27.542473,77.226805,27.542473,77.226805,27.542473,77.226805,27.542473,77.226805,27.542473,77.226805,27.542473,77.226805,27.542471,77.226832,27.542471,77.226832,27.542470,77.226845,27.542469,77.226856,27.542469,77.226856,27.542467,77.226862,27.542468,77.226866,27.542468,77.226860,27.542468,77.226860,27.542461,77.226849,27.542451,77.226841,27.542451,77.226841,27.542443,77.226831,27.542444,77.226827,27.542450,77.226810,27.542454,77.226786,27.542454,77.226786,27.542460,77.226792,27.542461,77.226801,27.542464,77.226811,27.542471,77.226818,27.542475,77.226823,27.542479,77.226827,27.542479,77.226827,27.542482,77.226828,27.542483,77.226829,27.542491,77.226832,27.542490,77.226836,27.542490,77.226836,27.542486,77.226835,27.542482,77.226839,27.542479,77.226838,27.542477,77.226835,27.542478,77.226840,27.542478,77.226842,27.542478,77.226842,27.542478,77.226839,27.542478,77.226833,27.542478,77.226831,27.542478,77.226830,27.542471,77.226846,27.542467,77.226856,27.542465,77.226863,27.542466,77.226868,27.542467,77.226871,27.542467,77.226871,27.542467,77.226871,27.542475,77.226873,27.542479,77.226873,27.542483,77.226871,27.542487,77.226865,27.542489,77.226859,27.542484,77.226857,27.542475,77.226862,27.542471,77.226859,27.542473,77.226853,27.542477,77.226855,27.542479,77.226859,27.542481,77.226860,27.542485,77.226849,27.542486,77.226832,27.542489,77.226822,27.542489,77.226822,27.542490,77.226819,27.542484,77.226798,27.542482,77.226788,27.542482,77.226791,27.542479,77.226787,27.542475,77.226779,27.542475,77.226773,27.542475,77.226763,27.542476,77.226760,27.542477,77.226753,27.542477,77.226746,27.542480,77.226740,27.542484,77.226732,27.542487,77.226717,27.542488,77.226716,27.542488,77.226716,27.542493,77.226745,27.542492,77.226750,27.542491,77.226764,27.542475,77.226816,27.542478,77.226804,27.542474,77.226814,27.542474,77.226816,27.542488,77.226769",images/blockplantation/e69afa35-a054-45c7-9fb9-685a8f230a94.jpg,300,Others: 300,FALSE,2024-09-11 11:18:41.748972+05:30,2024-09-11 11:18:41.748994+05:30,1,77612,27.5434775,77.2281211,2,7,1.5,810502,105,810502290
48659,"27.440107,77.398522,27.440438,77.398696,27.440297,77.398925,27.440066,77.398860",images/blockplantation/a3a0b8a3-d8ab-49a7-9be4-4eabe07ce825.jpg,100,Siris: 100,FALSE,2024-09-11 11:20:27.638455+05:30,2024-09-11 11:20:27.63848+05:30,1,77610,27.4403865,77.3988926,2,7,0.01,810502,105,810502190
48660,"27.582463,77.341383,27.582441,77.341407,27.582417,77.341403,27.582394,77.341389",images/blockplantation/a6794bbf-1939-49e8-b9cb-1c7b6aaf30e0.jpg,100,"Aak: 20, Amla: 20, Kadam: 20, Neem: 20, Peepal: 20",FALSE,2024-09-11 11:20:30.650329+05:30,2024-09-11 11:20:30.650347+05:30,1,77480,27.5823689,77.3414143,2,7,0.6,810502,105,810502300
48661,"27.440042,77.398868,27.440162,77.398609,27.440390,77.398739,27.440330,77.398869",images/blockplantation/ec8fa85a-cfac-4f82-82d1-f7d374b95254.jpg,100,Jamun: 100,FALSE,2024-09-11 11:22:21.549092+05:30,2024-09-11 11:22:21.549127+05:30,1,77610,27.4402167,77.3986363,2,7,0.01,810502,105,810502190
48662,"27.542517,77.226724,27.542517,77.226725,27.542517,77.226725,27.542517,77.226725,27.542517,77.226725,27.542517,77.226725,27.542517,77.226725,27.542517,77.226725,27.542517,77.226725,27.542517,77.226725,27.542517,77.226725,27.542517,77.226725,27.542520,77.226718,27.542520,77.226718,27.542519,77.226712,27.542519,77.226712,27.542518,77.226706,27.542517,77.226702,27.542517,77.226702,27.542518,77.226696,27.542518,77.226696,27.542517,77.226694,27.542514,77.226691,27.542514,77.226691,27.542511,77.226689,27.542511,77.226689,27.542507,77.226690,27.542507,77.226690,27.542502,77.226691,27.542502,77.226691,27.542496,77.226695,27.542496,77.226695,27.542489,77.226697,27.542489,77.226697,27.542482,77.226701,27.542482,77.226701,27.542482,77.226701,27.542479,77.226705,27.542477,77.226709,27.542477,77.226709,27.542475,77.226710,27.542475,77.226710,27.542473,77.226711,27.542472,77.226711,27.542472,77.226711,27.542472,77.226712,27.542472,77.226712,27.542478,77.226727,27.542479,77.226734,27.542479,77.226734,27.542477,77.226736,27.542474,77.226739,27.542473,77.226740,27.542473,77.226740,27.542473,77.226740,27.542473,77.226740,27.542473,77.226740,27.542473,77.226740,27.542473,77.226740,27.542473,77.226740,27.542473,77.226740,27.542473,77.226740,27.542473,77.226740,27.542473,77.226740,27.542473,77.226740,27.542473,77.226740,27.542473,77.226740,27.542473,77.226740,27.542473,77.226740,27.542473,77.226740,27.542473,77.226740,27.542473,77.226740,27.542473,77.226740,27.542473,77.226740,27.542473,77.226740,27.542473,77.226740,27.542473,77.226740,27.542473,77.226740,27.542473,77.226740,27.542475,77.226737,27.542486,77.226740,27.542499,77.226738,27.542513,77.226735,27.542524,77.226730,27.542542,77.226724,27.542542,77.226722,27.542542,77.226722,27.542542,77.226723,27.542515,77.226717,27.542512,77.226714,27.542507,77.226713,27.542507,77.226713,27.542504,77.226709,27.542499,77.226708,27.542498,77.226707,27.542497,77.226709,27.542497,77.226717,27.542495,77.226724,27.542495,77.226725,27.542495,77.226725,27.542495,77.226725,27.542495,77.226725,27.542495,77.226725,27.542495,77.226725,27.542495,77.226718,27.542499,77.226710,27.542503,77.226702,27.542499,77.226699,27.542499,77.226694,27.542496,77.226695,27.542495,77.226698,27.542496,77.226703,27.542496,77.226703,27.542497,77.226706,27.542494,77.226710,27.542493,77.226714,27.542496,77.226718,27.542498,77.226720,27.542498,77.226721,27.542501,77.226720,27.542500,77.226721,27.542502,77.226722,27.542502,77.226722,27.542502,77.226722,27.542502,77.226722,27.542502,77.226722,27.542502,77.226722,27.542502,77.226722,27.542502,77.226722,27.542502,77.226722,27.542502,77.226722,27.542520,77.226709,27.542524,77.226704,27.542528,77.226702,27.542530,77.226699,27.542534,77.226696,27.542533,77.226695,27.542539,77.226695,27.542540,77.226695,27.542540,77.226695,27.542540,77.226695,27.542540,77.226695,27.542540,77.226695,27.542540,77.226695,27.542526,77.226713,27.542516,77.226724,27.542518,77.226728,27.542518,77.226728,27.542518,77.226728,27.542518,77.226728,27.542518,77.226728,27.542518,77.226728,27.542518,77.226728,27.542513,77.226773,27.542496,77.226774,27.542495,77.226769,27.542491,77.226767,27.542483,77.226770,27.542480,77.226769,27.542480,77.226767,27.542483,77.226756",images/blockplantation/cc8126f4-07cc-47ca-b4bf-e8911b0cd098.jpg,205,Others: 205,FALSE,2024-09-11 11:22:58.36633+05:30,2024-09-11 11:22:58.36635+05:30,1,77612,27.5424749,77.2267791,2,12,1,810502,105,810502290
48663,"27.558866,77.242014,27.558866,77.242014,27.558859,77.242016,27.558851,77.242017,27.558845,77.242019,27.558845,77.242019,27.558837,77.242023,27.558826,77.242026,27.558825,77.242027,27.558821,77.242029,27.558818,77.242030,27.558806,77.242031,27.558798,77.242032,27.558745,77.242047,27.558735,77.242054,27.558725,77.242063,27.558720,77.242071,27.558714,77.242077,27.558704,77.242085,27.558702,77.242087,27.558695,77.242087,27.558669,77.242093,27.558661,77.242091,27.558653,77.242095,27.558643,77.242093,27.558636,77.242095,27.558621,77.242097,27.558619,77.242097,27.558607,77.242099,27.558592,77.242095,27.558581,77.242097,27.558561,77.242103,27.558555,77.242115,27.558553,77.242112,27.558552,77.242114,27.558552,77.242114,27.558551,77.242114,27.558546,77.242115,27.558542,77.242117,27.558528,77.242125,27.558503,77.242136,27.558498,77.242136,27.558481,77.242133,27.558474,77.242133,27.558458,77.242134,27.558443,77.242134,27.558432,77.242131,27.558423,77.242130,27.558413,77.242128,27.558401,77.242124,27.558395,77.242123,27.558326,77.242114,27.558326,77.242118,27.558319,77.242128,27.558282,77.242126,27.558252,77.242131,27.558245,77.242134,27.558233,77.242142,27.558228,77.242150,27.558224,77.242159,27.558221,77.242166,27.558218,77.242177,27.558216,77.242184,27.558214,77.242198,27.558190,77.242265,27.558178,77.242289,27.558175,77.242292,27.558169,77.242300,27.558166,77.242305,27.558159,77.242316,27.558155,77.242325,27.558151,77.242333,27.558146,77.242342,27.558141,77.242352,27.558139,77.242356,27.558132,77.242374,27.558129,77.242383,27.558126,77.242394,27.558122,77.242407,27.558116,77.242423,27.558114,77.242427,27.558111,77.242432,27.558108,77.242440,27.558103,77.242448,27.558097,77.242461,27.558094,77.242469,27.558091,77.242478,27.558088,77.242488,27.558086,77.242497,27.558084,77.242501,27.558082,77.242508,27.558079,77.242520,27.558076,77.242529,27.558073,77.242539,27.558070,77.242550,27.558066,77.242564,27.558062,77.242575,27.558058,77.242583,27.558054,77.242593,27.558051,77.242605,27.558048,77.242611,27.558045,77.242618,27.558041,77.242626,27.558038,77.242632,27.558032,77.242640,27.558028,77.242650,27.558028,77.242653,27.558024,77.242675,27.558025,77.242682,27.557980,77.242721,27.558007,77.242749,27.558007,77.242748,27.558007,77.242755,27.558004,77.242764,27.557999,77.242771,27.557921,77.242805,27.557906,77.242801,27.557901,77.242804,27.557896,77.242808,27.557890,77.242814,27.557886,77.242820,27.557878,77.242827,27.557874,77.242830,27.557871,77.242839,27.557865,77.242852,27.557857,77.242866,27.557857,77.242871,27.557857,77.242888,27.557856,77.242894,27.557852,77.242905,27.557849,77.242915,27.557846,77.242925,27.557844,77.242938,27.557841,77.242947,27.557830,77.242973,27.557768,77.242968,27.557775,77.243002,27.557780,77.243010,27.557813,77.243025,27.557837,77.243018,27.557837,77.243021,27.557835,77.243040,27.557818,77.243103,27.557795,77.243137,27.557790,77.243149,27.557788,77.243159,27.557785,77.243208,27.557760,77.243234,27.557743,77.243247,27.557731,77.243265,27.557721,77.243276,27.557704,77.243292,27.557698,77.243327,27.557802,77.243429,27.557796,77.243439,27.557790,77.243448,27.557761,77.243482",images/blockplantation/3e0ab911-f75d-494b-a0e6-4d1bc39f404e.jpg,150,Karanj: 150,FALSE,2024-09-11 11:25:58.351593+05:30,2024-09-11 11:25:58.351615+05:30,2,77604,27.5582982,77.2421117,2,12,0.8,0,0,0
48664,"27.582463,77.341420,27.582477,77.341447,27.582487,77.341461,27.582489,77.341485",images/blockplantation/a3361382-7871-42a5-844a-4ae37925d415.jpg,100,"Neem: 25, Peepal: 25, Seesam: 25, Siris: 25",FALSE,2024-09-11 11:31:09.127871+05:30,2024-09-11 11:31:09.127889+05:30,1,77480,27.5825263,77.3414355,2,7,0.6,810502,105,810502300
48665,"27.557805,77.243659,27.557804,77.243664,27.557804,77.243669,27.557804,77.243675,27.557803,77.243682,27.557790,77.243726,27.557789,77.243728,27.557788,77.243736,27.557787,77.243742,27.557786,77.243748,27.557786,77.243750,27.557785,77.243754,27.557782,77.243774,27.557774,77.243685,27.557769,77.243675,27.557748,77.243660,27.557737,77.243659,27.557814,77.243704,27.557818,77.243711,27.557816,77.243712,27.557810,77.243716,27.557810,77.243721,27.557811,77.243724,27.557811,77.243730,27.557811,77.243735,27.557803,77.243795,27.557802,77.243799,27.557802,77.243797,27.557801,77.243797,27.557797,77.243796,27.557794,77.243794,27.557791,77.243794,27.557791,77.243791,27.557785,77.243784,27.557784,77.243782,27.557774,77.243772,27.557771,77.243766,27.557768,77.243764,27.557765,77.243750,27.557766,77.243733,27.557766,77.243723,27.557807,77.243669,27.557821,77.243667,27.557834,77.243669,27.557838,77.243666,27.557844,77.243669,27.557847,77.243673,27.557848,77.243674,27.557853,77.243676,27.557858,77.243676,27.557861,77.243679,27.557869,77.243677,27.557870,77.243685,27.557870,77.243690,27.557870,77.243690,27.557874,77.243691,27.557876,77.243690,27.557877,77.243693,27.557884,77.243693,27.557887,77.243699,27.557891,77.243701,27.557888,77.243719,27.557889,77.243725,27.557893,77.243742,27.557896,77.243760,27.557893,77.243777,27.557892,77.243785,27.557889,77.243798,27.557889,77.243798,27.557887,77.243805,27.557875,77.243828,27.557869,77.243839,27.557874,77.243886,27.557878,77.243889,27.557878,77.243897,27.557877,77.243901,27.557876,77.243908,27.557878,77.243914,27.557879,77.243917,27.557883,77.243921,27.557886,77.243924,27.557890,77.243925,27.557896,77.243922,27.557899,77.243921,27.557904,77.243921,27.557909,77.243922,27.557915,77.243924,27.557915,77.243924,27.557927,77.243924,27.557931,77.243920,27.557935,77.243915,27.557945,77.243909,27.557945,77.243910,27.557951,77.243911,27.557957,77.243913,27.557959,77.243914,27.557964,77.243915,27.557986,77.243915,27.558117,77.243829,27.558112,77.243830,27.558100,77.243830,27.558082,77.243822,27.558065,77.243814,27.558064,77.243810,27.558065,77.243809,27.558067,77.243808,27.558071,77.243794,27.558064,77.243780,27.558064,77.243776,27.558059,77.243775,27.558047,77.243770,27.558035,77.243769,27.558019,77.243775,27.558009,77.243781,27.557976,77.243779,27.557972,77.243776,27.557961,77.243773,27.557955,77.243771,27.557945,77.243767,27.557938,77.243764,27.557932,77.243762,27.557919,77.243757,27.557913,77.243754,27.557913,77.243754,27.557903,77.243748,27.557896,77.243741,27.557868,77.243731,27.557856,77.243740,27.557852,77.243741,27.557845,77.243739,27.557839,77.243733,27.557836,77.243730,27.557831,77.243724,27.557821,77.243705,27.557819,77.243700,27.557813,77.243692,27.557806,77.243682,27.557802,77.243675",images/blockplantation/793a5dd8-6636-4ed6-9b41-6d2a8f3b7612.jpg,350,Others: 350,FALSE,2024-09-11 11:32:42.760599+05:30,2024-09-11 11:32:42.760628+05:30,2,77604,27.5581307,77.2438213,2,7,1.6,0,0,0
48666,"27.582457,77.341378,27.582436,77.341398,27.582435,77.341356,27.582441,77.341339",images/blockplantation/2281f1d8-392d-4374-84f4-403165bacc42.jpg,100,"Amla: 20, Bael: 20, Jamun: 20, Neem: 20, Siris: 20",FALSE,2024-09-11 11:33:55.768858+05:30,2024-09-11 11:33:55.768877+05:30,1,77480,27.5824906,77.341369,2,7,0.7,810502,105,810502300
48667,"27.203348,77.556968,27.203398,77.556828,27.203477,77.556662,27.203332,77.556599",images/blockplantation/ea0631a7-eebc-49e9-966c-eb112724c48a.jpg,500,"Neem: 100, Peepal: 100, Seesam: 100, Siris: 200",FALSE,2024-09-11 11:35:18.585858+05:30,2024-09-11 11:35:18.585877+05:30,1,77626,27.2033598,77.5564985,2,7,0.5,810509,105,810509020
48668,"25.437485,76.288550,25.437697,76.288728,25.437723,76.289006,25.437487,76.288793",images/blockplantation/0aa3e31a-a03b-4741-829b-c9e1df9b0977.jpg,105,"Amla: 5, Amrood: 40, Lemon: 30, Orange: 30",FALSE,2024-09-11 11:40:21.745518+05:30,2024-09-11 11:40:21.74554+05:30,1,23548,25.4374567,76.2885501,9,4,0.2,812705,127,812705170
48669,"27.292537,77.542487,27.292557,77.542489,27.292557,77.542488,27.292557,77.542490",images/blockplantation/fdd13ede-8005-4582-8579-e7001ee3a934.jpg,100,"Aak: 10, Neem: 10, Harsingar: 10, Babool: 50, Siris: 20",FALSE,2024-09-11 11:43:43.654424+05:30,2024-09-11 11:43:43.654443+05:30,1,5181,27.2927484,77.543095,2,12,0.6,810509,105,810509050
48670,"27.203106,77.556769,27.202965,77.556537,27.202939,77.556482,27.202957,77.556479",images/blockplantation/9c757b61-35b6-418c-8b96-7dd9daf6fde3.jpg,500,"Kadamb: 100, Peepal: 100, Neem: 100, Amrood: 100, Siris: 100",FALSE,2024-09-11 11:51:15.041935+05:30,2024-09-11 11:51:15.041955+05:30,1,77626,27.2029915,77.5560309,2,4,0.5,810509,105,810509020
48671,"27.456405,77.388738,27.456393,77.388740,27.456371,77.388734,27.456370,77.388720",images/blockplantation/66eff03c-4bf7-4b24-be12-3424c8a34451.jpg,100,"Amrood: 40, Peepal: 30, Karanj: 30",FALSE,2024-09-11 12:08:35.36465+05:30,2024-09-11 12:08:35.364671+05:30,1,77613,27.4563026,77.3886827,2,9,2,810502,105,810502310
48672,"27.276026,77.485791,27.275925,77.485391,27.276118,77.485537,27.276130,77.485817",images/blockplantation/74d7bb72-3565-45cd-b51d-fc2a0f9f35dd.jpg,250,"Karanj: 150, Neem: 50, Kadam: 50",FALSE,2024-09-11 12:17:48.288911+05:30,2024-09-11 12:17:48.28893+05:30,1,21931,27.2759489,77.4857564,2,4,1.5,810504,105,810504300
48673,"25.218583,76.072474,25.218583,76.072475,25.218583,76.072475,25.218584,76.072475",images/blockplantation/ec095ebf-0b90-430f-990d-2d34c59f26ab.jpg,115,"Amrood: 40, Jamun: 40, Karanj: 35",FALSE,2024-09-11 12:37:43.553571+05:30,2024-09-11 12:37:43.553589+05:30,1,26844,25.2185846,76.0724843,13,7,0.3,812705,127,812705100
48674,"25.218325,76.072752,25.218305,76.072792,25.218310,76.072719,25.218288,76.072690",images/blockplantation/f11a35e8-62dd-4fd5-bb2c-fdd54bf9cea1.jpg,120,"Karanj: 40, Seesam: 40, Neem: 40",FALSE,2024-09-11 12:41:22.126719+05:30,2024-09-11 12:41:22.126739+05:30,1,26844,25.2183221,76.0727324,13,7,0.2,812705,127,812705100
48675,"25.217761,76.072915,25.217754,76.072961,25.217789,76.072971,25.217792,76.072973",images/blockplantation/c0f3d874-7f54-45ab-a166-ee3c92236849.jpg,120,"Amrood: 20, Bael: 30, Amrood: 50, Gular: 20",FALSE,2024-09-11 12:45:28.88047+05:30,2024-09-11 12:45:28.880489+05:30,1,26844,25.2177528,76.0729199,13,7,0.2,812705,127,812705100
48676,"25.218308,76.073385,25.218362,76.073356,25.218437,76.073331,25.218458,76.073325",images/blockplantation/24b06722-5f4c-40c3-b809-2490f691687f.jpg,200,"Amrood: 50, Gular: 50, Jamun: 100",FALSE,2024-09-11 12:48:42.686892+05:30,2024-09-11 12:48:42.686912+05:30,1,26844,25.2183086,76.0733799,13,7,0.2,812705,127,812705100
48677,"25.218860,76.073206,25.218789,76.073217,25.218755,76.073248,25.218751,76.073268",images/blockplantation/d82a509c-2847-455a-a971-a39f4dd424b6.jpg,150,"Amrood: 50, Bael: 50, Amrood: 50",FALSE,2024-09-11 12:51:42.599187+05:30,2024-09-11 12:51:42.599205+05:30,1,26844,25.2187796,76.0732047,13,7,0.3,812705,127,812705100
48678,"25.441722,76.302783,25.441599,76.302826,25.441564,76.302853,25.441496,76.302742,25.441697,76.302759",images/blockplantation/dd19231f-dde5-49db-8efa-eb745ca9b138.jpg,107,"Amrood: 30, Ber: 10, Lemon: 30, Orange: 20, Others: 17",FALSE,2024-09-11 13:22:10.123526+05:30,2024-09-11 13:22:10.123551+05:30,1,23548,25.4417233,76.3027917,9,4,0.2,812705,127,812705170
48679,"27.239219,77.452970,27.239208,77.452955,27.239196,77.452950,27.239172,77.452944,27.239144,77.452948,27.239126,77.452950,27.239114,77.452945,27.239104,77.452942,27.239084,77.452927,27.239070,77.452916,27.239058,77.452908,27.239035,77.452902,27.239018,77.452901,27.238997,77.452901,27.238975,77.452907,27.238943,77.452925,27.238930,77.452935,27.238923,77.452950,27.238930,77.453007,27.238922,77.453023,27.238912,77.453043,27.238901,77.453068,27.238895,77.453093,27.238899,77.453116,27.238896,77.453129,27.238896,77.453144,27.238898,77.453174,27.238913,77.453196,27.238957,77.453222,27.239008,77.453253,27.239057,77.453271,27.239087,77.453276,27.239127,77.453282,27.239160,77.453292,27.239152,77.453304,27.239148,77.453294,27.239148,77.453275,27.239135,77.453239,27.239131,77.453217,27.239156,77.453176,27.239169,77.453150,27.239201,77.453121,27.239220,77.453102,27.239247,77.453078,27.239261,77.453065,27.239272,77.453050,27.239290,77.453015,27.239308,77.452995,27.239320,77.452967,27.239339,77.452951,27.239359,77.452957,27.239376,77.452975,27.239390,77.452988,27.239401,77.453000,27.239407,77.453000,27.239387,77.452988,27.239256,77.453028",images/blockplantation/c4e598c9-6347-41d7-8fb4-f7b9927ec807.jpg,210,"Amrood: 20, Babool: 10, Ber: 10, Jamun: 30, Karanj: 50, Lemon: 20, Mango: 30, Neem: 20, Seesam: 10, Ber: 10",FALSE,2024-09-11 13:23:34.940598+05:30,2024-09-11 13:23:34.940622+05:30,1,77518,27.242486,77.4449185,13,7,0.4,0,0,0
48680,"26.834127,77.209373,26.834135,77.209389,26.834134,77.209414,26.834114,77.209433,26.834089,77.209449,26.834067,77.209459,26.834042,77.209473,26.834021,77.209482,26.833984,77.209497,26.833969,77.209522,26.833945,77.209536,26.833922,77.209558,26.833910,77.209564,26.833882,77.209569,26.833870,77.209573,26.833843,77.209581,26.833815,77.209597,26.833791,77.209607,26.833778,77.209611,26.833760,77.209615,26.833730,77.209633,26.833723,77.209641,26.833703,77.209661,26.833704,77.209666,26.833684,77.209684,26.833641,77.209689,26.833609,77.209695,26.833588,77.209695,26.833577,77.209684,26.833569,77.209661,26.833564,77.209618,26.833554,77.209577,26.833558,77.209554,26.833557,77.209530,26.833552,77.209501,26.833546,77.209486,26.833529,77.209452,26.833525,77.209433,26.833521,77.209399,26.833519,77.209380,26.833516,77.209340,26.833515,77.209333,26.833494,77.209293,26.833492,77.209283,26.833487,77.209267,26.833479,77.209240,26.833472,77.209194,26.833466,77.209155,26.833475,77.209136,26.833480,77.209121,26.833485,77.209097,26.833481,77.209073,26.833494,77.209063,26.833507,77.209067,26.833528,77.209070,26.833540,77.209070,26.833559,77.209078,26.833579,77.209100,26.833590,77.209116,26.833601,77.209145,26.833624,77.209148,26.833628,77.209145,26.833636,77.209139,26.833644,77.209132,26.833692,77.209113,26.833701,77.209110,26.833727,77.209107,26.833748,77.209105,26.833752,77.209105,26.833770,77.209101,26.833796,77.209095,26.833821,77.209088,26.833835,77.209071,26.833836,77.209055,26.833837,77.209042,26.833851,77.209030,26.833874,77.209022,26.833898,77.209006,26.833905,77.208998,26.833910,77.208987,26.833925,77.208974,26.833946,77.208974,26.833969,77.208989,26.833975,77.208993,26.833981,77.208998,26.833997,77.209029,26.833999,77.209036,26.834005,77.209052,26.834021,77.209084,26.834025,77.209095,26.834032,77.209108,26.834050,77.209129,26.834064,77.209141,26.834081,77.209161,26.834083,77.209167,26.834091,77.209181,26.834120,77.209217,26.834130,77.209228,26.834141,77.209244,26.834151,77.209255,26.834160,77.209260,26.834160,77.209270,26.834161,77.209281,26.834161,77.209287,26.834161,77.209313,26.834159,77.209330,26.834157,77.209344,26.834158,77.209366,26.834162,77.209390,26.834158,77.209423,26.834149,77.209444",images/blockplantation/1ac00dcc-313e-498f-b8b4-71c452404ddd.jpg,350,"Arjun: 60, Kachnar: 60, Lemon: 40, Neem: 50, Peepal: 50, Amrood: 40, Karanj: 50",FALSE,2024-09-11 13:48:10.646214+05:30,2024-09-11 13:48:10.646233+05:30,1,75534,26.8342334,77.209506,13,3,1,810501,105,810501190
48681,"25.070746,76.297154,25.070757,76.297134,25.070751,76.297094,25.070750,76.297082",images/blockplantation/6dacc15b-e219-4d1c-b798-73668835bf2e.jpg,350,"Amrood: 30, Bael: 10, Ber: 20, Imli: 10, Karanj: 220, Lemon: 10, Neem: 40, Peepal: 10",FALSE,2024-09-11 13:53:03.496107+05:30,2024-09-11 13:53:03.496127+05:30,1,75294,25.070684,76.2971969,13,2,4,812801,128,812801260
48682,"25.070746,76.297154,25.070757,76.297134,25.070751,76.297094,25.070750,76.297082",images/blockplantation/f074bea0-564a-42af-a2b5-63c82fd9f63e.jpg,350,"Amrood: 30, Bael: 10, Ber: 20, Imli: 10, Karanj: 220, Lemon: 10, Neem: 40, Peepal: 10",FALSE,2024-09-11 13:53:14.987035+05:30,2024-09-11 13:53:14.987058+05:30,1,75294,25.070684,76.2971969,13,2,4,812801,128,812801260
48683,"26.834082,77.209535,26.834082,77.209535,26.834079,77.209549,26.834073,77.209554,26.834069,77.209556,26.834064,77.209558,26.834052,77.209564,26.834044,77.209567,26.834020,77.209575,26.834007,77.209578,26.833987,77.209582,26.833971,77.209588,26.833952,77.209605,26.833945,77.209616,26.833924,77.209625,26.833910,77.209631,26.833890,77.209646,26.833851,77.209644,26.833840,77.209642,26.833831,77.209642,26.833820,77.209643,26.833805,77.209645,26.833790,77.209645,26.833768,77.209649,26.833752,77.209652,26.833733,77.209661,26.833714,77.209673,26.833703,77.209684,26.833693,77.209703,26.833679,77.209699,26.833666,77.209697,26.833659,77.209698,26.833647,77.209700,26.833611,77.209716,26.833589,77.209723,26.833576,77.209725,26.833564,77.209726,26.833555,77.209715,26.833552,77.209694,26.833552,77.209678,26.833551,77.209658,26.833540,77.209634,26.833537,77.209620,26.833529,77.209604,26.833519,77.209587,26.833513,77.209570,26.833503,77.209554,26.833499,77.209533,26.833494,77.209521,26.833489,77.209507,26.833483,77.209489,26.833482,77.209474,26.833480,77.209459,26.833479,77.209443,26.833477,77.209417,26.833480,77.209398,26.833482,77.209380,26.833479,77.209361,26.833475,77.209344,26.833472,77.209327,26.833467,77.209315,26.833459,77.209300,26.833455,77.209288,26.833444,77.209266,26.833442,77.209255,26.833441,77.209235,26.833439,77.209213,26.833445,77.209192,26.833445,77.209184,26.833446,77.209168,26.833447,77.209155,26.833445,77.209147,26.833448,77.209144,26.833454,77.209120,26.833460,77.209093,26.833459,77.209071,26.833433,77.209036,26.833429,77.209023,26.833424,77.209009,26.833416,77.208989,26.833412,77.208977,26.833401,77.208966,26.833390,77.208954,26.833385,77.208944,26.833378,77.208932,26.833365,77.208923,26.833359,77.208917,26.833351,77.208914,26.833336,77.208911,26.833319,77.208903,26.833312,77.208890,26.833309,77.208882,26.833304,77.208869,26.833304,77.208844,26.833305,77.208834,26.833313,77.208816,26.833321,77.208804,26.833326,77.208789,26.833330,77.208778,26.833323,77.208763,26.833320,77.208755,26.833317,77.208743,26.833317,77.208739,26.833313,77.208724,26.833309,77.208713,26.833305,77.208705,26.833285,77.208679,26.833285,77.208671,26.833274,77.208658,26.833273,77.208650,26.833271,77.208642,26.833268,77.208630,26.833263,77.208616,26.833261,77.208601,26.833259,77.208586,26.833256,77.208570,26.833254,77.208558,26.833253,77.208550,26.833251,77.208540,26.833248,77.208528,26.833245,77.208508,26.833243,77.208492,26.833240,77.208486,26.833238,77.208474,26.833240,77.208471,26.833239,77.208470,26.833238,77.208468,26.833236,77.208465,26.833235,77.208461,26.833233,77.208450,26.833230,77.208445,26.833225,77.208435,26.833223,77.208427,26.833216,77.208401,26.833211,77.208386,26.833207,77.208376,26.833202,77.208359,26.833192,77.208337,26.833188,77.208321,26.833184,77.208301,26.833183,77.208291,26.833181,77.208277,26.833178,77.208270,26.833176,77.208260,26.833170,77.208248,26.833168,77.208243,26.833166,77.208236,26.833163,77.208219,26.833161,77.208209,26.833158,77.208171,26.833174,77.208162,26.833183,77.208163,26.833188,77.208157,26.833191,77.208141,26.833207,77.208111,26.833211,77.208109,26.833227,77.208102,26.833235,77.208101,26.833242,77.208101,26.833257,77.208104,26.833265,77.208106,26.833274,77.208107,26.833280,77.208108,26.833292,77.208111,26.833309,77.208103,26.833311,77.208100,26.833313,77.208097,26.833330,77.208083,26.833331,77.208079,26.833334,77.208074,26.833344,77.208066,26.833351,77.208062,26.833361,77.208058,26.833366,77.208056,26.833396,77.208042,26.833409,77.208036,26.833417,77.208032,26.833429,77.208025,26.833442,77.208016,26.833450,77.208011,26.833454,77.208007,26.833459,77.208003,26.833470,77.207998,26.833477,77.207998,26.833480,77.207998,26.833488,77.207999,26.833492,77.207998,26.833498,77.207993,26.833502,77.207990,26.833506,77.207988,26.833508,77.207987,26.833516,77.207989,26.833521,77.207992,26.833524,77.207993,26.833542,77.208005,26.833552,77.208016,26.833564,77.208031,26.833570,77.208041,26.833573,77.208046,26.833587,77.208060,26.833596,77.208084,26.833596,77.208087,26.833600,77.208098,26.833604,77.208107,26.833609,77.208119,26.833616,77.208131,26.833619,77.208135,26.833622,77.208138,26.833629,77.208147,26.833638,77.208156,26.833648,77.208195,26.833645,77.208203,26.833650,77.208222,26.833648,77.208228,26.833651,77.208248,26.833654,77.208255,26.833656,77.208267,26.833655,77.208279,26.833654,77.208298,26.833655,77.208303,26.833652,77.208321,26.833672,77.208341,26.833680,77.208349,26.833700,77.208376,26.833700,77.208384,26.833701,77.208402,26.833712,77.208439,26.833715,77.208450,26.833723,77.208468,26.833719,77.208508,26.833723,77.208519,26.833731,77.208522,26.833737,77.208523,26.833742,77.208531,26.833747,77.208547,26.833748,77.208563,26.833747,77.208570,26.833761,77.208607,26.833767,77.208621,26.833775,77.208637,26.833781,77.208654,26.833788,77.208674,26.833793,77.208685,26.833800,77.208699,26.833810,77.208738,26.833813,77.208756,26.833822,77.208799,26.833827,77.208860,26.833812,77.208886,26.833807,77.208891,26.833796,77.208900,26.833787,77.208919,26.833781,77.208952,26.833783,77.208966,26.833820,77.209002,26.833826,77.209002,26.833835,77.209001,26.833850,77.208997,26.833862,77.209001,26.833879,77.209010,26.833900,77.209023,26.833915,77.209031,26.833932,77.209044,26.833939,77.209052,26.833949,77.209064,26.833955,77.209076,26.833971,77.209097,26.833975,77.209108,26.833979,77.209120,26.833988,77.209140,26.833992,77.209153,26.833998,77.209164,26.834007,77.209173,26.834039,77.209216,26.834048,77.209231,26.834078,77.209267,26.834086,77.209278,26.834092,77.209289,26.834100,77.209319,26.834103,77.209362,26.834093,77.209384,26.834089,77.209397,26.834086,77.209419,26.834077,77.209436,26.834066,77.209451",images/blockplantation/75874476-07c3-4fec-8b55-1c1465c439d8.jpg,350,"Arjun: 60, Gular: 60, Jamun: 40, Kachnar: 40, Karanj: 60, Neem: 50, Peepal: 40",FALSE,2024-09-11 14:03:44.020324+05:30,2024-09-11 14:03:44.020349+05:30,1,75534,26.8341017,77.209425,13,3,1,810501,105,810501190
48684,"25.079636,76.298275,25.079631,76.298276,25.079633,76.298277,25.079633,76.298277",NOT_AVILABE,200,"Amrood: 10, Imli: 1, Lemon: 10, Mango: 2, Neem: 80, Seesam: 10, Peepal: 10, Jamun: 5, Karanj: 72",FALSE,2024-09-11 14:10:19.538931+05:30,2024-09-11 14:10:19.53895+05:30,1,75294,25.0796254,76.2983021,13,2,0.5,812801,128,812801190
48685,"25.079636,76.298275,25.079631,76.298276,25.079633,76.298277,25.079633,76.298277",NOT_AVILABE,200,"Amrood: 10, Imli: 1, Lemon: 10, Mango: 2, Neem: 80, Seesam: 10, Peepal: 10, Jamun: 5, Karanj: 72",FALSE,2024-09-11 14:10:19.857934+05:30,2024-09-11 14:10:19.857955+05:30,1,75294,25.0796254,76.2983021,13,2,0.5,812801,128,812801190
48686,"25.079636,76.298275,25.079631,76.298276,25.079633,76.298277,25.079633,76.298277",NOT_AVILABE,200,"Amrood: 10, Imli: 1, Lemon: 10, Mango: 2, Neem: 80, Seesam: 10, Peepal: 10, Jamun: 5, Karanj: 72",FALSE,2024-09-11 14:10:19.930602+05:30,2024-09-11 14:10:19.93063+05:30,1,75294,25.0796254,76.2983021,13,2,0.5,812801,128,812801190
48687,"25.079636,76.298275,25.079631,76.298276,25.079633,76.298277,25.079633,76.298277",NOT_AVILABE,200,"Amrood: 10, Imli: 1, Lemon: 10, Mango: 2, Neem: 80, Seesam: 10, Peepal: 10, Jamun: 5, Karanj: 72",FALSE,2024-09-11 14:10:19.988877+05:30,2024-09-11 14:10:19.988895+05:30,1,75294,25.0796254,76.2983021,13,2,0.5,812801,128,812801190
48688,"25.079636,76.298275,25.079631,76.298276,25.079633,76.298277,25.079633,76.298277",NOT_AVILABE,200,"Amrood: 10, Imli: 1, Lemon: 10, Mango: 2, Neem: 80, Seesam: 10, Peepal: 10, Jamun: 5, Karanj: 72",FALSE,2024-09-11 14:10:20.042274+05:30,2024-09-11 14:10:20.042291+05:30,1,75294,25.0796254,76.2983021,13,2,0.5,812801,128,812801190
48689,"25.079636,76.298275,25.079631,76.298276,25.079633,76.298277,25.079633,76.298277",NOT_AVILABE,200,"Amrood: 10, Imli: 1, Lemon: 10, Mango: 2, Neem: 80, Seesam: 10, Peepal: 10, Jamun: 5, Karanj: 72",FALSE,2024-09-11 14:10:20.160093+05:30,2024-09-11 14:10:20.16011+05:30,1,75294,25.0796254,76.2983021,13,2,0.5,812801,128,812801190
48690,"25.079636,76.298275,25.079631,76.298276,25.079633,76.298277,25.079633,76.298277",NOT_AVILABE,200,"Amrood: 10, Imli: 1, Lemon: 10, Mango: 2, Neem: 80, Seesam: 10, Peepal: 10, Jamun: 5, Karanj: 72",FALSE,2024-09-11 14:10:20.572034+05:30,2024-09-11 14:10:20.572049+05:30,1,75294,25.0796254,76.2983021,13,2,0.5,812801,128,812801190
48691,"25.079636,76.298275,25.079631,76.298276,25.079633,76.298277,25.079633,76.298277",NOT_AVILABE,200,"Amrood: 10, Imli: 1, Lemon: 10, Mango: 2, Neem: 80, Seesam: 10, Peepal: 10, Jamun: 5, Karanj: 72",FALSE,2024-09-11 14:10:20.610362+05:30,2024-09-11 14:10:20.610378+05:30,1,75294,25.0796254,76.2983021,13,2,0.5,812801,128,812801190
48692,"25.079636,76.298275,25.079631,76.298276,25.079633,76.298277,25.079633,76.298277",NOT_AVILABE,200,"Amrood: 10, Imli: 1, Lemon: 10, Mango: 2, Neem: 80, Seesam: 10, Peepal: 10, Jamun: 5, Karanj: 72",FALSE,2024-09-11 14:10:20.644767+05:30,2024-09-11 14:10:20.644785+05:30,1,75294,25.0796254,76.2983021,13,2,0.5,812801,128,812801190
48693,"25.079636,76.298275,25.079631,76.298276,25.079633,76.298277,25.079633,76.298277",NOT_AVILABE,200,"Amrood: 10, Imli: 1, Lemon: 10, Mango: 2, Neem: 80, Seesam: 10, Peepal: 10, Jamun: 5, Karanj: 72",FALSE,2024-09-11 14:10:20.794848+05:30,2024-09-11 14:10:20.79487+05:30,1,75294,25.0796254,76.2983021,13,2,0.5,812801,128,812801190
48694,"25.079636,76.298275,25.079631,76.298276,25.079633,76.298277,25.079633,76.298277",NOT_AVILABE,200,"Amrood: 10, Imli: 1, Lemon: 10, Mango: 2, Neem: 80, Seesam: 10, Peepal: 10, Jamun: 5, Karanj: 72",FALSE,2024-09-11 14:10:20.810961+05:30,2024-09-11 14:10:20.810981+05:30,1,75294,25.0796254,76.2983021,13,2,0.5,812801,128,812801190
48695,"25.079636,76.298275,25.079631,76.298276,25.079633,76.298277,25.079633,76.298277",images/blockplantation/1f76b784-0ccf-4a93-a0ae-2967b4dd7e14.jpg,200,"Amrood: 10, Imli: 1, Lemon: 10, Mango: 2, Neem: 80, Seesam: 10, Peepal: 10, Jamun: 5, Karanj: 72",FALSE,2024-09-11 14:12:46.293338+05:30,2024-09-11 14:12:46.29336+05:30,1,75294,25.0796254,76.2983021,13,2,0.5,812801,128,812801190
48696,"25.079589,76.298209,25.079598,76.298215,25.079607,76.298220,25.079628,76.298223",images/blockplantation/7fe0d71d-c32c-4ad4-bb78-b4d8f14ce98e.jpg,150,"Amrood: 5, Bargad: 2, Ber: 5, Imli: 2, Karanj: 100, Lemon: 2, Neem: 34",FALSE,2024-09-11 14:12:47.620513+05:30,2024-09-11 14:12:47.620533+05:30,1,75294,25.0796243,76.2983432,13,7,5,812801,128,812801190
48697,"25.079636,76.298275,25.079631,76.298276,25.079633,76.298277,25.079633,76.298277",images/blockplantation/25b3cae4-b9d1-4f94-aa41-6f73ba310165.jpg,200,"Amrood: 10, Imli: 1, Lemon: 10, Mango: 2, Neem: 80, Seesam: 10, Peepal: 10, Jamun: 5, Karanj: 72",FALSE,2024-09-11 14:12:53.091327+05:30,2024-09-11 14:12:53.09135+05:30,1,75294,25.0796254,76.2983021,13,2,0.5,812801,128,812801190
48698,"25.079524,76.298236,25.079530,76.298290,25.079519,76.298307,25.079518,76.298308",images/blockplantation/1b8ee4b7-b005-49a1-b468-0be7450f8c27.jpg,100,"Karanj: 80, Neem: 20",FALSE,2024-09-11 14:12:53.149384+05:30,2024-09-11 14:12:53.149404+05:30,1,75294,25.0796784,76.2983061,13,2,1,812801,128,812801190
48699,"25.079636,76.298275,25.079631,76.298276,25.079633,76.298277,25.079633,76.298277",images/blockplantation/2d6ed715-f366-47d5-9149-cacab547d922.jpg,200,"Amrood: 10, Imli: 1, Lemon: 10, Mango: 2, Neem: 80, Seesam: 10, Peepal: 10, Jamun: 5, Karanj: 72",FALSE,2024-09-11 14:13:05.347571+05:30,2024-09-11 14:13:05.347593+05:30,1,75294,25.0796254,76.2983021,13,2,0.5,812801,128,812801190
48700,"25.079589,76.298209,25.079598,76.298215,25.079607,76.298220,25.079628,76.298223",images/blockplantation/1cb4a36b-3cdc-4046-bfbf-17364b70729e.jpg,150,"Amrood: 5, Bargad: 2, Ber: 5, Imli: 2, Karanj: 100, Lemon: 2, Neem: 34",FALSE,2024-09-11 14:13:08.077747+05:30,2024-09-11 14:13:08.077765+05:30,1,75294,25.0796243,76.2983432,13,7,5,812801,128,812801190
48701,"25.079636,76.298275,25.079631,76.298276,25.079633,76.298277,25.079633,76.298277",images/blockplantation/53190782-1027-4555-862d-0d3793c31247.jpg,200,"Amrood: 10, Imli: 1, Lemon: 10, Mango: 2, Neem: 80, Seesam: 10, Peepal: 10, Jamun: 5, Karanj: 72",FALSE,2024-09-11 14:13:11.010149+05:30,2024-09-11 14:13:11.010168+05:30,1,75294,25.0796254,76.2983021,13,2,0.5,812801,128,812801190
48702,"25.079589,76.298209,25.079598,76.298215,25.079607,76.298220,25.079628,76.298223",images/blockplantation/50c9d236-f28f-4b1e-bc27-8453bae660cd.jpg,150,"Amrood: 5, Bargad: 2, Ber: 5, Imli: 2, Karanj: 100, Lemon: 2, Neem: 34",FALSE,2024-09-11 14:13:14.082241+05:30,2024-09-11 14:13:14.08226+05:30,1,75294,25.0796243,76.2983432,13,7,5,812801,128,812801190
48703,"25.079589,76.298209,25.079598,76.298215,25.079607,76.298220,25.079628,76.298223",images/blockplantation/73d7919f-84ee-4654-b184-7fc64b21a0bd.jpg,150,"Amrood: 5, Bargad: 2, Ber: 5, Imli: 2, Karanj: 100, Lemon: 2, Neem: 34",FALSE,2024-09-11 14:13:17.944352+05:30,2024-09-11 14:13:17.944373+05:30,1,75294,25.0796243,76.2983432,13,7,5,812801,128,812801190
48704,"25.079589,76.298209,25.079598,76.298215,25.079607,76.298220,25.079628,76.298223",images/blockplantation/500be0ef-1952-4580-9d0d-219a0637febd.jpg,150,"Amrood: 5, Bargad: 2, Ber: 5, Imli: 2, Karanj: 100, Lemon: 2, Neem: 34",FALSE,2024-09-11 14:13:27.631618+05:30,2024-09-11 14:13:27.63164+05:30,1,75294,25.0796243,76.2983432,13,7,5,812801,128,812801190
48705,"25.079589,76.298209,25.079598,76.298215,25.079607,76.298220,25.079628,76.298223",images/blockplantation/0e81a78c-b834-4b41-abdd-3541f9b9ec1c.jpg,150,"Amrood: 5, Bargad: 2, Ber: 5, Imli: 2, Karanj: 100, Lemon: 2, Neem: 34",FALSE,2024-09-11 14:13:28.976958+05:30,2024-09-11 14:13:28.976978+05:30,1,75294,25.0796243,76.2983432,13,7,5,812801,128,812801190
48706,"25.079589,76.298209,25.079598,76.298215,25.079607,76.298220,25.079628,76.298223",images/blockplantation/ab50b7d9-18f1-43b0-b117-18e9f8e28cf3.jpg,150,"Amrood: 5, Bargad: 2, Ber: 5, Imli: 2, Karanj: 100, Lemon: 2, Neem: 34",FALSE,2024-09-11 14:13:39.211485+05:30,2024-09-11 14:13:39.211505+05:30,1,75294,25.0796243,76.2983432,13,7,5,812801,128,812801190
48707,"25.079589,76.298209,25.079598,76.298215,25.079607,76.298220,25.079628,76.298223",images/blockplantation/4cfc0b82-a465-413b-ac20-bca460019a0b.jpg,150,"Amrood: 5, Bargad: 2, Ber: 5, Imli: 2, Karanj: 100, Lemon: 2, Neem: 34",FALSE,2024-09-11 14:13:39.266232+05:30,2024-09-11 14:13:39.266253+05:30,1,75294,25.0796243,76.2983432,13,7,5,812801,128,812801190
48708,"25.079589,76.298209,25.079598,76.298215,25.079607,76.298220,25.079628,76.298223",images/blockplantation/f45bb55f-511e-4030-984f-0af18ababfcb.jpg,150,"Amrood: 5, Bargad: 2, Ber: 5, Imli: 2, Karanj: 100, Lemon: 2, Neem: 34",FALSE,2024-09-11 14:13:39.284382+05:30,2024-09-11 14:13:39.284402+05:30,1,75294,25.0796243,76.2983432,13,7,5,812801,128,812801190
48709,"25.079589,76.298209,25.079598,76.298215,25.079607,76.298220,25.079628,76.298223",images/blockplantation/119d061f-79cb-42f1-96c3-f13a9ce746db.jpg,150,"Amrood: 5, Bargad: 2, Ber: 5, Imli: 2, Karanj: 100, Lemon: 2, Neem: 34",FALSE,2024-09-11 14:13:44.303483+05:30,2024-09-11 14:13:44.303521+05:30,1,75294,25.0796243,76.2983432,13,7,5,812801,128,812801190
48710,"25.079589,76.298209,25.079598,76.298215,25.079607,76.298220,25.079628,76.298223",images/blockplantation/9ad53e35-440a-4542-b2ca-cecbb44ab369.jpg,150,"Amrood: 5, Bargad: 2, Ber: 5, Imli: 2, Karanj: 100, Lemon: 2, Neem: 34",FALSE,2024-09-11 14:13:44.788447+05:30,2024-09-11 14:13:44.788468+05:30,1,75294,25.0796243,76.2983432,13,7,5,812801,128,812801190
48711,"25.079636,76.298275,25.079631,76.298276,25.079633,76.298277,25.079633,76.298277",images/blockplantation/27de04e8-7d28-450f-b528-bdbfc820aea3.jpg,200,"Amrood: 10, Imli: 1, Lemon: 10, Mango: 2, Neem: 80, Seesam: 10, Peepal: 10, Jamun: 5, Karanj: 72",FALSE,2024-09-11 14:13:53.912236+05:30,2024-09-11 14:13:53.912265+05:30,1,75294,25.0796254,76.2983021,13,2,0.5,812801,128,812801190
48712,"25.079636,76.298275,25.079631,76.298276,25.079633,76.298277,25.079633,76.298277",images/blockplantation/15cb9c42-6986-4537-9427-783b0bf858ef.jpg,200,"Amrood: 10, Imli: 1, Lemon: 10, Mango: 2, Neem: 80, Seesam: 10, Peepal: 10, Jamun: 5, Karanj: 72",FALSE,2024-09-11 14:13:54.270138+05:30,2024-09-11 14:13:54.270157+05:30,1,75294,25.0796254,76.2983021,13,2,0.5,812801,128,812801190
48713,"25.079636,76.298275,25.079631,76.298276,25.079633,76.298277,25.079633,76.298277",images/blockplantation/dd287864-cfdb-4cb2-b399-bb7dd4616edd.jpg,200,"Amrood: 10, Imli: 1, Lemon: 10, Mango: 2, Neem: 80, Seesam: 10, Peepal: 10, Jamun: 5, Karanj: 72",FALSE,2024-09-11 14:13:55.1792+05:30,2024-09-11 14:13:55.179221+05:30,1,75294,25.0796254,76.2983021,13,2,0.5,812801,128,812801190
48714,"24.717028,75.993678,24.716599,75.993225,24.716253,75.993347,24.716576,75.993921",images/blockplantation/b7509f71-3810-4082-b7a6-908f3ce44777.jpg,1000,"Amla: 100, Seesam: 100, Shatavari: 400, Google: 100, Khair: 100, Gular: 200",FALSE,2024-09-11 14:18:18.096718+05:30,2024-09-11 14:18:18.096738+05:30,2,3989,24.7170253,75.9936567,13,12,2,812702,127,812702300
48715,"27.052599,77.092789,27.052963,77.092986,27.052787,77.093481,27.052469,77.093404",images/blockplantation/965721d9-9a9b-414e-bde5-4a2e2977e585.jpg,256,"Karanj: 156, Neem: 25, Seesam: 25, Harsingar: 50",FALSE,2024-09-11 14:19:10.614247+05:30,2024-09-11 14:19:10.614268+05:30,1,66326,27.052588,77.0933561,13,2,1,810510,105,810510070
48716,"27.052463,77.093426,27.053279,77.093831,27.053180,77.094600,27.052218,77.094215",images/blockplantation/3ce5be23-d5c1-4bd8-8259-7fb20f4c5b42.jpg,300,"Babool: 200, Karanj: 50, Ber: 50",FALSE,2024-09-11 14:32:34.888322+05:30,2024-09-11 14:32:34.888343+05:30,1,66326,27.0524065,77.0935319,13,5,2,810510,105,810510070
48717,"24.648157,75.972205,24.648170,75.972184,24.648103,75.972176,24.648089,75.972169,24.648070,75.972163",images/blockplantation/fa3ffd38-f219-4622-92cd-6e27ab0334b5.jpg,1000,"Mango: 250, Amrood: 250, Babool: 250, Jamun: 250",FALSE,2024-09-11 14:53:36.895027+05:30,2024-09-11 14:53:36.895046+05:30,2,73739,24.6480692,75.9721707,6,4,2,812702,127,812702200
48718,"25.122225,76.122194,25.122214,76.122167,25.122216,76.122168,25.122217,76.122168,25.122217,76.122168,25.122215,76.122169,25.122215,76.122169,25.122214,76.122170,25.122214,76.122170,25.122212,76.122170",images/blockplantation/5eaad2aa-f6e0-4661-98d4-23b3cf79ed3f.jpg,100,Amrood: 100,FALSE,2024-09-11 15:18:37.937594+05:30,2024-09-11 15:18:37.937615+05:30,1,9704,25.1222334,76.1222282,6,7,10,812705,127,812705270
48719,"25.122218,76.122177,25.122218,76.122177,25.122218,76.122177,25.122218,76.122177,25.122218,76.122177,25.122218,76.122177",images/blockplantation/86cac010-dcd0-441f-b708-c2ce3f8755c5.jpg,200,Ardu: 200,FALSE,2024-09-11 15:20:37.076915+05:30,2024-09-11 15:20:37.076934+05:30,1,9704,25.1222091,76.122236,6,7,2,812705,127,812705270
48720,"25.122172,76.122282,25.122167,76.122299,25.122162,76.122306,25.122160,76.122306,25.122186,76.122299,25.122235,76.122334,25.122235,76.122334,25.122235,76.122334",images/blockplantation/f2b26f4e-0a4f-4186-bfa7-188245e859e3.jpg,100,Amrood: 100,FALSE,2024-09-11 15:22:52.790555+05:30,2024-09-11 15:22:52.790576+05:30,1,9704,25.1222264,76.1223306,6,7,0.5,812705,127,812705270
48721,"25.122280,76.122348,25.122280,76.122348,25.122280,76.122348,25.122280,76.122348,25.122278,76.122345,25.122278,76.122345",images/blockplantation/cef5066c-0fbb-4be5-a5dd-bfb3083c4993.jpg,100,Aak: 100,FALSE,2024-09-11 15:23:01.043441+05:30,2024-09-11 15:23:01.043461+05:30,1,9704,25.1222316,76.1223205,6,5,0.5,812705,127,812705270
48722,"25.122257,76.122331,25.122253,76.122330,25.122253,76.122330,25.122253,76.122330,25.122253,76.122330,25.122253,76.122330,25.122253,76.122330,25.122253,76.122329,25.122253,76.122329",images/blockplantation/92158830-a3b6-4f2a-97a1-fd9ae11b1483.jpg,100,"Bargad: 50, Gular: 50",FALSE,2024-09-11 15:26:16.784806+05:30,2024-09-11 15:26:16.784826+05:30,1,9704,25.1221402,76.1223635,6,1,0.6,812705,127,812705270
48723,"25.122272,76.122312,25.122272,76.122312,25.122272,76.122312,25.122272,76.122312,25.122270,76.122312,25.122270,76.122312,25.122270,76.122312,25.122270,76.122312",images/blockplantation/67c6c38a-62fe-4781-8e88-b82f7884a647.jpg,200,"Aak: 20, Amaltas: 30, Arjun: 50, Bael: 30, Banyan: 70",FALSE,2024-09-11 15:26:25.568699+05:30,2024-09-11 15:26:25.568719+05:30,1,9704,25.1222647,76.1223442,6,7,0.8,812705,127,812705270
48724,"24.506939,74.337548,24.506927,74.337704,24.506899,74.337866,24.506874,74.337970,24.506871,74.337989,24.506863,74.338060,24.506845,74.338150,24.506818,74.338317",images/blockplantation/e7963b26-f7b9-43fd-953f-c3105716ac5d.jpg,1150,"Banyan: 200, Google: 100, Imli: 150, Jamun: 150, JUNGLE JALEBI: 150, Kachnar: 100, Karanj: 200, Kikar: 100",FALSE,2024-09-11 15:28:10.499968+05:30,2024-09-11 15:28:10.499988+05:30,1,27072,24.5070375,74.3373556,6,12,4,812607,126,812607100
48725,"25.122280,76.122339,25.122279,76.122339,25.122280,76.122339,25.122280,76.122339,25.122280,76.122339",images/blockplantation/301e3155-2c9f-402e-96c5-50adac44d821.jpg,500,"Aak: 50, Amaltas: 100, Amla: 200, Amrood: 150",FALSE,2024-09-11 15:34:47.556322+05:30,2024-09-11 15:34:47.556342+05:30,1,9704,25.1222741,76.1223059,6,7,0.7,812705,127,812705270
48726,"25.122253,76.122344,25.122253,76.122344,25.122253,76.122344,25.122253,76.122344",images/blockplantation/388a5f43-e8ed-42ac-8716-6c40f9e33dab.jpg,500,"Ardu: 200, Banyan: 200, Ber: 100",FALSE,2024-09-11 15:38:53.715684+05:30,2024-09-11 15:38:53.715704+05:30,1,9704,25.1222775,76.1222965,6,6,0.8,812705,127,812705270
48727,"25.123553,76.118453,25.123555,76.118385,25.123555,76.118385,25.123558,76.118319,25.123558,76.118319,25.123558,76.118319,25.123555,76.118258,25.123503,76.117624",images/blockplantation/9b51461b-e449-4675-b763-3b7a6b92c493.jpg,500,"Amla: 100, Arjun: 200, Banyan: 200",FALSE,2024-09-11 16:03:33.106715+05:30,2024-09-11 16:03:33.106735+05:30,1,9704,25.1227363,76.1212745,6,9,0.5,812705,127,812705270
48728,"24.602758, 72.908373,24.602774, 72.908399,24.602833, 72.908440,24.602754, 72.908364",images/blockplantation/04918257-59a9-4b0e-9fc9-a4dbdb83e220.jpg,1000,"Neem,Babool,Karanj,Bans,Sheesham",FALSE,2024-09-11 17:33:36.211942+05:30,2024-09-11 17:33:36.211963+05:30,1,18239,24.6027698,72.9083666,9,3,2.5,811702,117,811702340
48729,"25.160108,75.831563,25.160120,75.831531,25.160132,75.831619,25.160127,75.831648",images/blockplantation/e3eb90c8-fa14-4416-a9e7-eb950ba31a25.jpg,100,"Amrood: 10, Arjun: 10, Neem: 10, Aak: 20, Others: 50",FALSE,2024-09-11 17:36:04.598694+05:30,2024-09-11 17:36:04.598714+05:30,1,77131,25.160134,75.8316322,30,5,0.4,812703,127,812703261
48730,"28.626721,75.230065,28.626726,75.230072,28.626731,75.230076,28.626734,75.230081",images/blockplantation/c248b178-6911-49cf-beb3-e5658db20127.jpg,456,"Bael: 50, Khejri: 26, Lemon: 10, Neem: 200, Seesam: 50, Others: 120",FALSE,2024-09-11 17:52:58.005948+05:30,2024-09-11 17:52:58.005966+05:30,1,77551,28.626682,75.2300479,13,2,2.1,810203,102,810203500
48731,"25.910233,73.743901,25.910236,73.742135,25.911067,73.742053,25.911253,73.743473",images/blockplantation/c85b90bd-15fb-40c1-84ff-b99de83e0864.jpg,350,Neem: 350,FALSE,2024-09-12 09:15:15.232563+05:30,2024-09-12 09:15:15.232583+05:30,1,77021,25.9112773,73.7434437,2,7,15,811809,118,811809360
48732,"27.173756,77.399746,27.173790,77.399830,27.173822,77.399869,27.173778,77.399939,27.173733,77.399837",images/blockplantation/7b178b95-d5f3-4e42-9914-76f213c90a67.jpg,105,"Ber: 30, Gonda: 30, Harsingar: 35, Jamun: 10",FALSE,2024-09-12 10:55:29.998739+05:30,2024-09-12 10:55:29.99876+05:30,1,77171,27.1737402,77.3998536,2,7,1,810509,105,810509270
48733,"27.208870,77.210295,27.208870,77.210304,27.208872,77.210335,27.208860,77.210365",images/blockplantation/bc3c1928-6264-4e99-96ac-b2031fecec32.jpg,200,"Arjun: 50, Neem: 150",FALSE,2024-09-12 11:38:24.464714+05:30,2024-09-12 11:38:24.464733+05:30,1,37642,27.2089037,77.2102602,2,7,2,810505,105,810505577
48734,"27.208811,77.210221,27.208848,77.210370,27.208871,77.210388,27.208892,77.210471",images/blockplantation/c6a1dd2b-9d18-4c0c-8c62-24221529831b.jpg,493,"Harsingar: 40, Kadam: 50, Neem: 100, Seesam: 100, Others: 203",FALSE,2024-09-12 11:57:22.668203+05:30,2024-09-12 11:57:22.668222+05:30,1,6782,27.2088368,77.2104897,2,2,1,810505,105,810505577
48735,"27.208845,77.210357,27.208845,77.210373,27.208816,77.210381,27.208792,77.210385",images/blockplantation/8a15a0dd-0ff1-45bb-9d7d-8d86e3539290.jpg,302,"Arjun: 50, Ber: 80, Dhonk: 70, Harsingar: 102",FALSE,2024-09-12 12:00:01.373408+05:30,2024-09-12 12:00:01.373431+05:30,1,6782,27.2087493,77.2103057,2,2,1,810505,105,810505220
48736,"27.208827,77.210388,27.208839,77.210417,27.208881,77.210363,27.208901,77.210292",images/blockplantation/241e97eb-5d92-41b7-a18e-f6ec88b5f6b8.jpg,602,"Seesam: 100, Neem: 200, Siris: 100, Lemon: 100, Arjun: 102",FALSE,2024-09-12 12:01:38.915229+05:30,2024-09-12 12:01:38.915249+05:30,1,6833,27.2088663,77.2103543,2,7,3,810505,105,810505577
48737,"27.208799,77.209900,27.208799,77.209900,27.208799,77.209900,27.208795,77.209900",images/blockplantation/00e7889b-65ec-4372-a2ec-8df64708e74d.jpg,320,"Amla: 20, Amrood: 40, Banyan: 50, Jamun: 30, Kadam: 25, Karanj: 50, Neem: 45, Mango: 30, Lemon: 10, Bael: 20",FALSE,2024-09-12 12:02:20.619085+05:30,2024-09-12 12:02:20.619106+05:30,1,77388,27.2087945,77.2098999,2,7,1.5,810505,105,810505220
48738,"27.208834,77.210361,27.208792,77.210362,27.208774,77.210472,27.208795,77.210496",images/blockplantation/de4dc3e6-39a6-4fd3-bb95-dde90dbf5a63.jpg,490,"Arjun: 50, Bael: 50, Bargad: 40, Imli: 60, Kadam: 20, Karanj: 150, Lemon: 20, Neem: 100",FALSE,2024-09-12 12:05:15.48715+05:30,2024-09-12 12:05:15.487169+05:30,1,6741,27.2088213,77.2103217,2,7,1.5,810505,105,810505577
48739,"27.208828,77.210304,27.208829,77.210303,27.208836,77.210296,27.208844,77.210289,27.208845,77.210284",images/blockplantation/ae87e793-50e2-4996-ab08-9f518cf2ecaf.jpg,520,"Arjun: 50, Kadamb: 90, Karanj: 150, Lemon: 50, Neem: 120, Siris: 60",FALSE,2024-09-12 12:08:17.021177+05:30,2024-09-12 12:08:17.021198+05:30,1,7058,27.2088092,77.2104463,2,2,1,810505,105,810505577
48740,"27.208879,77.210342,27.208880,77.210338,27.208881,77.210326,27.208878,77.210335",images/blockplantation/f009d846-e7a2-4583-a3ff-06cd02880742.jpg,400,"Babool: 300, Kadam: 100",FALSE,2024-09-12 12:32:01.254987+05:30,2024-09-12 12:32:01.25501+05:30,1,37642,27.2088677,77.2103976,2,7,1,810505,105,810505577
48741,"27.281420,77.160396,27.281475,77.160346,27.281564,77.160199,27.281522,77.160145",images/blockplantation/969ad0c0-53c7-498c-b730-21991eb70ed4.jpg,700,"Amrood: 50, Banyan: 10, Neem: 200, Peepal: 50, Jamun: 150, Karanj: 170, Aak: 70",FALSE,2024-09-12 12:34:02.97467+05:30,2024-09-12 12:34:02.974691+05:30,1,50697,27.2814352,77.1603737,2,7,2,810505,105,810505360
48742,"27.187262,77.190030,27.187229,77.189994,27.187243,77.190132,27.187300,77.190192",images/blockplantation/45df662e-0eaf-4208-a9c9-cc79f69aa511.jpg,120,"Arjun: 30, Gular: 20, Neem: 30, Seesam: 40",FALSE,2024-09-12 12:34:16.999817+05:30,2024-09-12 12:34:16.99984+05:30,1,37698,27.1871877,77.190067,2,7,2,810505,105,810505200
48743,"27.187122,77.189982,27.187143,77.190051,27.187083,77.190060,27.187181,77.190146",images/blockplantation/deebad84-5b47-45f0-9b68-4d7c84f3da11.jpg,130,"Arjun: 30, Bargad: 10, Gular: 20, Neem: 40, Siris: 30",FALSE,2024-09-12 12:40:03.651578+05:30,2024-09-12 12:40:03.651612+05:30,1,37698,27.1871742,77.1900218,2,7,2,810505,105,810505200
48744,"27.281043,77.156986,27.281042,77.156983,27.281042,77.156983,27.280941,77.157099",images/blockplantation/013ac7d8-433e-4d89-80cf-c7d6be86b140.jpg,100,"Neem: 35, Seesam: 35, Neem: 30",FALSE,2024-09-12 13:49:03.898895+05:30,2024-09-12 13:49:03.898916+05:30,1,77648,27.2808832,77.1568282,1,11,0.5,810505,105,810505360
48745,"27.083364,76.995491,27.084851,76.996274,27.084330,76.995712,27.083578,76.995155",images/blockplantation/a3634a40-c129-408e-9bd6-60318f765b5d.jpg,600,"Babool: 300, Karanj: 300",FALSE,2024-09-12 15:10:34.10389+05:30,2024-09-12 15:10:34.103911+05:30,1,66326,27.0850125,76.9963205,13,6,2,810510,105,810510260
48746,"29.292177, 74.569765,29.292174, 74.569766,29.292179, 74.569765,29.292179, 74.569765,29.292155, 74.569763",images/blockplantation/e71f1ae8-ca9a-439d-9149-3f81072265d8.jpg,30,Tulsi,FALSE,2024-09-12 15:43:11.430828+05:30,2024-09-12 15:43:11.43086+05:30,1,62416,29.2924227,74.5698339,2,4,1,810003,100,810003440
48747,"27.112842,77.059567,27.113141,77.058584,27.112275,77.058169,27.112453,77.059620",images/blockplantation/a86c7444-d271-4bc2-84bb-debcd0e0fca3.jpg,600,"Neem: 160, Peepal: 20, Ber: 30, Bargad: 3, Babool: 150, Karanj: 237",FALSE,2024-09-12 15:56:28.427496+05:30,2024-09-12 15:56:28.427517+05:30,1,66326,27.1130425,77.0595356,13,6,4,810510,105,810510360
48748,"29.231362,74.293928,29.231574,74.293942,29.231647,74.293851,29.231448,74.293832",images/blockplantation/be17dccc-bade-4cff-9ca7-34f59b05f232.jpg,100,Khejri: 100,FALSE,2024-09-13 08:48:04.560522+05:30,2024-09-13 08:48:04.560542+05:30,1,77653,29.2316257,74.2938188,13,12,4.1,810005,100,810005250
48749,"27.205729,77.517756,27.205717,77.517765,27.205717,77.517765,27.205707,77.517741",images/blockplantation/1130d28d-6368-4812-b892-827fdf156af2.jpg,100,"Lemon: 10, Neem: 30, Mango: 10, Ber: 5, Jamun: 5, Amrood: 10, Arjun: 10, Others: 20",FALSE,2024-09-13 09:08:52.246623+05:30,2024-09-13 09:08:52.246646+05:30,2,77019,27.2058296,77.5175822,2,4,1,810509,105,810509230
48750,"23.542762,74.461721,23.542787,74.461705,23.542846,74.462204,23.542605,74.462483,23.542743,74.462787,23.542561,74.462999,23.542346,74.463060,23.542270,74.463036,23.542089,74.462978",images/blockplantation/a9019b1b-c5e0-42ad-b140-e196dcede27a.jpg,250,"Neem: 100, Karanj: 150",FALSE,2024-09-13 09:51:06.765268+05:30,2024-09-13 09:51:06.765297+05:30,2,77620,23.5420733,74.46293,10,5,10,812504,125,812504430
48751,"27.228023,77.056324,27.228033,77.056632,27.227939,77.057135,27.228164,77.057289",images/blockplantation/52640514-4a24-4b5d-bc48-02461c43ba50.jpg,500,"Jamun: 100, Karanj: 200, Neem: 100, Seesam: 100",FALSE,2024-09-14 08:11:35.458594+05:30,2024-09-14 08:11:35.458615+05:30,1,19426,27.2281667,77.0572823,2,7,2.5,810505,105,810505010
48752,"27.392948,77.259880,27.392934,77.259937,27.392911,77.259970,27.392893,77.260002",images/blockplantation/afd4b15e-5ad5-4f82-9644-f22f77fa3f82.jpg,500,"Babool: 150, Bael: 150, Ber: 10, Gular: 10, Amrood: 30, Jamun: 10, Lemon: 20, Neem: 120",FALSE,2024-09-14 08:43:48.756225+05:30,2024-09-14 08:43:48.756251+05:30,2,77019,27.3928827,77.2596089,2,7,1,810502,105,810502340
48753,"27.530650,77.247835,27.530636,77.247824,27.530631,77.247866,27.530649,77.247793",images/blockplantation/51b21b8b-2c76-405e-9115-6a514b1c087e.jpg,2000,Neem: 2000,FALSE,2024-09-14 10:06:55.25592+05:30,2024-09-14 10:06:55.255946+05:30,1,63009,27.5306613,77.2478397,2,5,1,810502,105,810502200
48754,"27.530639,77.246886,27.530639,77.246890,27.530634,77.246899,27.530644,77.246906,27.530651,77.246909",images/blockplantation/c1afecac-306e-4602-b78c-a183e673a2ad.jpg,1000,Neem: 1000,FALSE,2024-09-14 10:11:33.856305+05:30,2024-09-14 10:11:33.856336+05:30,1,63009,27.530633,77.2468773,2,4,1,810502,105,810502200
48755,"27.573290,77.291991,27.573767,77.292675,27.572922,77.292997,27.572517,77.292310",images/blockplantation/abbff1c7-2688-415b-93a3-b78dd2a78dfc.jpg,962,"Karanj: 50, Lemon: 10, Mango: 50, Rohida: 5, Seesam: 10, Kadamb: 10, Neem: 68, Bael: 20, Bargad: 5, Jamun: 50, Peepal: 70, Siris: 52, Others: 562",FALSE,2024-09-14 10:11:49.429923+05:30,2024-09-14 10:11:49.429943+05:30,1,19099,27.5734,77.29223,2,7,2.2,810502,105,810502280
48756,"27.309783,77.529980,27.309803,77.529975,27.309761,77.529938,27.309752,77.529934",images/blockplantation/9fee1932-d7b4-422b-b1ed-87f2eddde609.jpg,500,"Ber: 50, Karanj: 50, Khejri: 50, Babool: 50, Neem: 50, Khair: 50, Aak: 50, Dhak: 50, Gular: 50, Mango: 50",FALSE,2024-09-14 10:37:06.669249+05:30,2024-09-14 10:37:06.669269+05:30,1,77651,27.3095598,77.529767,2,12,0.02,810509,105,810509250
48757,"27.593077,77.327812,27.593070,77.327813,27.593078,77.327817,27.593091,77.327844,27.593087,77.327854,27.593048,77.327880",images/blockplantation/19b9bd05-18ab-4e4d-87d0-b12317047203.jpg,100,"Neem: 30, Amrood: 15, Kikar: 35, Peepal: 20",FALSE,2024-09-14 10:42:19.309191+05:30,2024-09-14 10:42:19.309211+05:30,2,18698,27.5930227,77.3278601,2,7,2,810502,105,810502110
48758,"27.500639,77.188773,27.500625,77.188828,27.500515,77.188815,27.500473,77.188641,27.500483,77.188591",images/blockplantation/b8b31cc9-9c2d-447f-b2f1-255ee8fcaab6.jpg,100,"Seesam: 20, Siris: 50, Jamun: 10, Karanj: 10, Neem: 10",FALSE,2024-09-14 11:31:43.272553+05:30,2024-09-14 11:31:43.272578+05:30,1,40128,27.50053,77.1886867,2,4,1,810502,105,810502360
48759,"27.164597,77.157368,27.164662,77.157362,27.164805,77.157323,27.164989,77.157344,27.165034,77.157338",images/blockplantation/6d8f1f0f-c6a6-4566-b53d-4ecfe31cdb2a.jpg,550,"Karanj: 150, Mahua: 50, Moringa: 50, Neem: 100, Seesam: 50, Siris: 60, Jamun: 50, Imli: 20, Harsingar: 20",FALSE,2024-09-14 11:35:55.064614+05:30,2024-09-14 11:35:55.064637+05:30,1,6833,27.1646276,77.1572253,2,7,2,810505,105,810505280
48760,"24.934897,75.771114,24.934352,75.770984,24.934373,75.771338,24.934858,75.771466",images/blockplantation/a8c1a7a5-4f94-421f-b20a-4f685be92eaf.jpg,350,Orange: 350,FALSE,2024-09-14 14:48:12.137019+05:30,2024-09-14 14:48:12.137041+05:30,1,15869,24.9349801,75.7712001,24,4,1,0,0,0
48761,"27.209372,77.510359,27.209390,77.510339,27.209407,77.510314,27.209392,77.510253",images/blockplantation/155f7061-5cca-4d4a-854b-32928eb0e155.jpg,200,"Palash: 50, Karanj: 150",FALSE,2024-09-14 15:14:19.507988+05:30,2024-09-14 15:14:19.508008+05:30,1,75500,27.2098418,77.5115989,30,5,0.5,810509,105,810509230
48762,"27.219609,77.539197,27.219609,77.539219,27.219622,77.539231,27.219685,77.539252",images/blockplantation/eaf92913-8f84-4feb-b88f-890c45e5ea0d.jpg,100,Karanj: 100,FALSE,2024-09-14 15:14:45.610872+05:30,2024-09-14 15:14:45.610894+05:30,1,75500,27.2196165,77.5391831,30,9,0.01,810509,105,810509731
48763,"27.210817,77.515653,27.210771,77.515648,27.210717,77.515652,27.210657,77.515626",images/blockplantation/3b8d5085-309e-43b0-b439-b0d832d4419b.jpg,100,"Bael: 68, Karanj: 32",FALSE,2024-09-14 15:24:42.106078+05:30,2024-09-14 15:24:42.1061+05:30,1,75500,27.2108159,77.5156583,30,7,0.1,810509,105,810509729
48764,"27.227508,77.510327,27.227507,77.510324,27.227488,77.510323,27.227427,77.510304",images/blockplantation/df980c18-dfc7-4331-989c-ea740ac555c4.jpg,200,"Arjun: 50, Neem: 50, Harsingar: 30, Palash: 20, Siris: 50",FALSE,2024-09-14 15:51:34.729247+05:30,2024-09-14 15:51:34.729267+05:30,1,75500,27.2275069,77.5103318,30,7,0.5,810509,105,810509729
48765,"27.209710,77.506355,27.209792,77.506395,27.209792,77.506395,27.209792,77.506395",images/blockplantation/7bf3ae36-c944-43dd-ba80-26e8bacad22d.jpg,200,"Babool: 15, Jamun: 25, Karanj: 20, Amrood: 50, Bael: 75, Bargad: 15",FALSE,2024-09-15 10:37:09.551851+05:30,2024-09-15 10:37:09.551878+05:30,1,77679,27.2109251,77.5063387,2,2,1,810509,105,810509729
48766,"27.399090,77.416577,27.399115,77.416589,27.399146,77.416613,27.399168,77.416630",images/blockplantation/f985b0a3-66a4-4ed3-b82f-7934e65bae39.jpg,450,Others: 450,FALSE,2024-09-15 18:45:46.152438+05:30,2024-09-15 18:45:46.15246+05:30,2,77599,27.3991525,77.41658,2,9,0.5,810502,105,810502220
48767,"25.021145, 74.046368,25.021147, 74.046367,25.021147, 74.046365,25.021148, 74.046366",images/blockplantation/7a55c1ec-a1c4-49a1-8753-a22363c117e8.jpg,1000,"Gooseberry,अमरूद,करेन,जामुन",FALSE,2024-09-16 15:14:35.641536+05:30,2024-09-16 15:14:35.641556+05:30,2,54133,25.0211148,74.0463731,6,12,20,812306,123,812306270
48768,"27.023189,77.561750,27.023229,77.561843,27.023247,77.561930,27.023267,77.561979",images/blockplantation/cacdc262-b5ef-4ad9-8e5a-3724c846df74.jpg,950,"Neem: 350, Seesam: 300, Karanj: 300",FALSE,2024-09-17 08:30:54.457906+05:30,2024-09-17 08:30:54.457934+05:30,1,5432,27.0232303,77.5617655,2,12,1,810508,105,810508330
48769,"27.392785,77.260020,27.392785,77.260020,27.392785,77.260020,27.392785,77.260020",images/blockplantation/35376ffb-1070-44e5-90a1-2cd62ff6709d.jpg,400,"Amrood: 58, Babool: 62, Imli: 38, Lemon: 78, Mango: 44, Neem: 120",FALSE,2024-09-17 10:00:03.927702+05:30,2024-09-17 10:00:03.927731+05:30,1,77679,27.3926045,77.2599713,2,7,1,810502,105,810502340
48770,"29.256195,73.604312,29.256090,73.604315,29.256155,73.604421,29.256337,73.604418,29.256392,73.604305",images/blockplantation/063399b5-e51a-4ceb-b2c1-96bb846ae20c.jpg,110,"Babool: 20, Khejri: 10, Moringa: 20, Neem: 40, Seesam: 20",FALSE,2024-09-17 12:02:53.898245+05:30,2024-09-17 12:02:53.898268+05:30,1,75315,29.256099,73.6043693,13,2,1.5,809908,99,809908030
48771,"29.247676,74.431608,29.247706,74.431584,29.247730,74.431585,29.247768,74.431551,29.247802,74.431501",images/blockplantation/46f388cf-1e5c-4321-a233-dabf3c0c34c8.jpg,144,"Neem: 60, Seesam: 80, Ber: 4",FALSE,2024-09-17 12:30:09.06829+05:30,2024-09-17 12:30:09.068313+05:30,1,44150,29.248076,74.431371,2,12,0.5,810005,100,810005050
48772,"25.206677,75.080756,25.206754,75.080686,25.207125,75.079825,25.207061,75.079824",images/blockplantation/aa7ec4df-3327-4eea-b277-31b88c7bb198.jpg,500,"JUNGLE JALEBI: 100, Kachnar: 100, Seesam: 100, Jamun: 100, Amaltas: 100",FALSE,2024-09-17 12:44:20.37969+05:30,2024-09-17 12:44:20.37971+05:30,1,32097,25.2067273,75.0806743,30,7,0.1,812208,122,812208090
48773,"27.557731,77.243203,27.557734,77.243205,27.557735,77.243198,27.557737,77.243192,27.557730,77.243177,27.557725,77.243157,27.557733,77.243120,27.557738,77.243114,27.557752,77.243099,27.557757,77.243093,27.557766,77.243083,27.557765,77.243083,27.557771,77.243076,27.557771,77.243076,27.557775,77.243071,27.557779,77.243063,27.557789,77.243046,27.557798,77.243027,27.557806,77.243011,27.557810,77.243003,27.557816,77.242989,27.557821,77.242978,27.557826,77.242968,27.557834,77.242955,27.557842,77.242938,27.557876,77.242857,27.557878,77.242852,27.557885,77.242831,27.557896,77.242812,27.557892,77.242804,27.557892,77.242804,27.557885,77.242800,27.557883,77.242798,27.557878,77.242792,27.557876,77.242791,27.557873,77.242789,27.557864,77.242786,27.557861,77.242786,27.557852,77.242786,27.557851,77.242786,27.557845,77.242784,27.557837,77.242782,27.557828,77.242780,27.557813,77.242774,27.557805,77.242770,27.557802,77.242768,27.557796,77.242765,27.557788,77.242761,27.557784,77.242757,27.557770,77.242741,27.557769,77.242745,27.557768,77.242745,27.557765,77.242745,27.557713,77.242756,27.557695,77.242773,27.557697,77.242772,27.557722,77.242745,27.557735,77.242732,27.557749,77.242732,27.557765,77.242749,27.557760,77.242764,27.557757,77.242772,27.557749,77.242814,27.557746,77.242817,27.557744,77.242817,27.557741,77.242818,27.557773,77.242801,27.557776,77.242802,27.557777,77.242805,27.557782,77.242809,27.557785,77.242813,27.557820,77.242832,27.557822,77.242853,27.557824,77.242857,27.557828,77.242859,27.557832,77.242863,27.557841,77.242872,27.557847,77.242875,27.557850,77.242878,27.557840,77.242907,27.557834,77.242911,27.557786,77.242921,27.557776,77.242891,27.557780,77.242883,27.557782,77.242874,27.557787,77.242850,27.557797,77.242829,27.557800,77.242819,27.557806,77.242812,27.557807,77.242809,27.557809,77.242807,27.557809,77.242804,27.557809,77.242800,27.557810,77.242796,27.557811,77.242790,27.557812,77.242779,27.557811,77.242771,27.557807,77.242764,27.557804,77.242764,27.557802,77.242765,27.557802,77.242764,27.557803,77.242761,27.557803,77.242761,27.557804,77.242746,27.557802,77.242748,27.557800,77.242748,27.557798,77.242746,27.557791,77.242740,27.557788,77.242738,27.557779,77.242736,27.557769,77.242738,27.557764,77.242742,27.557758,77.242743,27.557752,77.242743,27.557736,77.242737,27.557733,77.242733,27.557733,77.242732,27.557791,77.242748,27.557780,77.242939,27.557782,77.242952,27.557781,77.242959,27.557781,77.242964,27.557780,77.242969,27.557779,77.242979,27.557780,77.242983,27.557779,77.242987,27.557776,77.243000,27.557776,77.243007,27.557774,77.243020,27.557772,77.243027,27.557771,77.243034,27.557765,77.243051,27.557758,77.243067,27.557751,77.243083,27.557724,77.243111,27.557719,77.243144,27.557738,77.243171,27.557749,77.243196,27.557745,77.243223,27.557737,77.243241,27.557727,77.243265,27.557721,77.243283,27.557716,77.243291,27.557703,77.243310,27.557692,77.243369,27.557691,77.243374,27.557702,77.243397,27.557726,77.243406,27.557731,77.243417,27.557727,77.243427,27.557723,77.243439,27.557720,77.243447,27.557718,77.243454,27.557714,77.243460,27.557711,77.243469,27.557707,77.243476,27.557702,77.243485,27.557698,77.243491,27.557695,77.243497,27.557692,77.243505,27.557689,77.243521,27.557684,77.243532,27.557680,77.243547,27.557676,77.243568,27.557673,77.243583,27.557672,77.243592,27.557669,77.243607,27.557663,77.243616,27.557660,77.243622,27.557655,77.243633,27.557653,77.243638,27.557650,77.243645,27.557648,77.243657,27.557648,77.243670,27.557649,77.243692,27.557650,77.243696,27.557648,77.243703,27.557640,77.243742,27.557637,77.243752,27.557632,77.243773,27.557627,77.243783,27.557623,77.243794,27.557620,77.243802,27.557613,77.243814,27.557610,77.243824,27.557606,77.243837,27.557604,77.243845,27.557603,77.243858,27.557605,77.243872,27.557606,77.243879,27.557614,77.243897,27.557626,77.243931,27.557636,77.243944,27.557639,77.243949,27.557641,77.243954,27.557652,77.243947,27.557626,77.243902,27.557630,77.243881,27.557626,77.243869,27.557609,77.243845,27.557602,77.243836,27.557574,77.243840,27.557566,77.243845,27.557550,77.243858,27.557538,77.243873,27.557530,77.243890,27.557517,77.243895,27.557509,77.243892,27.557499,77.243898,27.557489,77.243909,27.557479,77.243919,27.557469,77.243930,27.557455,77.243949,27.557448,77.243957,27.557437,77.243976,27.557431,77.243982,27.557426,77.243984,27.557438,77.243926,27.557449,77.243911,27.557462,77.243903,27.557466,77.243904,27.557472,77.243904,27.557509,77.243896,27.557525,77.243893,27.557534,77.243892,27.557578,77.243884,27.557579,77.243881,27.557615,77.243887,27.557637,77.243889,27.557657,77.243883,27.557664,77.243883,27.557676,77.243883,27.557685,77.243880,27.557692,77.243877,27.557720,77.243861,27.557737,77.243844,27.557747,77.243832,27.557757,77.243816,27.557763,77.243802",images/blockplantation/015b3328-583b-40c4-aded-ebd6ba73fb57.jpg,300,Others: 300,FALSE,2024-09-17 12:51:45.474327+05:30,2024-09-17 12:51:45.474356+05:30,1,77604,27.5576216,77.2436145,2,9,0.2,0,0,0
48774,"25.206687,75.079550,25.206575,75.079837,25.206231,75.079705,25.206402,75.079407",images/blockplantation/10b97e36-d4a7-4bdc-8ee0-b6ddb3309a12.jpg,475,"Amaltas: 75, Arjun: 50, Harsingar: 75, Jamun: 50, JUNGLE JALEBI: 30, Kachnar: 50, Karanj: 50, Others: 95",FALSE,2024-09-17 12:57:24.635376+05:30,2024-09-17 12:57:24.635394+05:30,1,32097,25.2066738,75.0795716,30,7,0.9,812208,122,812208090
48775,"26.089053,76.379251,26.089128,76.379152,26.088817,76.379047,26.088715,76.379289,26.088623,76.379433",images/blockplantation/cdb18ec5-6c23-4bfd-a970-e653ab4778f8.jpg,520,"Arjun: 20, Bargad: 30, Gular: 10, Kachnar: 30, Kadam: 30, Kair: 50, Karanj: 40, Moringa: 30, Neem: 70, Peepal: 50, Seesam: 60, Others: 100",FALSE,2024-09-17 12:58:34.685495+05:30,2024-09-17 12:58:34.685516+05:30,1,3820,26.0889965,76.3797533,13,7,5,810806,108,810806060
48776,"25.206394,75.079411,25.206272,75.079743,25.206005,75.079608,25.206143,75.079328",images/blockplantation/de686b15-4641-4529-9e86-f84c78a4b18e.jpg,500,"Semal: 50, Others: 150, Kadamb: 50, Amaltas: 50, JUNGLE JALEBI: 75, Others: 50, Seesam: 75",FALSE,2024-09-17 13:02:50.093293+05:30,2024-09-17 13:02:50.093319+05:30,1,32097,25.2061371,75.0792997,30,7,0.08,812208,122,812208090
48777,"25.205828,75.079284,25.205870,75.079363,25.205798,75.079622,25.205677,75.079600",images/blockplantation/56651113-f0fd-4f3b-82b8-bb0415dc9963.jpg,500,"Others: 150, Jamun: 50, JUNGLE JALEBI: 100, Others: 75, Amaltas: 75, Arjun: 50",FALSE,2024-09-17 13:10:36.259633+05:30,2024-09-17 13:10:36.259661+05:30,1,32097,25.2058279,75.0792926,30,7,0.1,812208,122,812208090
48778,"24.038878,74.765319,24.038878,74.765319,24.038807,74.765325,24.038878,74.765318,24.038878,74.765319,24.038877,74.765316,24.038952,74.765321,24.038865,74.765297,24.038924,74.765397,24.038880,74.765361,24.038874,74.765363,24.038893,74.765333,24.038891,74.765349",images/blockplantation/beb5cf9a-3c00-4c57-9475-8af41236cba9.jpg,307,"Mango: 2, Mosambi: 1, Lemon: 1, Others: 3, Amrood: 300",FALSE,2024-09-17 13:11:31.235226+05:30,2024-09-17 13:11:31.235255+05:30,2,57444,24.0388784,74.7653181,2,4,1,813105,131,813105437
48779,"25.205710,75.079610,25.205769,75.079690,25.205673,75.079965,25.205505,75.080109",images/blockplantation/aebf7fbc-d3b3-4cd9-bf1a-db57730f97e5.jpg,500,"Others: 100, Jamun: 100, JUNGLE JALEBI: 75, Kachnar: 50, Karanj: 75, Seesam: 100",FALSE,2024-09-17 13:13:18.872577+05:30,2024-09-17 13:13:18.872605+05:30,1,32097,25.205725,75.0796302,30,7,0.1,812208,122,812208090
48780,"25.205543,75.080197,25.205656,75.080228,25.205482,75.080519,25.205352,75.080507",images/blockplantation/ad8f8231-f77c-4c27-9e73-bd178944a8d5.jpg,450,"Others: 150, Jamun: 50, JUNGLE JALEBI: 75, Kachnar: 75, Karanj: 50, Others: 50",FALSE,2024-09-17 13:16:17.62145+05:30,2024-09-17 13:16:17.621473+05:30,1,32097,25.2055043,75.079453,30,7,0.08,812208,122,812208090
48781,"26.092124,76.386479,26.091873,76.386452,26.091469,76.386305,26.091532,76.386086",images/blockplantation/bfcfdded-514f-4b6b-af2f-5ba0fcc780b7.jpg,530,"Amaltas: 19, Amla: 20, Arjun: 40, Bargad: 15, Gular: 10, Jamun: 15, Kadamb: 45, Karanj: 150, Lemon: 15, Mango: 10, Neem: 40, Peepal: 50, Sagon: 5, Seesam: 50, Others: 46",FALSE,2024-09-17 13:39:52.813199+05:30,2024-09-17 13:39:52.813227+05:30,1,3820,26.0915908,76.3861194,13,7,6,810806,108,810806060
48782,"26.644390,77.065930,26.644605,77.065825,26.645424,77.067300,26.645540,77.068508,26.645555,77.068808",images/blockplantation/379864a1-80a0-49bd-9a70-c41c5df994ae.jpg,5000,"Babool: 150, Neem: 1500, Peepal: 100, Siris: 150, Seesam: 250, Bargad: 100, Gular: 250, Others: 2500",FALSE,2024-09-17 14:27:37.88391+05:30,2024-09-17 14:27:37.883932+05:30,1,60811,26.644005,77.0685567,3,1,50,810701,107,810701480
48783,"26.644518,77.068978,26.644030,77.068602,26.643752,77.068233,26.643524,77.067542,26.643332,77.066965",images/blockplantation/4de83f6a-9bbd-40c2-886c-cf5cae8e2820.jpg,5000,"Babool: 150, Bargad: 100, Ber: 180, Gular: 350, Hingot: 250, Seesam: 100, Siris: 100, Neem: 1000, Others: 2770",FALSE,2024-09-17 14:37:14.169984+05:30,2024-09-17 14:37:14.17001+05:30,1,60811,26.6449301,77.0692919,3,1,50,810701,107,810701480
48784,"26.044524,76.353179,26.044557,76.353194,26.044573,76.353253,26.044549,76.353316",images/blockplantation/5185b8a4-2f26-43c8-be9d-45c67187544d.jpg,200,"Aak: 30, Babool: 20, Bargad: 4, Karanj: 60, Neem: 20, Seesam: 15, Others: 51",FALSE,2024-09-17 14:51:08.395128+05:30,2024-09-17 14:51:08.395152+05:30,1,3820,26.0445573,76.3532401,13,11,1,0,0,0
48785,"26.050147,76.353123,26.050146,76.353157,26.050166,76.353151,26.050211,76.353090",images/blockplantation/39896a84-4a47-4409-a506-bee33ad44ca7.jpg,150,"Aak: 50, Babool: 50, Others: 50",FALSE,2024-09-17 15:03:05.304274+05:30,2024-09-17 15:03:05.304303+05:30,1,3820,26.050133,76.3531869,13,6,1,810806,108,810806120
48786,"27.388979,77.176375,27.388979,77.176375,27.388979,77.176375,27.388979,77.176375",images/blockplantation/cf3d6e0e-fd44-4d75-af2b-4e8f0a44aa9b.jpg,100,"Bargad: 10, Neem: 20, Seesam: 50, Khejri: 10, Karanj: 10",FALSE,2024-09-18 08:10:34.648988+05:30,2024-09-18 08:10:34.649019+05:30,2,77681,27.3916986,77.1745779,2,7,0.5,810502,105,810502160
48787,"27.391699,77.174578,27.388807,77.176564,27.388979,77.176375,27.388979,77.176375",images/blockplantation/b9e950a2-281c-4818-bbab-2eb9e6df8ae1.jpg,200,"Karanj: 40, Babool: 20, Khejri: 40, Seesam: 50, Others: 50",FALSE,2024-09-18 08:17:24.862177+05:30,2024-09-18 08:17:24.862205+05:30,1,77681,27.3916986,77.1745779,2,7,0.5,810502,105,810502160
48788,"27.391699,77.174578,27.388979,77.176375,27.388640,77.176748,27.388758,77.176618",images/blockplantation/15627cb6-ddd1-4fbd-a450-87bf396d9caa.jpg,100,Others: 100,FALSE,2024-09-18 08:22:21.339402+05:30,2024-09-18 08:22:21.339432+05:30,1,77681,27.3890362,77.1763126,2,7,0.1,810502,105,810502160
48789,"26.107958,76.363088,26.107966,76.363138,26.107936,76.363151,26.107887,76.363141",images/blockplantation/f522c8f1-d0e3-4e04-95d0-4821862b6b7e.jpg,307,"Aak: 40, Amla: 20, Amrood: 30, Arjun: 10, Babool: 20, Bargad: 5, Jamun: 7, Kair: 50, Karanj: 40, Lemon: 10, Neem: 15, Peepal: 10, Seesam: 25, Others: 25",FALSE,2024-09-18 11:47:53.522191+05:30,2024-09-18 11:47:53.522212+05:30,1,3820,26.1079503,76.3631171,13,12,2,810806,108,810806270
48790,"27.216911,77.200055,27.216926,77.200080,27.217042,77.200024,27.217038,77.199927,27.217055,77.199918,27.217075,77.199925",images/blockplantation/cc60a08a-6825-4d4f-a273-34b3121a5234.jpg,500,"Amla: 80, Amrood: 70, Banyan: 80, Jamun: 70, Karanj: 100, Lemon: 50, Siris: 50",FALSE,2024-09-18 14:09:36.470865+05:30,2024-09-18 14:09:36.470887+05:30,1,77388,27.21706,77.1998616,2,7,2,810505,105,810505577
48791,"25.123730,74.727337,25.123676,74.727260,25.123899,74.726906,25.124225,74.726585,25.124595,74.725950,25.124814,74.725960,25.124723,74.726469,25.123947,74.727302,25.123801,74.727377,25.123741,74.727316",images/blockplantation/77bd3eca-703c-4ba3-a794-925376cb2b1f.jpg,1000,Others: 1000,FALSE,2024-09-18 14:09:49.593735+05:30,2024-09-18 14:09:49.593757+05:30,1,4758,25.1236854,74.7271761,9,3,5,812608,126,812608150
48792,"26.049397,76.413568,26.049681,76.412942,26.050061,76.413138,26.049848,76.413743,26.049348,76.413578",images/blockplantation/6211cfad-7e29-44ef-9b46-d7ff7cf53f83.jpg,250,"Amla: 10, Amrood: 10, Arjun: 5, Harsingar: 10, Jamun: 25, Kadam: 5, Karanj: 20, Neem: 15, Seesam: 15, Siris: 5, Others: 130",FALSE,2024-09-18 14:28:21.815323+05:30,2024-09-18 14:28:21.815352+05:30,1,3699,26.0494134,76.4135101,13,2,1,0,0,0
48793,"28.293241,74.036344,28.293242,74.036344,28.293243,74.036346,28.293246,74.036347,28.293248,74.036347,28.293250,74.036347,28.293253,74.036348,28.293253,74.036348,28.293255,74.036347,28.293257,74.036344,28.293258,74.036342,28.293258,74.036341,28.293257,74.036340,28.293255,74.036344,28.293255,74.036349,28.293254,74.036364,28.293253,74.036372,28.293250,74.036383,28.293249,74.036390,28.293247,74.036395,28.293245,74.036403,28.293245,74.036409,28.293245,74.036413,28.293244,74.036418,28.293243,74.036423,28.293241,74.036429,28.293233,74.036436,28.293228,74.036440,28.293223,74.036443,28.293216,74.036447,28.293208,74.036450,28.293203,74.036452,28.293193,74.036456,28.293187,74.036457,28.293182,74.036458,28.293176,74.036458,28.293168,74.036455,28.293164,74.036454,28.293155,74.036453,28.293154,74.036451,28.293153,74.036450,28.293156,74.036449,28.293159,74.036449,28.293157,74.036449,28.293153,74.036450,28.293148,74.036450,28.293144,74.036451,28.293136,74.036446,28.293130,74.036442,28.293118,74.036433,28.293115,74.036432,28.293108,74.036436,28.293108,74.036442,28.293112,74.036452,28.293116,74.036458,28.293118,74.036462,28.293122,74.036469,28.293129,74.036479,28.293140,74.036489,28.293144,74.036494,28.293157,74.036507,28.293168,74.036514,28.293178,74.036513,28.293180,74.036507,28.293179,74.036506,28.293178,74.036506,28.293177,74.036508,28.293177,74.036508,28.293177,74.036507,28.293177,74.036508,28.293177,74.036508,28.293178,74.036508,28.293178,74.036507,28.293178,74.036508,28.293178,74.036508,28.293178,74.036508,28.293178,74.036508,28.293178,74.036508,28.293178,74.036508,28.293178,74.036508,28.293178,74.036508,28.293178,74.036508,28.293178,74.036508,28.293178,74.036508,28.293178,74.036508,28.293178,74.036508,28.293178,74.036508,28.293178,74.036508,28.293178,74.036508,28.293178,74.036508,28.293178,74.036508,28.293178,74.036508,28.293179,74.036508,28.293178,74.036508,28.293178,74.036507,28.293179,74.036508,28.293178,74.036508,28.293178,74.036509,28.293178,74.036508,28.293178,74.036508,28.293178,74.036508,28.293178,74.036508,28.293178,74.036508,28.293178,74.036508,28.293178,74.036508,28.293172,74.036455,28.293172,74.036455,28.293171,74.036455,28.293172,74.036455,28.293172,74.036455,28.293172,74.036455,28.293172,74.036455,28.293162,74.036455,28.293162,74.036455,28.293162,74.036455,28.293162,74.036455,28.293162,74.036455,28.293162,74.036455,28.293162,74.036455,28.293162,74.036455,28.293162,74.036455,28.293162,74.036455,28.293162,74.036455",images/blockplantation/e17fbd79-d405-4d9c-b406-aa4974de9c8e.jpg,100,"Neem: 21, Rohida: 19, Safed Kikar: 35, Seesam: 25",FALSE,2024-09-18 22:03:47.807256+05:30,2024-09-18 22:03:47.807278+05:30,1,55208,28.293236,74.0362905,13,2,01-Feb,810102,101,810102410
48794,"27.741547,77.101984,27.741352,77.102975,27.740727,77.102887,27.740825,77.102153,27.741053,77.102086,27.741299,77.102073",images/blockplantation/6ed75218-7a5a-4967-8d13-24affb37300e.jpg,112,Babool: 112,FALSE,2024-09-19 08:11:50.889835+05:30,2024-09-19 08:11:50.889859+05:30,1,77007,27.74133,77.1020833,2,7,1,0,0,0
48795,"26.352490,76.853698,26.352455,76.853795,26.352379,76.853863,26.352469,76.853923,26.352580,76.854046,26.352628,76.854097",images/blockplantation/0eff375d-2c94-4603-bc8d-540f47580b16.jpg,200,"Aak: 5, Babool: 5, Bargad: 4, Gular: 3, Jamun: 3, Kadam: 20, Karanj: 30, Kikar: 9, Lemon: 20, Mango: 10, Neem: 31, Peepal: 9, Sagon: 11, Seesam: 3, Moringa: 11, Amla: 6, Bael: 5, Hingot: 5, Imli: 3, JUNGLE JALEBI: 7",FALSE,2024-09-19 09:55:25.224172+05:30,2024-09-19 09:55:25.224193+05:30,1,72484,26.3524565,76.8538591,13,7,1.1,810702,107,810702260
48796,"27.558015,77.243781,27.557948,77.243846,27.557939,77.243862,27.557924,77.243873,27.557942,77.243854,27.557949,77.243852,27.557956,77.243852,27.557957,77.243888,27.557944,77.243921,27.557938,77.243933,27.557949,77.243943,27.557948,77.243936,27.557943,77.243821,27.557955,77.243828,27.557956,77.243829,27.557957,77.243829,27.557958,77.243832,27.557959,77.243835,27.557963,77.243839,27.557969,77.243845,27.557974,77.243850,27.557979,77.243853,27.557986,77.243858,27.557991,77.243861,27.557996,77.243864,27.558003,77.243869,27.558005,77.243873,27.558010,77.243878,27.558014,77.243881,27.558014,77.243884,27.558015,77.243895,27.558009,77.243905,27.558002,77.243910,27.557994,77.243913,27.557982,77.243914,27.557961,77.243910,27.557956,77.243908,27.557950,77.243905,27.557946,77.243904,27.557942,77.243903,27.557937,77.243902,27.557927,77.243900,27.557911,77.243899,27.557908,77.243895,27.557913,77.243882,27.557914,77.243880,27.557919,77.243872,27.557921,77.243866,27.557924,77.243860,27.557928,77.243854,27.557931,77.243850,27.557935,77.243844,27.557937,77.243839,27.557939,77.243833,27.557940,77.243827,27.557941,77.243824,27.557946,77.243814,27.557950,77.243809,27.557958,77.243801,27.557966,77.243795,27.557970,77.243792,27.557976,77.243789,27.557980,77.243786,27.557987,77.243781,27.557993,77.243777,27.558001,77.243772,27.558003,77.243770,27.558006,77.243769,27.558018,77.243765,27.558025,77.243765,27.558029,77.243763,27.558034,77.243764,27.558038,77.243766,27.558040,77.243771,27.558040,77.243776,27.558040,77.243778,27.558031,77.243801,27.558028,77.243810,27.558025,77.243821,27.558023,77.243830,27.558023,77.243834,27.558022,77.243840,27.558019,77.243848,27.558016,77.243852,27.558011,77.243854,27.558001,77.243857,27.557997,77.243863,27.557993,77.243867,27.557966,77.243880,27.557961,77.243878,27.557955,77.243875,27.557950,77.243872,27.557945,77.243867,27.557942,77.243863,27.557941,77.243859,27.557942,77.243855,27.557943,77.243850,27.557946,77.243846,27.557953,77.243833,27.557956,77.243825,27.557959,77.243820,27.557962,77.243815,27.557965,77.243810,27.557966,77.243808,27.557971,77.243802,27.557975,77.243801,27.557980,77.243800,27.557983,77.243800,27.557985,77.243801,27.557997,77.243802,27.558006,77.243803,27.558016,77.243805,27.558043,77.243801,27.558046,77.243804,27.558046,77.243807,27.558043,77.243825,27.558040,77.243829,27.558035,77.243837,27.558031,77.243848,27.558028,77.243858,27.558022,77.243875,27.558018,77.243889,27.558012,77.243901,27.558004,77.243906,27.557997,77.243904,27.557991,77.243900,27.557982,77.243878,27.557981,77.243868,27.557983,77.243851,27.557987,77.243842,27.557994,77.243831,27.558005,77.243822,27.558008,77.243820,27.558017,77.243812,27.558021,77.243809,27.558032,77.243800,27.558039,77.243795,27.558047,77.243781,27.558050,77.243769,27.558052,77.243760,27.558053,77.243751,27.558049,77.243744,27.558045,77.243741,27.558040,77.243737,27.558032,77.243731,27.558000,77.243727,27.557993,77.243729,27.557990,77.243730,27.557964,77.243762,27.557952,77.243780,27.557948,77.243789,27.557944,77.243800,27.557942,77.243813,27.557940,77.243835,27.557935,77.243846,27.557931,77.243853,27.557923,77.243865,27.557939,77.243906,27.557948,77.243906,27.557969,77.243903,27.557978,77.243897,27.557985,77.243883,27.557986,77.243878,27.557990,77.243863,27.557996,77.243830,27.558000,77.243802,27.558004,77.243777,27.558008,77.243764,27.558013,77.243759,27.558030,77.243745,27.558030,77.243736,27.558029,77.243734,27.558027,77.243731,27.558022,77.243726,27.558006,77.243725,27.557999,77.243732,27.557980,77.243764,27.557973,77.243781,27.557965,77.243806,27.557962,77.243811,27.557955,77.243831,27.557953,77.243839,27.557956,77.243862,27.557953,77.243869,27.557948,77.243890,27.557947,77.243896,27.557946,77.243902,27.557945,77.243921,27.557951,77.243923,27.557959,77.243920,27.557963,77.243918,27.557970,77.243917,27.557976,77.243916,27.557990,77.243894,27.557992,77.243883,27.557994,77.243876,27.557997,77.243864,27.557997,77.243855,27.558014,77.243803,27.558016,77.243783,27.557980,77.243764,27.557934,77.243819,27.557929,77.243831,27.557923,77.243872,27.557924,77.243883,27.557925,77.243895,27.557930,77.243923,27.557940,77.243962,27.557935,77.243975,27.557920,77.244000,27.557915,77.244003,27.557906,77.244008,27.557898,77.244015,27.557891,77.244026,27.557885,77.244039,27.557878,77.244045,27.557871,77.244045,27.557862,77.244042,27.557853,77.244036,27.557845,77.244032,27.557834,77.244028,27.557823,77.244023,27.557817,77.244010,27.557816,77.243993,27.557815,77.243974,27.557808,77.243964,27.557798,77.243960,27.557779,77.243958,27.557766,77.243955,27.557760,77.243954,27.557753,77.243942,27.557756,77.243932,27.557764,77.243923,27.557775,77.243873,27.557770,77.243855,27.557767,77.243845,27.557751,77.243818,27.557737,77.243791,27.557740,77.243775,27.557752,77.243753,27.557762,77.243748,27.557779,77.243725,27.557778,77.243725,27.557775,77.243718,27.557774,77.243717,27.557770,77.243712,27.557766,77.243701,27.557764,77.243698,27.557768,77.243676,27.557782,77.243660,27.557795,77.243675,27.557798,77.243680,27.557804,77.243684,27.557820,77.243701,27.557819,77.243703,27.557821,77.243716,27.557821,77.243732,27.557815,77.243747,27.557802,77.243769,27.557805,77.243816,27.557803,77.243824,27.557802,77.243849,27.557800,77.243858,27.557773,77.243899,27.557769,77.243908,27.557769,77.243924,27.557799,77.243962,27.557801,77.243966,27.557812,77.243976,27.557826,77.243978,27.557843,77.243981,27.557852,77.243980,27.557876,77.243981,27.557887,77.243978,27.557899,77.243980,27.557907,77.243989,27.557915,77.244001,27.557940,77.244012,27.557949,77.244014,27.557959,77.244017,27.557974,77.244017,27.557979,77.243985,27.557983,77.243982,27.557991,77.243963,27.557983,77.243918,27.557986,77.243895,27.557999,77.243865,27.558010,77.243856,27.558024,77.243805,27.558024,77.243791,27.558019,77.243765,27.558002,77.243755,27.557987,77.243753,27.557965,77.243757,27.557933,77.243750,27.557916,77.243740,27.557908,77.243734,27.557898,77.243727,27.557878,77.243744,27.557880,77.243766,27.557888,77.243795,27.557899,77.243822,27.557898,77.243841,27.557903,77.243860,27.557918,77.243887,27.557945,77.243889,27.557981,77.243892,27.558017,77.243877,27.558037,77.243878,27.558056,77.243871,27.558077,77.243872,27.558086,77.243906,27.558076,77.243910,27.558067,77.243910,27.558024,77.243862,27.558009,77.243840,27.558017,77.243800,27.558019,77.243768,27.557999,77.243713,27.558001,77.243698,27.558022,77.243670,27.558021,77.243681,27.558010,77.243688,27.557990,77.243703,27.557983,77.243672,27.557973,77.243685,27.557986,77.243706,27.558023,77.243727,27.558032,77.243752,27.558032,77.243777,27.558024,77.243799,27.558023,77.243804,27.558021,77.243813,27.558002,77.243832,27.557984,77.243854,27.557972,77.243889,27.557949,77.243927,27.557919,77.243940,27.557882,77.243991,27.557864,77.243984,27.557855,77.243971,27.557812,77.243942,27.557842,77.243915,27.557869,77.243913,27.557893,77.243907,27.557924,77.243899,27.557937,77.243888,27.557952,77.243881,27.557970,77.243853,27.557978,77.243778,27.557953,77.243762,27.557929,77.243766,27.557871,77.243795,27.557897,77.243839,27.557933,77.243843,27.557961,77.243834,27.558009,77.243881,27.558013,77.243898,27.558005,77.243919,27.557977,77.243903,27.557976,77.243873,27.557976,77.243842,27.557978,77.243810,27.557980,77.243748,27.557957,77.243755,27.557949,77.243785,27.557944,77.243825,27.557942,77.243872,27.557935,77.243887,27.557948,77.243901,27.557987,77.243905,27.558005,77.243791,27.558007,77.243747,27.557983,77.243715,27.557952,77.243705,27.557934,77.243705,27.557921,77.243712,27.557917,77.243720,27.557856,77.243770,27.557812,77.243772,27.557809,77.243813,27.557811,77.243859,27.557826,77.243901,27.557861,77.243919,27.557928,77.243890,27.557969,77.243810,27.558026,77.243764,27.558032,77.243713,27.558003,77.243698",images/blockplantation/36e60943-c4d3-4c1c-ac09-3b423e33193a.jpg,308,"Jamun: 10, Others: 298",FALSE,2024-09-19 10:48:42.924676+05:30,2024-09-19 10:48:42.924695+05:30,1,77604,27.5580242,77.2437808,2,7,0.6,0,0,0
48797,"25.103390,76.504386,25.103346,76.504454,25.103315,76.504520,25.103257,76.504649,25.103241,76.504746,25.103238,76.504885,25.103259,76.504905,25.103305,76.504931,25.103307,76.505025,25.103291,76.505079,25.103274,76.505183,25.103253,76.505239,25.103274,76.505324,25.103334,76.505337,25.103399,76.505355,25.103431,76.505363,25.103494,76.505467,25.103506,76.505467",images/blockplantation/d98b4108-30e6-41f7-88cb-1884a4059535.jpg,550,"Imli: 100, Karanj: 100, Neem: 150, Others: 200",FALSE,2024-09-19 11:11:28.064727+05:30,2024-09-19 11:11:28.064752+05:30,1,32035,25.1034941,76.5054672,30,2,0,812803,128,812803597
48798,"27.167588,77.354911,27.167587,77.354912,27.167580,77.354910,27.167582,77.354907",images/blockplantation/61502ef5-df08-41e8-879a-2503e0a27759.jpg,300,"Karanj: 100, Chokar: 100, Dhak: 50, Google: 50",FALSE,2024-09-19 12:32:38.53361+05:30,2024-09-19 12:32:38.533639+05:30,2,77076,27.167591,77.3548909,2,7,1,810509,105,810509220
48799,"27.167591,77.354923,27.167609,77.354918,27.167611,77.354922,27.167620,77.354931",images/blockplantation/e46616aa-e665-402f-af52-cb87bdfda02e.jpg,300,"Neem: 100, Palash: 50, Safed Kikar: 100, Semal: 50",FALSE,2024-09-19 12:34:14.377078+05:30,2024-09-19 12:34:14.377112+05:30,2,77076,27.1675935,77.354898,2,7,0.5,810509,105,810509220
48800,"27.167583,77.354826,27.167581,77.354827,27.167589,77.354833,27.167611,77.354845,27.167575,77.354849,27.167573,77.354848",images/blockplantation/abae4997-017f-4002-9e9e-a1425587edcd.jpg,100,Babool: 100,FALSE,2024-09-19 12:36:17.483926+05:30,2024-09-19 12:36:17.483947+05:30,1,77234,27.167583,77.3548267,2,9,1,810509,105,810509220
48801,"27.167620,77.354891,27.167619,77.354897,27.167619,77.354901,27.167615,77.354902",images/blockplantation/38b3bac5-2086-4f28-a7e2-8ca4eaef9d9f.jpg,250,"Dhonk: 100, Imli: 50, JUNGLE JALEBI: 100",FALSE,2024-09-19 12:37:28.30147+05:30,2024-09-19 12:37:28.301494+05:30,2,77234,27.1686654,77.3602577,2,7,0.5,810509,105,810509220
48802,"27.167583,77.354901,27.167606,77.354910,27.167610,77.354916,27.167619,77.354933",images/blockplantation/f57cc4cb-e436-467f-bc00-27fd45832359.jpg,600,"Babool: 50, Bahera: 100, Chokar: 100, Gular: 100, Jamun: 50, Kair: 50, Kikar: 50, Moringa: 100",FALSE,2024-09-19 12:39:19.75794+05:30,2024-09-19 12:39:19.757962+05:30,2,77076,27.167543,77.3548992,2,7,2,810509,105,810509220
48803,"26.837126,75.833773,26.837126,75.833773,26.837126,75.833773,26.837126,75.833773",images/blockplantation/190d1f38-e32b-4129-85bc-56bc33b699dd.jpg,200,Amaltas: 200,FALSE,2024-09-19 16:22:08.262071+05:30,2024-09-19 16:22:08.262099+05:30,1,781,26.83712643,75.83377283,15,1,0.2,811013,110,811013847
48804,"26.837126,75.833773,26.837126,75.833773,26.837126,75.833773,26.837126,75.833773",images/blockplantation/1f0b6804-763a-4e91-8088-88587b5e0325.jpg,100,Amrood: 100,FALSE,2024-09-19 16:25:47.897742+05:30,2024-09-19 16:25:47.897771+05:30,1,781,26.83712643,75.83377283,1,2,2.5,811013,110,811013847
48805,"26.837126,75.833773,26.837126,75.833773,26.837126,75.833773,26.837126,75.833773",images/blockplantation/deaa056a-2ebe-4992-ba8c-392ca70ca29c.jpg,100,Aak: 100,FALSE,2024-09-19 16:28:16.485207+05:30,2024-09-19 16:28:16.485233+05:30,1,781,26.83712643,75.83377283,1,1,0.2,811013,110,811013847
48806,"26.837126,75.833773,26.837126,75.833773,26.837126,75.833773,26.837126,75.833773",images/blockplantation/c0e61d67-c46d-46c0-80be-eab93be34e17.jpg,100,Aak: 100,FALSE,2024-09-19 16:32:42.867423+05:30,2024-09-19 16:32:42.86745+05:30,1,781,26.83712643,75.83377283,16,1,1,811013,110,811013847
48807,"26.837126,75.833773,26.837126,75.833773,26.837126,75.833773,26.837126,75.833773",images/blockplantation/bd85327c-458e-499f-8648-ab6511b5b08e.jpg,100,Arjun: 100,FALSE,2024-09-19 16:36:05.0301+05:30,2024-09-19 16:36:05.030144+05:30,2,781,26.83712643,75.83377283,2,2,1,811013,110,811013847
48808,"26.837126,75.833773,26.837126,75.833773,26.837126,75.833773,26.837126,75.833773",images/blockplantation/108a1169-382d-4353-89e6-ffc0987be6a8.jpg,150,Amla: 150,FALSE,2024-09-19 16:38:10.589216+05:30,2024-09-19 16:38:10.589241+05:30,1,781,26.83712643,75.83377283,16,10,2,811013,110,811013847
48809,"25.653740, 74.267683,25.654025, 74.267714,25.654218, 74.267819,25.655069, 74.268185,25.655100, 74.268050,25.655187, 74.267745,25.655132, 74.267548,25.655137, 74.267136,25.654925, 74.267047,25.662929, 74.275335,25.654913, 74.267043,25.654336, 74.266410,25.654136, 74.266335,25.653967, 74.266357,25.653610, 74.266162,25.653288, 74.266220,25.653022, 74.266097,25.652715, 74.266075,25.652714, 74.266298,25.652677, 74.266444,25.652689, 74.266777,25.652713, 74.267029,25.652721, 74.267220,25.652894, 74.267321,25.652998, 74.267354,25.653110, 74.267397,25.653387, 74.267462,25.653618, 74.267583,25.653700, 74.267629",images/blockplantation/f2bb8b3b-5961-423b-9783-c497387ee620.jpg,1200,"Neem,Karanj,Shesham,Aanvala",FALSE,2024-09-19 17:03:40.832599+05:30,2024-09-19 17:03:40.832627+05:30,1,77797,25.6536889,74.2676958,9,3,4,812201,122,812201380
48810,"27.420361,76.959421,27.420313,76.959643,27.420189,76.959822,27.420083,76.959900,27.420084,76.959559,27.419943,76.959457,27.419702,76.959299,27.419887,76.959046,27.420116,76.959218,27.420344,76.959393",images/blockplantation/40081c70-8cf8-407a-9ef1-2a7cfb3c2e7c.jpg,150,"Amla: 111, Lemon: 20, Others: 19",FALSE,2024-09-19 17:06:10.828583+05:30,2024-09-19 17:06:10.828602+05:30,1,574,27.4203078,76.959371,24,4,1,810506,105,810506140
48811,"27.204527,77.502509,27.204536,77.502473,27.204568,77.502363,27.204609,77.502291",images/blockplantation/b15b9960-c113-45e1-8e71-f3aada37ad6d.jpg,100,Bael: 100,FALSE,2024-09-20 10:31:33.130676+05:30,2024-09-20 10:31:33.130702+05:30,1,75500,27.2045732,77.5024915,30,5,0.02,810509,105,810509230
48812,"28.015206,73.786377,28.015189,73.785920,28.014646,73.785989,28.014779,73.786426,28.014848,73.786194",images/blockplantation/5c089ee5-f8ab-437e-8294-d66dc5a8fa42.jpg,397,"Neem: 200, Neemuch: 100, Ardu: 60, Seesam: 37",FALSE,2024-09-20 12:14:45.252418+05:30,2024-09-20 12:14:45.252438+05:30,1,77792,28.0150812,73.7864398,6,12,1.5,810102,101,810102100
48813,"25.991838,76.328590,25.991837,76.328588,25.991808,76.328549,25.991792,76.328496",images/blockplantation/75cc68ed-c591-46fd-86e1-f9468a685903.jpg,174,"Neem: 100, Seesam: 74",FALSE,2024-09-20 13:54:50.682295+05:30,2024-09-20 13:54:50.68232+05:30,1,3337,25.9918616,76.3284955,13,12,0.5,810806,108,810806110
48814,"25.991714,76.328646,25.991725,76.328644,25.991743,76.328654,25.991774,76.328674",images/blockplantation/e8e958d6-5fab-42f3-b726-e5af0677f259.jpg,250,"Amaltas: 75, Babool: 100, Google: 75",FALSE,2024-09-20 13:59:53.258025+05:30,2024-09-20 13:59:53.258056+05:30,1,3337,25.9915862,76.3286353,13,12,0.5,810806,108,810806110
48815,"25.991888,76.328615,25.991889,76.328615,25.991916,76.328653,25.991941,76.328671",images/blockplantation/8bb4339e-bf67-4491-a245-b8edfe0950b5.jpg,250,"Babool: 100, Neem: 100, Seesam: 50",FALSE,2024-09-20 14:07:54.27618+05:30,2024-09-20 14:07:54.276213+05:30,1,3337,25.99183,76.3286888,13,12,0.5,810806,108,810806110
48816,"25.991888,76.328615,25.991889,76.328615,25.991916,76.328653,25.991941,76.328671",images/blockplantation/ac5f4879-8635-47bc-a817-0083663ba81b.jpg,250,"Babool: 100, Neem: 100, Seesam: 50",FALSE,2024-09-20 14:09:08.027122+05:30,2024-09-20 14:09:08.027149+05:30,1,3337,25.99183,76.3286888,13,12,0.5,810806,108,810806110
48817,"25.663299, 74.227978,25.663203, 74.227938,25.663182, 74.227922,25.663075, 74.227985,25.662571, 74.227815,25.662157, 74.227560,25.662115, 74.227515,25.662115, 74.227515,25.661527, 74.228355,25.661825, 74.228354,25.661963, 74.228555,25.662243, 74.228860,25.662492, 74.229010,25.662794, 74.229406,25.663173, 74.229336,25.663187, 74.229299,25.663262, 74.228951,25.663316, 74.228766",images/blockplantation/46cbaf5f-d7b4-4951-8011-a2d479fa536d.jpg,1000,"Neem,Shisham,Karanj,Gulmohar,Pipal,Aawala,Ber",FALSE,2024-09-20 15:34:46.888672+05:30,2024-09-20 15:34:46.888694+05:30,1,77797,25.661804,74.2284663,9,3,4,0,0,0
48818,"24.704430,74.219279,24.704741,74.219080,24.704965,74.218949,24.705184,74.218767,24.705381,74.218569,24.705457,74.218427,24.705483,74.218240,24.705397,74.218098,24.705161,74.218208,24.704776,74.218270,24.704408,74.218386,24.704034,74.218353,24.703701,74.218268,24.703265,74.218283,24.703300,74.218665,24.703515,74.218873,24.703533,74.219256,24.703695,74.219532,24.703915,74.219747,24.704095,74.219584,24.704345,74.219381",images/blockplantation/f93c3996-b6e2-4191-8c9a-2dcf31aca303.jpg,300,"Amla: 145, Jamun: 53, Bael: 45, Others: 57",FALSE,2024-09-20 15:39:20.291375+05:30,2024-09-20 15:39:20.291396+05:30,1,2594,24.7043562,74.2193479,9,3,5,812605,126,812605180
48819,"24.704430,74.219279,24.704741,74.219080,24.704965,74.218949,24.705184,74.218767,24.705381,74.218569,24.705457,74.218427,24.705483,74.218240,24.705397,74.218098,24.705161,74.218208,24.704776,74.218270,24.704408,74.218386,24.704034,74.218353,24.703701,74.218268,24.703265,74.218283,24.703300,74.218665,24.703515,74.218873,24.703533,74.219256,24.703695,74.219532,24.703915,74.219747,24.704095,74.219584,24.704345,74.219381",images/blockplantation/1666bd3d-a44d-4c74-8079-81066445639c.jpg,300,"Amla: 145, Jamun: 53, Bael: 45, Others: 57",FALSE,2024-09-20 15:39:29.660084+05:30,2024-09-20 15:39:29.660104+05:30,1,2594,24.7043562,74.2193479,9,3,5,812605,126,812605180
48820,"27.771101,74.032335,27.771215,74.032259,27.771190,74.032091,27.771196,74.032268",images/blockplantation/ac18974e-acc0-4218-838b-e08d407e73b5.jpg,300,"Ber: 100, Khejri: 100, Neem: 50, Others: 50",FALSE,2024-09-20 16:11:54.300447+05:30,2024-09-20 16:11:54.300469+05:30,1,77254,27.7711117,74.0323984,6,7,2,810102,101,810102360
48821,"27.771101,74.032335,27.771215,74.032259,27.771190,74.032091,27.771196,74.032268",images/blockplantation/8aa04a77-d4b0-46a9-995b-9cf77f14632d.jpg,300,"Ber: 100, Khejri: 100, Neem: 50, Others: 50",FALSE,2024-09-20 16:11:54.434359+05:30,2024-09-20 16:11:54.434382+05:30,1,77254,27.7711117,74.0323984,6,7,2,810102,101,810102360
48822,"26.837032,75.833649,26.837026,75.833705,26.837020,75.833726,26.837006,75.833695",images/blockplantation/4d0ec9a0-0c27-4ce9-822e-4335d797cb5c.jpg,100,Amaltas: 100,FALSE,2024-09-20 16:32:52.923829+05:30,2024-09-20 16:32:52.923851+05:30,1,75540,26.8370144,75.83367788,1,10,0.3,811013,110,811013847
48823,"26.837038,75.833671,26.837040,75.833777,26.837147,75.833863,26.837052,75.833781",images/blockplantation/15abf7c8-4e78-4554-ae73-a1c801c80e41.jpg,100,Amrood: 100,FALSE,2024-09-20 16:34:35.107165+05:30,2024-09-20 16:34:35.107188+05:30,1,75540,26.8370225,75.83377674,1,10,0.3,811013,110,811013847
48824,"25.864238,76.460466,25.854477,76.454682,25.854477,76.454682,25.854458,76.454689,25.854472,76.454696,25.854472,76.454696,25.854469,76.454689,25.854478,76.454717,25.854478,76.454717",images/blockplantation/aa9cc6f7-47b4-456e-aa2b-edaaa354e013.jpg,100,"Neem: 50, Karanj: 25, Mango: 10, Seesam: 15",FALSE,2024-09-20 17:11:48.926939+05:30,2024-09-20 17:11:48.926962+05:30,2,3124,25.854528,76.4547206,6,7,0.75,810805,108,810805250
48825,"27.398617,77.410542,27.398621,77.410554,27.398638,77.410576,27.398663,77.410606",images/blockplantation/fb12611f-2bc8-46da-bc0a-d63ac26c0338.jpg,500,Others: 500,FALSE,2024-09-21 07:35:25.18301+05:30,2024-09-21 07:35:25.183045+05:30,1,77599,27.3985881,77.4105648,2,9,0.5,810502,105,810502220
48826,"24.631928,71.827323,24.631922,71.827292,24.631923,71.827262,24.631905,71.827257,24.631893,71.827256",images/blockplantation/687d8e75-dbd0-4480-9316-ef450dcfd3a3.jpg,100,Seesam: 100,FALSE,2024-09-21 07:50:53.174449+05:30,2024-09-21 07:50:53.174474+05:30,1,25691,24.6320208,71.8273684,2,7,1.2,811607,116,811607360
48827,"24.632632,71.827566,24.632659,71.827555,24.632675,71.827545,24.632716,71.827529",images/blockplantation/a7857fe2-2fb9-4520-adb3-f6e199591408.jpg,100,Neem: 100,FALSE,2024-09-21 07:54:32.648016+05:30,2024-09-21 07:54:32.648042+05:30,1,25691,24.632641,71.8275496,2,7,1.2,811607,116,811607360
48828,"27.719573,77.063200,27.719592,77.063200,27.719592,77.063200,27.719592,77.063200",images/blockplantation/76034e35-0a65-45c8-b018-1e4607fd588b.jpg,100,"Aak: 25, Ardu: 25, Babool: 25, Jamun: 25",FALSE,2024-09-21 08:35:25.228451+05:30,2024-09-21 08:35:25.228483+05:30,1,77820,27.7195733,77.0632,2,7,1,810507,105,810507070
48829,"25.205705,74.028963,25.206083,74.028707,25.206348,74.028207,25.207495,74.027715,25.208504,74.029147,25.207740,74.029113,25.207049,74.028893,25.206565,74.028707,25.206000,74.028888",images/blockplantation/1b594553-40a9-4448-b129-280445f6ba59.jpg,500,"Ber: 100, Kachnar: 50, Neem: 100, Seesam: 50, Peepal: 50, Safed Kikar: 50, Karanj: 50, Lemon: 50",FALSE,2024-09-21 13:31:08.494814+05:30,2024-09-21 13:31:08.494841+05:30,1,77825,25.2058311,74.0289843,9,3,5,812301,123,812301130
48830,"25.244043,74.009610,25.245177,74.008529,25.245600,74.010030,25.245731,74.011259,25.245085,74.010583",images/blockplantation/54ce7dd5-07a5-4e40-a935-d7a668d4c03b.jpg,300,"Babool: 50, Ber: 100, Neem: 50, Seesam: 50, Karanj: 50",FALSE,2024-09-21 14:03:46.508811+05:30,2024-09-21 14:03:46.508843+05:30,1,77825,25.2450466,74.0095083,9,3,5,812301,123,812301180
48831,"25.268719,74.012843,25.269277,74.011464,25.269905,74.009665,25.270942,74.009996,25.270504,74.011664",images/blockplantation/52f8cdcb-3dc7-49cd-8f9f-69b3bffb79fa.jpg,700,"Babool: 50, Bael: 50, Amrood: 50, Jamun: 10, Karanj: 50, Lemon: 30, Amla: 300, Mango: 10, Neem: 50, Palash: 50, Seesam: 50",FALSE,2024-09-21 14:34:18.640232+05:30,2024-09-21 14:34:18.640256+05:30,1,77825,25.2694989,74.0114732,9,3,5,812301,123,812301080
48832,"25.279970,73.982083,25.280720,73.981037,25.281165,73.979674,25.280556,73.979704,25.279528,73.978919,25.279219,73.979275,25.278562,73.980717,25.278791,73.981331,25.279654,73.981865,25.279368,73.981146",images/blockplantation/ebe23ccb-5dd9-4a11-a94d-e9838b8c74d9.jpg,600,"Babool: 150, Ber: 50, Karanj: 100, Lemon: 50, Safed Kikar: 50, Seesam: 100, Neem: 50, Peepal: 10, Amla: 40",FALSE,2024-09-21 15:06:25.889291+05:30,2024-09-21 15:06:25.889324+05:30,1,77825,25.2788253,73.9808668,9,3,5,812301,123,812301060
48833,"25.292157,73.978894,25.291074,73.981704,25.294107,73.980041,25.293462,73.983639,25.293916,73.980697",images/blockplantation/3a5c0659-30d3-4ee4-8002-ee839c17d413.jpg,700,"Babool: 100, Ber: 50, Karanj: 100, Lemon: 50, Peepal: 50, Seesam: 50, Palash: 50, Kachnar: 50, Amla: 100, Banyan: 10, Bael: 30, Kair: 10, Neem: 50",FALSE,2024-09-21 15:29:53.488383+05:30,2024-09-21 15:29:53.488409+05:30,1,77825,25.2939584,73.9807131,9,3,5,812301,123,812301120
48834,"25.320790,74.017343,25.319776,74.014934,25.319496,74.013926,25.318891,74.014516,25.318764,74.015111,25.317632,74.016892,25.318089,74.017501,25.288435,74.021750",images/blockplantation/997f476e-0826-488c-a856-c75d64974dc2.jpg,700,"Babool: 150, Ber: 100, Neem: 50, Palash: 100, Seesam: 100, Amla: 100, Jamun: 100",FALSE,2024-09-21 16:14:57.490675+05:30,2024-09-21 16:14:57.490697+05:30,1,77825,25.3201141,74.0169181,9,3,5,812301,123,812301170
48835,"27.432170,77.323448,27.432170,77.323448,27.432170,77.323448,27.432170,77.323448",images/blockplantation/c26cca14-cc2b-4375-90d9-6b3a415b4970.jpg,200,"Amaltas: 100, Harsingar: 100",FALSE,2024-09-24 11:54:42.517184+05:30,2024-09-24 11:54:42.517203+05:30,1,77645,27.4303917,77.3231207,2,7,0.1,810502,105,810502350
48836,"26.286674,75.372036,26.286672,75.372043,26.286672,75.372043,26.286671,75.372042",images/blockplantation/5ca56d01-5fa4-4eec-981b-c88084bffd7b.jpg,150,Kikar: 150,FALSE,2024-09-24 12:42:45.131739+05:30,2024-09-24 12:42:45.131762+05:30,1,29246,26.2866446,75.3719752,13,12,2,812002,120,812002228
48837,"26.617062,76.276305,26.616420,76.277964,26.616073,76.279340,26.615780,76.280530,26.615211,76.282117,26.614085,76.283578",images/blockplantation/57159d76-eae4-4272-b453-fccb73e01a54.jpg,100,"Karanj: 50, Neem: 30, Peepal: 20",FALSE,2024-09-24 12:50:56.157581+05:30,2024-09-24 12:50:56.157607+05:30,1,14415,26.6132174,76.2845455,7,9,1,810903,109,810903350
48838,"27.204297,77.502404,27.204245,77.502316,27.204243,77.502310,27.204247,77.502297",images/blockplantation/a9b07a18-0b38-4cec-8043-3b013a2ac4e3.jpg,100,Bael: 100,FALSE,2024-09-24 14:49:27.069238+05:30,2024-09-24 14:49:27.069259+05:30,1,75500,27.2043051,77.5024031,30,5,0.02,810509,105,810509230
48839,"24.869277,75.956413,24.869697,75.956579,24.869557,75.956825,24.869206,75.956630",images/blockplantation/f0e2d604-72c9-4536-8dd3-54afef0747fc.jpg,600,Orange: 600,FALSE,2024-09-24 15:34:19.255449+05:30,2024-09-24 15:34:19.255473+05:30,1,15869,24.8691767,75.9567667,24,4,2,812703,127,812703110
48840,"24.860586,75.960588,24.861033,75.960663,24.861090,75.960098,24.860688,75.960077",images/blockplantation/eaafb5cd-d6d5-4eb7-942c-3dcca285d224.jpg,900,Orange: 900,FALSE,2024-09-24 15:34:43.820021+05:30,2024-09-24 15:34:43.820048+05:30,1,15869,24.8606999,75.9600861,24,4,3,812703,127,812703110
48841,"24.887616,75.919844,24.888145,75.919519,24.888304,75.918649,24.887727,75.918565",images/blockplantation/403b1289-20b6-4407-94e7-19678dec75d9.jpg,1100,"Lemon: 500, Karanj: 300, Amrood: 300",FALSE,2024-09-24 15:34:57.272594+05:30,2024-09-24 15:34:57.272617+05:30,2,15869,24.8876017,75.9188333,24,4,3.5,812703,127,812703040
48842,"24.887303,75.916486,24.887317,75.917245,24.887685,75.917072,24.887635,75.916710",images/blockplantation/5909310e-8fbe-43f0-bcb9-502c70173937.jpg,500,Orange: 500,FALSE,2024-09-24 15:35:06.545971+05:30,2024-09-24 15:35:06.545994+05:30,1,15869,24.887317,75.917222,24,4,1.7,812703,127,812703040
48843,"24.986703,75.867400,24.987154,75.866737,24.986777,75.866279,24.986371,75.867147",images/blockplantation/08acd4b0-77e6-446b-8b21-87ffd786d17f.jpg,8000,Neem: 8000,FALSE,2024-09-24 15:36:14.616797+05:30,2024-09-24 15:36:14.616819+05:30,1,15869,24.9865817,75.8673333,24,4,5,0,0,0
48844,"24.942626,75.799331,24.942085,75.801157,24.943250,75.805767,24.941741,75.804787,24.939705,75.804382,24.938183,75.802982,24.937746,75.801353,24.936418,75.798955,24.936025,75.798432,24.935864,75.798029,24.936496,75.797734,24.936243,75.797154,24.940250,75.798764,24.942622,75.798995",images/blockplantation/83342ae4-c8d6-47ef-8f29-8d79634d5436.jpg,36000,"Amla: 2000, Arjun: 2000, Imli: 1000, JUNGLE JALEBI: 10000, Khair: 5000, Neem: 2000, Palash: 7000, Others: 7000",FALSE,2024-09-24 18:29:58.179778+05:30,2024-09-24 18:29:58.179801+05:30,1,57897,24.9426231,75.8052347,3,1,30,0,0,0
48845,"27.390442,77.402120,27.390478,77.402151,27.390535,77.402198,27.390595,77.402249",images/blockplantation/143561f5-f18b-43ac-b698-3ac901b8de3e.jpg,440,Others: 440,FALSE,2024-09-25 08:27:35.020287+05:30,2024-09-25 08:27:35.020309+05:30,2,77599,27.3781247,77.3875281,2,9,0.5,810504,105,810504330
48846,"27.432310,77.323468,27.432310,77.323468,27.432310,77.323468,27.432310,77.323468",images/blockplantation/bd719118-6e53-40e2-94fd-c9cb530e596e.jpg,175,Kikar: 175,FALSE,2024-09-25 08:36:25.230241+05:30,2024-09-25 08:36:25.230265+05:30,1,23032,27.4322167,77.3234867,2,8,5,810502,105,810502350
48847,"27.746567,77.132597,27.745593,77.132502,27.745212,77.133050,27.745817,77.133409",images/blockplantation/b06a835b-e5e1-4d0a-94f9-d4855148bb5d.jpg,2000,"Amrood: 200, Bael: 250, Bargad: 250, Dhak: 200, Gular: 240, Imli: 30, Kadamb: 50, Khair: 50, Kikar: 250, Mango: 250, Neem: 200, Orange: 30",FALSE,2024-09-25 08:57:25.184677+05:30,2024-09-25 08:57:25.184702+05:30,1,68022,27.7453833,77.1329347,2,7,0.84,810507,105,810507140
48848,"25.292752,76.182497,25.292838,76.182508,25.292960,76.182614,25.293017,76.182716",images/blockplantation/b8b59b9e-2649-4419-9ef9-41f8946dca01.jpg,300,Karanj: 300,FALSE,2024-09-25 10:18:07.061478+05:30,2024-09-25 10:18:07.061499+05:30,1,77012,25.2927281,76.1824384,30,7,1,812705,127,812705300
48849,"26.625599,76.867723,26.625580,76.867706,26.625572,76.867733,26.625570,76.867760,26.625532,76.867847,26.625685,76.867882,26.626001,76.867888,26.626014,76.867918,26.626024,76.867897,26.626028,76.867845,26.626046,76.867747",images/blockplantation/6a6afec8-1255-4e73-8887-b7c52c09df5d.jpg,120,"Bargad: 3, Karanj: 40, Neem: 15, Others: 62",FALSE,2024-09-25 10:32:14.15857+05:30,2024-09-25 10:32:14.158592+05:30,1,1506,26.6260367,76.8679017,13,2,1.2,810804,108,810804030
48850,"25.399505,71.120700,25.399499,71.120631,25.399372,71.120570,25.399363,71.120514",images/blockplantation/c1426877-ce8c-4494-a90c-5f63574dcd11.jpg,100,"Imli: 10, Neem: 15, Karanj: 5, Aak: 5, Ber: 10, Aak: 30, Khejri: 5, Neem: 15, Peepal: 5",FALSE,2024-09-25 10:47:01.512796+05:30,2024-09-25 10:47:01.512829+05:30,2,51768,25.399324,71.1205164,2,2,0.5,811504,115,811504020
48851,"26.074548,73.068040,26.075328,73.068013,26.067827,73.064668,26.067827,73.064668,26.067827,73.064668",images/blockplantation/5c0a562a-d11c-45f4-9731-3e00a6f6cc9f.jpg,100,Safed Kikar: 100,FALSE,2024-09-25 11:38:21.034367+05:30,2024-09-25 11:38:21.03439+05:30,1,17089,26.077118,73.0680131,2,7,60,811309,113,811309190
48852,"26.737236,71.348580,26.737652,71.348876,26.737224,71.349588,26.736850,71.349402",images/blockplantation/f505282b-a3be-4bb2-be60-867deb63a375.jpg,200,"Neem: 80, Seesam: 50, Siris: 30, Others: 40",FALSE,2024-09-25 11:41:04.343139+05:30,2024-09-25 11:41:04.343167+05:30,1,7669,26.7371922,71.3494719,13,7,0.99,811402,114,811402370
48853,"24.626640, 75.857571,24.626666, 75.856488,24.627019, 75.856345,24.627796, 75.858150,24.626355, 75.857395",images/blockplantation/ded93f00-e5a2-4fd2-8315-d388f5cbb70f.jpg,800,Orange,FALSE,2024-09-25 11:52:25.675549+05:30,2024-09-25 11:52:25.675577+05:30,1,3245,24.6273428,75.8564405,24,4,3,812702,127,812702110
48854,"24.626860, 75.857646,24.627805, 75.858155,24.627427, 75.858985,24.626465, 75.858527,24.626857, 75.857641",images/blockplantation/e926c8a6-56c0-483a-9618-ffd2a5c59aae.jpg,400,Orange,FALSE,2024-09-25 12:07:48.052848+05:30,2024-09-25 12:07:48.05288+05:30,1,3245,24.6270742,75.8577854,24,4,1.5,812702,127,812702110
48855,"24.626860, 75.857646,24.627805, 75.858155,24.627427, 75.858985,24.626465, 75.858527,24.626857, 75.857641",images/blockplantation/a3ae304a-4b1d-4c66-abfb-0c9ce42a2f4c.jpg,400,Orange,FALSE,2024-09-25 12:08:14.802707+05:30,2024-09-25 12:08:14.802738+05:30,1,3245,24.6270742,75.8577854,24,4,1.5,812702,127,812702110
48856,"24.626860, 75.857646,24.627805, 75.858155,24.627427, 75.858985,24.626465, 75.858527,24.626857, 75.857641",images/blockplantation/0f49227e-dacd-4f0a-b164-eaccbaa26079.jpg,400,Orange,FALSE,2024-09-25 12:08:32.302354+05:30,2024-09-25 12:08:32.302383+05:30,1,3245,24.6270742,75.8577854,24,4,2,812702,127,812702110
48857,"26.300365,75.374386,26.300365,75.374385,26.300364,75.374385,26.300364,75.374385",images/blockplantation/1b1cc8ee-d4af-4203-9020-0a79c4ad3cc2.jpg,350,Kikar: 350,FALSE,2024-09-25 17:46:03.337102+05:30,2024-09-25 17:46:03.337125+05:30,1,29246,26.3003815,75.3742927,13,12,3,0,0,0
48858,"27.719521,77.063178,27.719506,77.063182,27.719506,77.063181,27.719506,77.063181",images/blockplantation/11ebbf30-3d42-4d30-b886-13d024a31b6b.jpg,100,"Amla: 25, Babool: 30, Jamun: 20, Kair: 25",FALSE,2024-09-26 09:20:54.204737+05:30,2024-09-26 09:20:54.204753+05:30,1,77830,27.7195218,77.0631437,2,7,0.2,0,0,0
48859,"27.177257,77.474962,27.177235,77.474935,27.177212,77.474910,27.177200,77.474926,27.177142,77.474966,27.177156,77.474953,27.177076,77.474957,27.177086,77.474961,27.177090,77.474968,27.177092,77.474970,27.177097,77.474975,27.177104,77.474981,27.177115,77.474988,27.177127,77.474992,27.177142,77.474999,27.177153,77.475003,27.177180,77.475004,27.177181,77.475004,27.177184,77.475022,27.177170,77.475023,27.177157,77.475018,27.177144,77.475013,27.177139,77.475011,27.177131,77.475005,27.177127,77.474998,27.177123,77.474996,27.177116,77.474992,27.177110,77.474988,27.177107,77.474987,27.177097,77.474979,27.177091,77.474914",images/blockplantation/f4046904-bbd7-4942-951c-24ebe2952a48.jpg,300,Neem: 300,FALSE,2024-09-26 09:43:35.712135+05:30,2024-09-26 09:43:35.712156+05:30,1,77318,27.1772325,77.4749261,2,9,2,0,0,0
48860,"27.177172,77.474958,27.177164,77.474953,27.177147,77.474937,27.177137,77.474926,27.177125,77.474914,27.177110,77.474906,27.177097,77.474905,27.177083,77.474903,27.177071,77.474904,27.177041,77.474898,27.177031,77.474894,27.177019,77.474891,27.177004,77.474886,27.176999,77.474881,27.177011,77.474887,27.177017,77.474891,27.177024,77.474894,27.177033,77.474898,27.177044,77.474900,27.177070,77.474897,27.177098,77.474901,27.177129,77.474913,27.177154,77.474934",images/blockplantation/71146501-eac1-447d-844b-ef54bdf39c4e.jpg,300,Banyan: 300,FALSE,2024-09-26 09:47:41.132504+05:30,2024-09-26 09:47:41.132524+05:30,1,77318,27.1771987,77.474904,2,4,2,0,0,0
48861,"27.177417,77.475081,27.177408,77.475095,27.177405,77.475105,27.177405,77.475115,27.177424,77.475129,27.177455,77.475141,27.177465,77.475149,27.177475,77.475157,27.177486,77.475158,27.177505,77.475169,27.177518,77.475175,27.177524,77.475181,27.177542,77.475193,27.177553,77.475205,27.177558,77.475210,27.177565,77.475217,27.177574,77.475229,27.177581,77.475237,27.177584,77.475241,27.177590,77.475250,27.177598,77.475259,27.177605,77.475262,27.177621,77.475268,27.177608,77.475263,27.177584,77.475246,27.177571,77.475238,27.177559,77.475230,27.177543,77.475223,27.177536,77.475218",images/blockplantation/84d4ac0c-1a7a-4a26-a497-a01e7ff43146.jpg,200,Babool: 200,FALSE,2024-09-26 09:52:13.656802+05:30,2024-09-26 09:52:13.656822+05:30,1,77318,27.177305,77.47505,2,9,2,0,0,0
48862,"27.212583,77.591759,27.212701,77.591630,27.212197,77.591289,27.213007,77.591394",images/blockplantation/34415f45-35df-4e78-aeea-2581f604bb48.jpg,1000,"Imli: 60, Amrood: 60, Bael: 60, Arjun: 60, Bargad: 60, Gular: 60, Jamun: 60, JUNGLE JALEBI: 60, Kadam: 60, Lemon: 60, Mango: 60, Neem: 110, Peepal: 60, Seesam: 110, Karanj: 60",FALSE,2024-09-26 09:53:16.382723+05:30,2024-09-26 09:53:16.382778+05:30,1,22527,27.2126083,77.5911967,2,7,0.5,0,0,0
48863,"26.363687, 76.384404,26.363576, 76.384296,26.363386, 76.384145,26.363277, 76.384018",images/blockplantation/04feafa6-d24f-4671-a3df-7c3e4b43b34d.jpg,2370,"Imli,Peepal,Bargad,Kadi badam,Seesam,Neem,Nimbu",FALSE,2024-09-26 10:02:39.587527+05:30,2024-09-26 10:02:39.587554+05:30,1,9194,26.3638875,76.3845943,13,3,3,0,0,0
48864,"24.644705, 76.016539,24.644629, 76.015688,24.643621, 76.015777,24.643869, 76.016655,24.644716, 76.016538",images/blockplantation/f2ea0bfe-9704-4ffc-9b48-d7f88258ae9d.jpg,330,Lemon,FALSE,2024-09-26 10:05:14.263874+05:30,2024-09-26 10:05:14.263894+05:30,1,3245,24.6446787,76.0165173,24,4,1,0,0,0
48865,"24.643937, 76.017129,24.643148, 76.017984,24.643148, 76.018449,24.644068, 76.017776,24.643940, 76.017151",images/blockplantation/eeface6c-0185-4eed-a204-bda9d0f3689a.jpg,300,Orange,FALSE,2024-09-26 10:16:13.493816+05:30,2024-09-26 10:16:13.493842+05:30,1,3245,24.6437129,76.0173867,24,4,1,0,0,0
48866,"24.645811, 76.015522,24.646462, 76.015995,24.646810, 76.014868,24.646249, 76.014508,24.645787, 76.015532",images/blockplantation/baab4eeb-f011-4c78-8d8b-d8acca8d0b9f.jpg,600,"Lemon,Orange,Guava",FALSE,2024-09-26 10:35:47.396786+05:30,2024-09-26 10:35:47.396804+05:30,2,3245,24.6466534,76.0154274,24,4,1,0,0,0
48867,"26.488908,76.679887,26.488913,76.679888,26.488981,76.679967,26.488928,76.680043",images/blockplantation/530d71d0-ebfa-4b88-8581-b9e31830beac.jpg,100,"Harsingar: 50, Others: 50",FALSE,2024-09-26 11:07:41.600278+05:30,2024-09-26 11:07:41.600303+05:30,1,13177,26.48893,76.6800433,13,3,0.5,0,0,0
48868,"25.663200, 74.228083,25.662931, 74.228030,25.662793, 74.227970,25.662468, 74.227990,25.662333, 74.227961,25.662682, 74.228530,25.663037, 74.228395,25.663090, 74.228130",images/blockplantation/b2927a5f-bbc3-48d9-8f26-946d8d96ab65.jpg,800,"Neem,Shisham,Karanj,Pipal,Karunda",FALSE,2024-09-26 11:24:31.627643+05:30,2024-09-26 11:24:31.627663+05:30,1,77797,25.6632008,74.2280778,9,3,4,0,0,0
48869,"25.663037, 74.228061,25.662769, 74.227996,25.662738, 74.228132,25.662842, 74.228164,25.662934, 74.228174,25.662977, 74.228178,25.663001, 74.228086",images/blockplantation/617dfeb5-d95a-47be-9e5d-320a22bb458b.jpg,800,"Neem,Shisham,Karanj,Pipal,Plas",FALSE,2024-09-26 11:37:33.268965+05:30,2024-09-26 11:37:33.268985+05:30,1,77797,25.6629689,74.228047,9,4,4,0,0,0
48870,"25.663101, 74.227934,25.663149, 74.228230,25.662993, 74.228185,25.663020, 74.228093,25.663054, 74.228000,25.663054, 74.227966",images/blockplantation/ed4d6529-b278-4d0b-88e6-36d5bc3f8adb.jpg,800,"Neem,Shesham,Karanj,Plas,Pipal",FALSE,2024-09-26 11:51:03.566358+05:30,2024-09-26 11:51:03.566378+05:30,1,77797,25.6630968,74.2279521,9,3,4,0,0,0
48871,"26.630136, 76.559473,26.630231, 76.559515,26.630229, 76.559519,26.630226, 76.559523,26.630160, 76.559532,26.630157, 76.559534",images/blockplantation/28948f05-6af8-4858-9cb0-36ba9e3c73fb.jpg,1100,"Badam,Stoniya,Kadam,Neem,Peepal,Bad,Meeta neem,Beel,Mango,Sarom,Kader,Amrood,Aawala,Cheeku,Kuthur,Kuneti,Arjan chata,Ashok,Neebu",FALSE,2024-09-26 11:52:40.582142+05:30,2024-09-26 11:52:40.582162+05:30,1,9620,26.6043784,76.5549962,6,3,4,0,0,0
48872,"24.800528, 75.956894,24.801428, 75.957380,24.801070, 75.958026,24.800157, 75.957525,24.800535, 75.956909",images/blockplantation/f46e57da-eaa8-48ae-a34c-6edecc8ad93d.jpg,180,"Guava,Orange",FALSE,2024-09-26 13:11:16.05721+05:30,2024-09-26 13:11:16.057231+05:30,1,3245,24.800956,75.9571779,24,4,1,0,0,0
48873,"29.469016,73.972535,29.469010,73.972544,29.469014,73.972549,29.469020,73.972565,29.469027,73.972577,29.469032,73.972588,29.469032,73.972617,29.469031,73.972619,29.469028,73.972632,29.469023,73.972645,29.469021,73.972646,29.469018,73.972653,29.469015,73.972662,29.469016,73.972669,29.469016,73.972676,29.469019,73.972684,29.469018,73.972684,29.469020,73.972691,29.469022,73.972697,29.469024,73.972705,29.469025,73.972709,29.469025,73.972709,29.469027,73.972717,29.469025,73.972726,29.469024,73.972728,29.469020,73.972742,29.469018,73.972753,29.469019,73.972762,29.469020,73.972765,29.469022,73.972774,29.469022,73.972774,29.469024,73.972784,29.469026,73.972794,29.469027,73.972797,29.469026,73.972806,29.469023,73.972812,29.469020,73.972818,29.469020,73.972825,29.469019,73.972833,29.469019,73.972833,29.469019,73.972841,29.469021,73.972847,29.469027,73.972849,29.469039,73.972859,29.469043,73.972864,29.469048,73.972875,29.469048,73.972875,29.469049,73.972890,29.469035,73.972888,29.468978,73.972874,29.468970,73.972874,29.468964,73.972872,29.468956,73.972868,29.468952,73.972866,29.468936,73.972874,29.468932,73.972881,29.468929,73.972887,29.468926,73.972895,29.468909,73.972917,29.468903,73.972921,29.468894,73.972932,29.468888,73.972946,29.468888,73.972951,29.468888,73.972965,29.468886,73.972973,29.468912,73.972940,29.468911,73.972887,29.468863,73.972835,29.468845,73.972830,29.468838,73.972829,29.468825,73.972840,29.468810,73.972848,29.468810,73.972848,29.468804,73.972848,29.468787,73.972846,29.468778,73.972856,29.468774,73.972862,29.468770,73.972888,29.468768,73.972913,29.468766,73.972932,29.468764,73.972945,29.468758,73.972960,29.468754,73.972972,29.468754,73.972990,29.468752,73.973009,29.468746,73.973029,29.468741,73.973043,29.468735,73.973061,29.468731,73.973078,29.468729,73.973093,29.468720,73.973097,29.468708,73.973093,29.468693,73.973090,29.468678,73.973091,29.468666,73.973087,29.468655,73.973074,29.468651,73.973056,29.468643,73.973043,29.468630,73.973045,29.468615,73.973049,29.468591,73.973048,29.468563,73.973053,29.468438,73.972792,29.468443,73.972772,29.468445,73.972755,29.468444,73.972741,29.468447,73.972720,29.468449,73.972660,29.468448,73.972638,29.468464,73.972623,29.468475,73.972615,29.468486,73.972608,29.468505,73.972606,29.468543,73.972649,29.468561,73.972653,29.468573,73.972650,29.468583,73.972642,29.468609,73.972629,29.468624,73.972644,29.468636,73.972652,29.468652,73.972653,29.468657,73.972651,29.468669,73.972641,29.468680,73.972643,29.468687,73.972645,29.468698,73.972640,29.468769,73.972682,29.468787,73.972702,29.468803,73.972692,29.468807,73.972663,29.468814,73.972652,29.468838,73.972656,29.468864,73.972668,29.468878,73.972667,29.468925,73.972638,29.468929,73.972624,29.468933,73.972601,29.468935,73.972589,29.468970,73.972558,29.468985,73.972550",images/blockplantation/a4e15628-2fc4-4576-90c8-2a812292db8c.jpg,1047,"Kadam: 100, Lemon: 40, Khejri: 500, Kachnar: 50, Neem: 357",FALSE,2024-09-26 14:13:42.270176+05:30,2024-09-26 14:13:42.270197+05:30,1,26712,29.4690183,73.9725242,6,2,1,0,0,0
48874,"27.445543,77.254078,27.445497,77.254142,27.445490,77.254108,27.445507,77.254135",images/blockplantation/a49e41db-a431-44e7-a645-be057fc59c85.jpg,300,"Arjun: 20, Banyan: 20, Kadam: 25, Amla: 20, Siris: 30, Peepal: 30, Neem: 40, Seesam: 40, Mosambi: 30, Mango: 20, Lemon: 25",FALSE,2024-09-27 09:29:55.296856+05:30,2024-09-27 09:29:55.296876+05:30,1,48024,27.445465,77.2541252,2,2,0.3,NULL,NULL,NULL
48875,"27.445641,77.254249,27.445641,77.254243,27.445667,77.254177,27.445698,77.254115",images/blockplantation/43bb63b0-5e16-4e30-9fe7-6cc2ffda9723.jpg,300,"Amla: 20, Amrood: 20, Arjun: 30, Banyan: 25, Jamun: 30, Lemon: 25, Mango: 40, Mosambi: 15, Neem: 15, Peepal: 20, Seesam: 7, Siris: 13, Kadamb: 40",FALSE,2024-09-27 09:40:39.540984+05:30,2024-09-27 09:40:39.541006+05:30,1,48024,27.4456538,77.2541511,2,12,0.4,NULL,NULL,NULL
48876,"26.410002,76.468366,26.409986,76.468286,26.410125,76.467885,26.410387,76.468430",images/blockplantation/d37d9259-01a4-4b5f-8a3a-a22e3cca1d57.jpg,350,"Amrood: 60, Bael: 50, Chokar: 50, Gular: 50, Jamun: 40, Karanj: 100",FALSE,2024-09-27 10:58:33.516996+05:30,2024-09-27 10:58:33.517016+05:30,1,77888,26.4100137,76.4683215,13,11,1,NULL,NULL,NULL
48877,"27.398076,77.339189,27.398055,77.339211,27.398045,77.339251,27.398005,77.339263,27.397999,77.339242",images/blockplantation/ce365fa2-f8f8-46c5-ba3e-b97f94eea918.jpg,100,Amaltas: 100,FALSE,2024-09-27 11:13:01.549738+05:30,2024-09-27 11:13:01.54976+05:30,1,77892,27.3981022,77.3391932,2,7,50,NULL,NULL,NULL
48878,"27.398133,77.339057,27.398130,77.339042,27.398159,77.339026,27.398168,77.339017",images/blockplantation/73bef2c8-bb22-42a3-ad7d-2bafbdc86b46.jpg,100,"Neem: 50, Amaltas: 50",FALSE,2024-09-27 11:17:07.842851+05:30,2024-09-27 11:17:07.842872+05:30,1,77892,27.3981671,77.3389572,2,7,60,NULL,NULL,NULL
48879,"27.391061,77.336846,27.391280,77.336514,27.391248,77.336504,27.391229,77.336570",images/blockplantation/01cae917-6d74-4617-8700-7dfb4b0f60e6.jpg,150,Seesam: 150,FALSE,2024-09-27 11:45:04.483642+05:30,2024-09-27 11:45:04.483664+05:30,1,77892,27.3912807,77.3365171,2,2,100,NULL,NULL,NULL
48880,"27.391288,77.336493,27.391227,77.336449,27.391107,77.336374,27.390945,77.336271,27.390914,77.336236",images/blockplantation/5d1133a1-6a14-4e43-b6f9-3a853be52d5c.jpg,200,Seesam: 200,FALSE,2024-09-27 11:47:31.281774+05:30,2024-09-27 11:47:31.281797+05:30,1,77892,27.3912833,77.3364825,2,12,100,NULL,NULL,NULL
48881,"27.390709,77.336196,27.390650,77.336266,27.390582,77.336341,27.390547,77.336404",images/blockplantation/e2f8189f-7a57-4a60-b2a6-5ef9ed20649e.jpg,200,"Neem: 100, Karanj: 100",FALSE,2024-09-27 11:49:36.086456+05:30,2024-09-27 11:49:36.086478+05:30,1,77892,27.3908344,77.3362699,2,12,100,NULL,NULL,NULL
48882,"27.390294,77.336859,27.390556,77.337022,27.390582,77.337035,27.390717,77.337099,27.390732,77.337114",images/blockplantation/a630b94d-ff1c-4176-a341-cbd1deca0a2d.jpg,200,"Karanj: 100, Karanj: 100",FALSE,2024-09-27 11:52:28.66756+05:30,2024-09-27 11:52:28.667582+05:30,1,77892,27.3902931,77.3368611,2,12,100,NULL,NULL,NULL
48883,"27.390873,77.337218,27.390890,77.337269,27.390979,77.337080,27.391024,77.337007,27.391084,77.336901",images/blockplantation/205d7cf7-c993-4543-9a1a-f21c6c5d7ed6.jpg,200,"Neem: 100, Aak: 100",FALSE,2024-09-27 11:54:33.838953+05:30,2024-09-27 11:54:33.838976+05:30,1,77892,27.390905,77.3373071,2,12,100,NULL,NULL,NULL
48884,"27.493743,77.213260,27.493714,77.213237,27.493563,77.213103,27.493770,77.213092",images/blockplantation/767ed596-a570-4f7a-8c07-29f3afef8ab4.jpg,100,"Neem: 25, Amla: 15, Seesam: 15, Amrood: 5, Peepal: 20, Palash: 10, Kachnar: 10",FALSE,2024-09-27 12:42:19.642473+05:30,2024-09-27 12:42:19.642496+05:30,1,40128,27.493795,77.2130767,2,7,1,NULL,NULL,NULL
48885,"26.417765,76.491355,26.417648,76.491610,26.417484,76.491709,26.417147,76.491598",images/blockplantation/7e0339cd-6c70-4268-b388-8780dc611d1b.jpg,250,"Amrood: 30, Ber: 50, Gular: 50, Jamun: 30, Kadamb: 30, Karanj: 50, Lemon: 10",FALSE,2024-09-27 15:00:36.66677+05:30,2024-09-27 15:00:36.666798+05:30,1,77888,26.4177832,76.4913422,13,2,1,NULL,NULL,NULL
48886,"26.411456,76.511203,26.411454,76.511573,26.411242,76.511440,26.411305,76.511284",images/blockplantation/96f9cf7d-081e-45da-a838-4baf9fd3eced.jpg,100,"Banyan: 20, Gular: 30, Kadam: 30, Seesam: 20",FALSE,2024-09-27 15:09:50.5158+05:30,2024-09-27 15:09:50.515824+05:30,1,77888,26.4114614,76.5112149,13,12,0.2,NULL,NULL,NULL
48887,"26.699683,77.087871,26.699907,77.087854,26.700921,77.088900,26.700978,77.089884,26.701626,77.090422",images/blockplantation/5f0b8cba-8f4b-4194-aa40-3f917e8d15b2.jpg,5000,"Banyan: 10, Ber: 500, Gular: 100, Jamun: 50, Neem: 500, Peepal: 10, Seesam: 100, Siris: 100, Others: 3630",FALSE,2024-09-28 11:41:41.21101+05:30,2024-09-28 11:41:41.211032+05:30,1,77761,26.702904,77.0905191,3,1,50,NULL,NULL,NULL
48888,"26.703184,77.090504,26.703370,77.090303,26.703558,77.089893,26.703810,77.089649,26.704064,77.089453",images/blockplantation/06e12424-5990-47ae-9ed3-f113541e828b.jpg,5000,"Ber: 1000, Gular: 100, Jamun: 50, Neem: 1000, Siris: 50, Seesam: 50, Others: 2750",FALSE,2024-09-28 11:50:50.637866+05:30,2024-09-28 11:50:50.637889+05:30,1,77761,26.7031505,77.0904893,3,1,50,NULL,NULL,NULL
48889,"27.764410,74.024000,27.764412,74.024001,27.764412,74.024000,27.764412,74.024000,27.764411,74.023998,27.764411,74.023995,27.764410,74.023995,27.764407,74.023984,27.764406,74.023980,27.764406,74.023980,27.764403,74.023973,27.764403,74.023973,27.764396,74.023957,27.764396,74.023957,27.764392,74.023949,27.764386,74.023939,27.764385,74.023935,27.764381,74.023927,27.764378,74.023922,27.764374,74.023916,27.764367,74.023909,27.764364,74.023908,27.764359,74.023905,27.764354,74.023901,27.764349,74.023897,27.764344,74.023893,27.764341,74.023888,27.764338,74.023880,27.764337,74.023875,27.764335,74.023865,27.764334,74.023861,27.764332,74.023855,27.764327,74.023848,27.764323,74.023845,27.764318,74.023841,27.764312,74.023838,27.764305,74.023834,27.764293,74.023827,27.764292,74.023828,27.764287,74.023827,27.764277,74.023825,27.764275,74.023825,27.764267,74.023824,27.764258,74.023822,27.764230,74.023824,27.764224,74.023828,27.764215,74.023839,27.764208,74.023849,27.764200,74.023857,27.764182,74.023866,27.764168,74.023867,27.764162,74.023865,27.764152,74.023864,27.764140,74.023865,27.764133,74.023867,27.764114,74.023872,27.764101,74.023878,27.764089,74.023882,27.764077,74.023881,27.764069,74.023878,27.764055,74.023872,27.764051,74.023868,27.764040,74.023835,27.764055,74.023834,27.764075,74.023842,27.764100,74.023848,27.764100,74.023862,27.764114,74.023874,27.764126,74.023878,27.764132,74.023880,27.764146,74.023882,27.764156,74.023883,27.764165,74.023884,27.764186,74.023891,27.764200,74.023899,27.764209,74.023903,27.764217,74.023911,27.764225,74.023923,27.764227,74.023940,27.764225,74.023956,27.764220,74.023974,27.764215,74.023993,27.764211,74.024010,27.764210,74.024022,27.764209,74.024044,27.764213,74.024051,27.764221,74.024063,27.764227,74.024075,27.764232,74.024087,27.764234,74.024096,27.764239,74.024110,27.764243,74.024116,27.764253,74.024122,27.764264,74.024125,27.764274,74.024127,27.764281,74.024126,27.764291,74.024124,27.764307,74.024105,27.764309,74.024102,27.764316,74.024095,27.764325,74.024090,27.764335,74.024085,27.764352,74.024082,27.764358,74.024081,27.764364,74.024080,27.764379,74.024075,27.764390,74.024072,27.764405,74.024066,27.764416,74.024061,27.764429,74.024051",images/blockplantation/6a3618d8-f330-4dae-9af2-c14d3ca2ab16.jpg,110,"Siris: 50, Neem: 10, Aak: 20, Amrood: 15, Babool: 15",FALSE,2024-09-28 12:30:32.898702+05:30,2024-09-28 12:30:32.898726+05:30,1,77139,27.7644038,74.0240327,6,2,2,NULL,NULL,NULL
48890,"25.787228,74.941103,25.787261,74.941092,25.787269,74.941101,25.787271,74.941101,25.787274,74.941103,25.787276,74.941112",images/blockplantation/b0fd142e-bbe2-454d-863a-b245c68582b0.jpg,400,Lemon: 400,FALSE,2024-09-28 14:57:43.413466+05:30,2024-09-28 14:57:43.413489+05:30,1,18051,25.7872711,74.9410549,24,4,1,NULL,NULL,NULL
48891,"26.593547,76.441244,26.593470,76.441377,26.593364,76.441249,26.593444,76.441148,26.593645,76.441168,26.593695,76.441269,26.593574,76.441388",images/blockplantation/a3f92d24-34c9-4a23-9222-6e4a95411ea2.jpg,105,"Aak: 20, Babool: 30, Ber: 20, Others: 35",FALSE,2024-09-30 11:45:18.664132+05:30,2024-09-30 11:45:18.664155+05:30,1,9773,26.593545,76.4412406,13,12,0.2,NULL,NULL,NULL
48892,"27.389887,77.401683,27.389917,77.401667,27.389969,77.401701,27.390061,77.401774",images/blockplantation/1ffeb20b-5d51-45ec-a99b-307a0e819bd3.jpg,400,Others: 400,FALSE,2024-10-01 07:21:04.490431+05:30,2024-10-01 07:21:04.490458+05:30,2,77599,27.3898962,77.401735,2,9,0.5,NULL,NULL,NULL
48893,"27.035463,71.992804,27.035367,71.991395,27.035120,71.991329,27.034882,71.992211",images/blockplantation/b15be86c-e1ff-4892-9af7-17a4a69dcfe8.jpg,100,"Neem: 50, Seesam: 50",FALSE,2024-10-01 09:31:41.87397+05:30,2024-10-01 09:31:41.873993+05:30,1,6700,27.035441,71.9928188,13,2,1,NULL,NULL,NULL
48894,"27.034432,71.992388,27.034367,71.992347,27.034572,71.992128,27.034883,71.991718",images/blockplantation/bfe7149c-2114-45b5-93ee-f0df8decd9a1.jpg,100,"Neem: 50, Seesam: 50",FALSE,2024-10-01 09:40:24.276711+05:30,2024-10-01 09:40:24.276735+05:30,1,6700,27.034297,71.9923368,13,12,1,NULL,NULL,NULL
48895,"27.051063,72.002307,27.051291,72.002411,27.051537,72.001989,27.024774,72.009593",images/blockplantation/9ffd262f-df1e-4cab-b710-55b5a8b2706b.jpg,100,"Seesam: 50, Neem: 50",FALSE,2024-10-01 10:04:31.150306+05:30,2024-10-01 10:04:31.15033+05:30,1,6700,27.0510933,72.0023517,13,11,1,NULL,NULL,NULL
48896,"27.080293,74.572566,27.080311,74.572608,27.080317,74.572688,27.080324,74.572514",images/blockplantation/146661b6-ac6d-4740-b95c-f157624bf931.jpg,165,"Amrood: 10, Imli: 5, Jamun: 10, Karanj: 50, Neem: 30, Others: 50, Bael: 10",FALSE,2024-10-01 11:48:52.036885+05:30,2024-10-01 11:48:52.03691+05:30,1,52948,27.0804235,74.5725857,2,7,1,NULL,NULL,NULL
48897,"26.450216,75.488613,26.450147,75.488737,26.450470,75.488499,26.450663,75.488036,26.450482,75.487965",images/blockplantation/af45e4be-099e-4f18-8883-d5e4e0809521.jpg,650,"Amla: 20, Babool: 25, Banyan: 10, Karanj: 50, Seesam: 60, Peepal: 20, Siris: 30, Orange: 15, Amrood: 40, Babool: 30, Others: 350",FALSE,2024-10-02 08:02:00.696523+05:30,2024-10-02 08:02:00.696548+05:30,1,20725,26.4504781,75.4879864,2,7,4,NULL,NULL,NULL
48898,"27.353743,77.357174,27.353743,77.357174,27.353743,77.357174,27.353743,77.357173,27.353743,77.357177,27.353743,77.357176,27.353745,77.357182,27.353745,77.357182,27.353744,77.357193,27.353739,77.357199,27.353739,77.357197,27.353741,77.357198,27.353743,77.357198",images/blockplantation/02af50d5-5c28-4ff5-b57f-49e552c73b97.jpg,300,"Amaltas: 88, Peepal: 50, Mango: 121, Orange: 41",FALSE,2024-10-02 13:37:40.155818+05:30,2024-10-02 13:37:40.155842+05:30,2,63541,27.3536634,77.3571015,13,6,1.2,NULL,NULL,NULL
48899,"27.735103,77.036471,27.735088,77.036505,27.735087,77.036504,27.735087,77.036467",images/blockplantation/8cd45d75-7263-42a6-a9fa-b5e62074a70f.jpg,160,"Babool: 100, Dhonk: 60",FALSE,2024-10-04 08:18:44.786417+05:30,2024-10-04 08:18:44.78645+05:30,1,18916,27.7350881,77.0364686,13,5,1,810507,105,810507070
48900,"27.659004,77.035531,27.658987,77.035549,27.658991,77.035565,27.659015,77.035582,27.659006,77.035536",images/blockplantation/88f6b237-444b-4d50-a6e7-6759d4aa9f33.jpg,130,"Moringa: 1, Babool: 70, Dhak: 59",FALSE,2024-10-04 10:46:30.130964+05:30,2024-10-04 10:46:30.130992+05:30,1,18916,27.6590049,77.0355107,13,9,0.7,810507,105,810507120
48901,"27.659074,77.035609,27.659077,77.035588,27.659075,77.035582,27.659058,77.035590",images/blockplantation/071aae5b-6db0-4d50-b672-ff52aa88e5e6.jpg,180,"Arjun: 60, Ber: 80, Jamun: 40",FALSE,2024-10-04 10:51:02.158505+05:30,2024-10-04 10:51:02.158528+05:30,1,18916,27.6590311,77.0355969,13,9,0.8,810507,105,810507120
48902,"26.947452,77.382714,26.947481,77.382808,26.947480,77.382808,26.947480,77.382808",images/blockplantation/4825b8fe-bef3-4bd9-942e-af715271557e.jpg,250,"Lemon: 30, Mango: 50, Neem: 40, Khejri: 30, Khair: 40, Aak: 30, Kikar: 30",FALSE,2024-10-04 11:25:21.644908+05:30,2024-10-04 11:25:21.64503+05:30,2,74439,26.9476133,77.3828383,2,12,1,810501,105,810501040
48903,"27.358615,77.355782,27.358614,77.355785,27.358601,77.355822,27.358592,77.355878,27.358589,77.355926,27.358586,77.355950,27.358566,77.355983,27.358542,77.356027,27.358528,77.356071,27.358546,77.356118,27.358511,77.356116,27.358474,77.356092,27.358404,77.356073,27.358369,77.356135,27.358335,77.356132,27.358305,77.356115,27.358282,77.356115,27.358262,77.356102,27.358244,77.356089,27.358230,77.356048,27.358225,77.356005,27.358216,77.355985,27.358203,77.355975,27.358199,77.355975,27.358192,77.355953,27.358176,77.355937,27.358154,77.355937,27.358131,77.355921,27.358125,77.355935,27.358114,77.355925,27.358101,77.355922,27.358089,77.355914,27.358072,77.355906,27.358062,77.355893,27.358046,77.355883,27.358039,77.355889,27.358025,77.355878,27.357991,77.355868,27.357981,77.355867,27.357965,77.355847,27.357949,77.355829,27.357910,77.355837,27.357896,77.355828,27.357871,77.355819,27.358310,77.355344,27.358310,77.355347,27.358312,77.355351,27.358318,77.355339,27.358326,77.355338,27.358349,77.355316,27.358380,77.355262,27.358423,77.355221,27.358463,77.355194,27.358531,77.355142,27.358555,77.355129,27.358621,77.355149,27.358715,77.355212,27.358747,77.355255,27.358717,77.355357,27.358689,77.355406,27.358695,77.355521,27.358677,77.355579,27.358653,77.355649,27.358635,77.355719,27.358637,77.355772,27.358635,77.355786,27.358629,77.355810",images/blockplantation/42b4d9d2-d6e2-4a95-91ec-614ff6143dae.jpg,200,"Banyan: 10, Karanj: 50, Lemon: 10, Seesam: 30, Babool: 25, Jamun: 15, Neem: 60",FALSE,2024-10-04 14:02:05.755882+05:30,2024-10-04 14:02:05.755911+05:30,1,10913,27.358601,77.3558068,13,3,1,810504,105,810504280
48904,"27.383185,77.395824,27.383209,77.395615,27.383237,77.395532,27.383279,77.395444,27.383365,77.395474,27.383409,77.395523,27.383446,77.395544,27.383475,77.395576,27.383479,77.395605,27.383458,77.395637,27.383450,77.395660,27.383427,77.395695,27.383405,77.395742,27.383403,77.395821,27.383485,77.395913,27.383513,77.395999,27.383502,77.396065,27.383492,77.396123,27.383449,77.396266,27.383378,77.396350,27.383356,77.396344,27.383330,77.396313,27.383294,77.396278,27.383267,77.396250,27.383229,77.396214,27.383173,77.396156,27.383097,77.396067,27.383109,77.395954,27.383105,77.395897,27.383110,77.395807,27.383102,77.395737,27.383104,77.395720,27.383118,77.395661",images/blockplantation/81b2ccbb-2092-4af0-b90a-4b2313f19c9a.jpg,130,"Amrood: 20, Babool: 20, Jamun: 30, Karanj: 40, Neem: 20",FALSE,2024-10-04 14:55:12.90574+05:30,2024-10-04 14:55:12.905767+05:30,1,10913,27.3832085,77.3957639,13,2,1,810504,105,810504330
48905,"27.383801,77.394970,27.383780,77.394883,27.383723,77.394727,27.383651,77.394595,27.383586,77.394572,27.383523,77.394585,27.383466,77.394581,27.383378,77.394567,27.383295,77.394661,27.383259,77.394747,27.383257,77.394827,27.383222,77.394897,27.383225,77.394943,27.383243,77.395019,27.383278,77.395120,27.383283,77.395149,27.383362,77.395211,27.383409,77.395210,27.383493,77.395220,27.383522,77.395228,27.383611,77.395298,27.383659,77.395302,27.383669,77.395279,27.383714,77.395099,27.383721,77.394896,27.383734,77.394841",images/blockplantation/ef26708c-f4d4-43cf-9ed0-5a1cb72f57aa.jpg,100,"Aak: 10, Amrood: 20, Babool: 20, Jamun: 10, Lemon: 20, Neem: 20",FALSE,2024-10-04 15:02:49.662952+05:30,2024-10-04 15:02:49.662996+05:30,1,10913,27.3837787,77.3949664,13,2,1,810504,105,810504330
48906,"27.659218,77.079283,27.659334,77.079170,27.659587,77.079361,27.659432,77.079552",images/blockplantation/5dd409f5-04e1-4ef5-876f-4b57bce4e18f.jpg,150,"Aak: 20, Babool: 50, Jamun: 10, Kadam: 20, Neem: 20, Others: 30",FALSE,2024-10-04 15:25:54.828549+05:30,2024-10-04 15:25:54.828582+05:30,1,18916,27.6580971,77.0666998,13,12,0.8,810507,105,810507100
48907,"27.654189,77.065176,27.654145,77.065465,27.654374,77.065538,27.654415,77.065199",images/blockplantation/f40c2d23-d469-4a8e-8cbc-0c297597a44d.jpg,110,"Aak: 10, Babool: 40, Banyan: 10, Jamun: 20, Kikar: 30",FALSE,2024-10-04 15:39:20.46004+05:30,2024-10-04 15:39:20.460078+05:30,1,18916,27.6541912,77.0652583,13,12,0.8,810507,105,810507100
48908,"27.334049,77.412806,27.334056,77.412802,27.334063,77.412901,27.334067,77.412909",images/blockplantation/5c19bdb3-78d9-4ca8-bcc0-937323941273.jpg,100,"Amrood: 20, Jamun: 20, Neem: 20, Peepal: 20, Karanj: 20",FALSE,2024-10-05 08:39:18.259848+05:30,2024-10-05 08:39:18.259876+05:30,2,10913,27.3340421,77.4127998,6,12,0.1,810504,105,810504170
48909,"27.172889,77.399960,27.172835,77.399979,27.172787,77.400016,27.172735,77.399983",images/blockplantation/b626c6ef-6813-40c2-831d-f4c46b0039a1.jpg,100,Neem: 100,FALSE,2024-10-05 09:33:40.196383+05:30,2024-10-05 09:33:40.196409+05:30,1,77089,27.1729439,77.3999807,2,7,1,810509,105,810509270
48910,"27.172981,77.399853,27.173029,77.399813,27.173099,77.399883,27.173115,77.399852",images/blockplantation/629c0187-086c-47de-b37b-e5a6a5a515e9.jpg,200,"Neem: 100, Karanj: 100",FALSE,2024-10-05 09:35:45.068465+05:30,2024-10-05 09:35:45.068491+05:30,1,77089,27.1729546,77.3998319,2,7,1,810509,105,810509270
48911,"27.173279,77.399708,27.173268,77.399632,27.173247,77.399594,27.173219,77.399513",images/blockplantation/84f1fc49-118a-446d-a846-fadfa203ec09.jpg,300,"Karanj: 100, Peepal: 100, Neem: 100",FALSE,2024-10-05 09:38:15.910623+05:30,2024-10-05 09:38:15.910649+05:30,1,77089,27.1732508,77.3997044,2,7,1,810509,105,810509270
48912,"27.173319,77.399795,27.173353,77.399835,27.173371,77.399878,27.173388,77.399981",images/blockplantation/354fc6fc-ed99-4a5d-94e4-8bdde51d8ec1.jpg,300,"Neem: 100, Karanj: 200",FALSE,2024-10-05 09:40:57.266178+05:30,2024-10-05 09:40:57.266211+05:30,1,77089,27.1733147,77.3998259,2,7,1,810509,105,810509270
48913,"27.175918,77.379652,27.175797,77.379698,27.175796,77.379699,27.175798,77.379699",images/blockplantation/6d57d727-53fc-4fb9-b3bd-475495efa2a7.jpg,1500,"Seesam: 500, Peepal: 500, Neem: 400, Mango: 100",FALSE,2024-10-05 10:48:07.048038+05:30,2024-10-05 10:48:07.048063+05:30,1,77162,27.1758426,77.3796991,2,7,0.5,810509,105,810509220
48914,"27.175796,77.379651,27.175769,77.379649,27.175761,77.379646,27.175757,77.379642,27.175790,77.379677,27.175760,77.379722",images/blockplantation/47c6e765-e836-4c21-9162-2d295c622ae0.jpg,1500,"Bael: 150, Dhak: 250, Kikar: 275, Tendu: 250, Kadam: 75, Karanj: 250, Khair: 250",FALSE,2024-10-05 11:02:11.707281+05:30,2024-10-05 11:02:11.707313+05:30,1,77075,27.1758767,77.3796917,2,7,2,810509,105,810509220
48915,"27.175899,77.379602,27.175839,77.379593,27.175802,77.379598,27.175784,77.379611",images/blockplantation/fa111ddc-e9ae-4a52-a02d-27e5ebb2fe04.jpg,1500,"Aak: 250, Ardu: 150, Bael: 250, Ber: 250, Dhak: 300, Karanj: 300",FALSE,2024-10-05 11:06:32.710782+05:30,2024-10-05 11:06:32.710806+05:30,1,77075,27.1758767,77.3796551,2,4,1,810509,105,810509220
48916,"27.172793,77.399938,27.172776,77.399918,27.172737,77.399904,27.172721,77.399903",images/blockplantation/8afa4dfd-3878-44ac-b322-5188571d305b.jpg,500,"Babool: 200, Neem: 300",FALSE,2024-10-05 11:32:34.631353+05:30,2024-10-05 11:32:34.63138+05:30,1,77089,27.1727586,77.3999495,2,7,1,810509,105,810509270
48917,"27.172725,77.399855,27.172710,77.399891,27.172666,77.399901,27.172647,77.399920",images/blockplantation/cc1d781e-466f-4638-a785-702ba024907b.jpg,1000,"Amla: 200, Babool: 300, Karanj: 500",FALSE,2024-10-05 11:34:18.808721+05:30,2024-10-05 11:34:18.808751+05:30,1,77089,27.1726559,77.3999263,2,12,2,810509,105,810509270
48918,"27.172657,77.399970,27.172655,77.399971,27.172624,77.399964,27.172533,77.399904",images/blockplantation/4f555710-3709-4447-8464-701d1c6a6aa8.jpg,500,"Neem: 300, Peepal: 100, Seesam: 100",FALSE,2024-10-05 11:35:48.762985+05:30,2024-10-05 11:35:48.763014+05:30,1,77089,27.172577,77.3999424,2,12,1,810509,105,810509270
48919,"26.296844,75.389404,26.296847,75.389403,26.296847,75.389403,26.296847,75.389403",images/blockplantation/84931264-bb55-4829-98df-98691639311e.jpg,200,Karanj: 200,FALSE,2024-10-05 12:27:08.119549+05:30,2024-10-05 12:27:08.119575+05:30,1,29246,26.2968475,75.3892955,13,8,5,812002,120,812002228
48920,"26.297385,75.389706,26.297385,75.389706,26.297385,75.389706,26.297385,75.389706",images/blockplantation/d64a2b8e-f9c5-4881-a02e-a1dff79a7997.jpg,150,Neem: 150,FALSE,2024-10-06 10:07:51.78673+05:30,2024-10-06 10:07:51.786756+05:30,1,29246,26.2973466,75.3896691,13,8,5,812002,120,812002228
48921,"26.402742,75.426984,26.402974,75.427051,26.402904,75.426642,26.402155,75.426882,26.402134,75.427387",images/blockplantation/87b87d54-f182-4d5b-b538-b80207b434a1.jpg,100,"Karanj: 50, Gular: 25, Neem: 25",FALSE,2024-10-06 18:15:59.971559+05:30,2024-10-06 18:15:59.971584+05:30,1,35949,26.4027391,75.4269874,2,12,1,812002,120,812002110
48922,"27.157151,77.019894,27.158056,77.011584,27.158162,77.011429,27.157299,77.019948",images/blockplantation/410327ac-aaaf-4b95-a66a-bb8e15d2c739.jpg,500,"Karanj: 400, Neem: 20, Seesam: 50, Babool: 20, Jamun: 10",FALSE,2024-10-07 09:36:21.395212+05:30,2024-10-07 09:36:21.395244+05:30,1,66326,27.1580346,77.0116298,13,9,1,810510,105,810510330
48923,"27.145149,77.007473,27.145763,77.007731,27.145536,77.008631,27.144812,77.007818",images/blockplantation/2ce1d9c0-be03-42fd-a7d5-0abafc11b40f.jpg,200,"Karanj: 100, Babool: 70, Jamun: 10, Neem: 10, Seesam: 10",FALSE,2024-10-07 10:08:34.456023+05:30,2024-10-07 10:08:34.456056+05:30,1,66326,27.1457424,77.0080656,13,5,2,810510,105,810510030
48924,"27.308275,77.235927,27.308199,77.235939,27.308144,77.235850,27.308142,77.235757,27.308202,77.235741,27.308263,77.235785,27.308305,77.235840,27.308399,77.235958,27.308404,77.236047,27.308551,77.235934",images/blockplantation/a474f572-5ec3-41cf-b68a-81962ef702b9.jpg,135,"Karanj: 90, Neem: 40, Bargad: 5",FALSE,2024-10-07 11:45:21.335634+05:30,2024-10-07 11:45:21.335664+05:30,1,10913,27.308165,77.2359633,11,12,1,810504,105,810504090
48925,"27.308317,77.235942,27.308257,77.235932,27.308155,77.235838,27.308212,77.235702,27.308302,77.235837,27.308360,77.235937,27.308416,77.236069,27.308549,77.235944",images/blockplantation/ff4a383b-c5b2-490a-8969-d33843e62c28.jpg,138,"Ber: 5, Karanj: 87, Neem: 46",FALSE,2024-10-07 11:54:14.242442+05:30,2024-10-07 11:54:14.24247+05:30,1,10913,27.3083467,77.2359556,11,12,1,810504,105,810504090
48926,"26.970133,77.436911,26.970123,77.436942,26.970192,77.436882,26.970230,77.436840,26.970330,77.436791,26.970486,77.436714,26.970563,77.436669,26.970555,77.436654,26.970584,77.436615",images/blockplantation/295c06f7-ef3f-4837-bc6d-5ee9ba0a3484.jpg,100,"Babool: 10, Ber: 10, Google: 10, Jamun: 10, Karanj: 10, Mango: 10, Seesam: 20, Peepal: 20",FALSE,2024-10-07 11:57:11.556652+05:30,2024-10-07 11:57:11.556677+05:30,1,26548,26.9705815,77.4365977,13,9,1,810508,105,810508200
48927,"27.308282,77.235945,27.308209,77.235946,27.308172,77.235806,27.308218,77.235742,27.308308,77.235782,27.308397,77.235937,27.308418,77.236045,27.308447,77.236012,27.308592,77.235918",images/blockplantation/b5f9bbd2-8a00-4002-98da-06e23095ed13.jpg,138,"Ber: 5, Karanj: 90, Neem: 41, Peepal: 2",FALSE,2024-10-07 12:17:26.141035+05:30,2024-10-07 12:17:26.141067+05:30,1,10913,27.308274,77.2359253,13,8,1,810504,105,810504090
48928,"27.308128,77.235653,27.308128,77.235653,27.308143,77.235841,27.308209,77.235782,27.308297,77.235808,27.308359,77.235906,27.308485,77.235938,27.308585,77.235917,27.308444,77.236046,27.308360,77.235966,27.308261,77.235955,27.308148,77.235924,27.308029,77.235922,27.308037,77.235836,27.308048,77.235734,27.308164,77.235868,27.308191,77.235655",images/blockplantation/f0b904b0-27c3-49b9-affe-82a4608f4053.jpg,148,"Karanj: 95, Neem: 45, Peepal: 2, Ber: 6",FALSE,2024-10-07 12:35:36.981393+05:30,2024-10-07 12:35:36.981425+05:30,1,10913,27.3081788,77.2356649,13,8,1,810504,105,810504090
48929,"27.143985,76.990365,27.143938,76.990237,27.144177,76.990140,27.144310,76.990195",images/blockplantation/e50a9cc8-1375-49d1-8a09-71b569364bc2.jpg,100,"Karanj: 50, Neem: 20, Arjun: 10, Seesam: 10, Mango: 10",FALSE,2024-10-07 13:18:34.071099+05:30,2024-10-07 13:18:34.071131+05:30,1,66326,27.1441214,76.9902883,13,2,1,810510,105,810510030
48930,"26.296960,75.389429,26.296960,75.389429,26.296960,75.389429,26.296960,75.389429",images/blockplantation/55a56344-3c5d-440d-a59c-61b8d28c892f.jpg,150,"Seesam: 80, Neem: 70",FALSE,2024-10-07 14:48:22.322659+05:30,2024-10-07 14:48:22.3227+05:30,1,29246,26.2969881,75.3894123,13,8,5,812002,120,812002228
48931,"27.227947,76.871435,27.227947,76.871434,27.227830,76.871361,27.227808,76.871338",images/blockplantation/c766dff2-faac-4ff9-9c9b-e2ccad570d4d.jpg,102,"Kadam: 10, Neem: 15, Peepal: 25, Seesam: 20, Mango: 16, Kachnar: 16",FALSE,2024-10-08 12:35:34.029627+05:30,2024-10-08 12:35:34.029653+05:30,1,36654,27.2279359,76.871429,2,2,2,810905,109,810905030
48932,"25.150760,76.310285,25.150758,76.311008,25.150736,76.311009,25.150706,76.311000",images/blockplantation/db146478-2314-41d6-bc4a-b36e9322e97d.jpg,150,"Amla: 10, Amrood: 10, Seesam: 90, Karanj: 20, Peepal: 10, Moringa: 10",FALSE,2024-10-08 16:05:56.003403+05:30,2024-10-08 16:05:56.003433+05:30,2,77658,25.15078,76.310325,30,5,0.65,812801,128,812801522
48933,"27.603230,77.004535,27.603238,77.004529,27.603263,77.004524,27.603284,77.004526",images/blockplantation/a3767d28-2f5d-4e0a-b10b-b9d7ee9bc443.jpg,100,"Amrood: 20, Babool: 30, Jamun: 10, Karanj: 30, Lemon: 10",FALSE,2024-10-09 08:01:40.311082+05:30,2024-10-09 08:01:40.311114+05:30,1,13043,27.6031657,77.0044766,2,9,1,810506,105,810506360
48934,"27.603250,77.005030,27.603263,77.005009,27.603277,77.004998,27.603303,77.004980",images/blockplantation/903dc156-dfce-4c89-ae05-3b6b878e47f0.jpg,100,"Karanj: 20, Kikar: 20, Peepal: 5, Others: 5, Lemon: 15, Khejri: 30, Imli: 5",FALSE,2024-10-09 08:08:49.131777+05:30,2024-10-09 08:08:49.1318+05:30,1,13043,27.6032526,77.0050364,2,9,1,810506,105,810506360
48935,"27.603064,77.004712,27.603316,77.004773,27.603313,77.004776,27.603305,77.004769",images/blockplantation/9cef74ac-1c6d-47cb-a38a-cda55cecd025.jpg,100,"Neem: 40, Others: 50, Peepal: 10",FALSE,2024-10-09 08:11:28.973336+05:30,2024-10-09 08:11:28.973377+05:30,1,41651,27.6030902,77.0049338,2,7,1,810506,105,810506360
48936,"27.603220,77.004499,27.603213,77.004495,27.603129,77.004508,27.603083,77.004484",images/blockplantation/907db5d8-b9b2-4194-8a22-311ca77e8821.jpg,1000,"Kikar: 300, Palash: 200, Seesam: 100, Siris: 100, Neem: 200, Others: 100",FALSE,2024-10-09 08:42:23.295107+05:30,2024-10-09 08:42:23.295128+05:30,1,41651,27.6031855,77.0045603,2,5,2,810506,105,810506360
48937,"27.602977,77.004445,27.602920,77.004447,27.602831,77.004429,27.602706,77.004414",images/blockplantation/5bbc8c20-bc5b-4a84-9e8e-699beece8f7d.jpg,200,"Aak: 80, Arjun: 60, Banyan: 10, Gular: 30, Jamun: 10, JUNGLE JALEBI: 10",FALSE,2024-10-09 08:45:37.665341+05:30,2024-10-09 08:45:37.665362+05:30,2,13043,27.602935,77.0044602,2,6,2,810506,105,810506360
48938,"27.602976,77.004441,27.602948,77.004450,27.602874,77.004382,27.602787,77.004335,27.602760,77.004337,27.602727,77.004338",images/blockplantation/8efb634f-0bab-4f46-9d46-1054ea94437f.jpg,800,"Bael: 250, Ber: 150, Kikar: 250, Neem: 150",FALSE,2024-10-09 08:46:05.799565+05:30,2024-10-09 08:46:05.799585+05:30,1,41651,27.6029731,77.0044684,2,4,2,810506,105,810506360
48939,"27.602771,77.004195,27.602766,77.004230,27.602799,77.004216,27.602832,77.004182,27.602855,77.004169",images/blockplantation/3110567b-c575-4022-9951-9217248efb5e.jpg,100,"Seesam: 50, Siris: 30, Peepal: 10, Others: 10",FALSE,2024-10-09 08:49:31.289804+05:30,2024-10-09 08:49:31.289834+05:30,1,13043,27.6028299,77.004118,2,8,1,NULL,NULL,NULL
48940,"27.537406,74.636478,27.537426,74.636128,27.537463,74.635488,27.537482,74.635155",images/blockplantation/da3256ae-b474-4870-bea8-f4fa2260d196.jpg,150,"Arjun: 5, Amaltas: 10, Banyan: 10, Jamun: 10, Kadam: 5, Karanj: 10, Others: 100",FALSE,2024-10-09 11:26:09.393742+05:30,2024-10-09 11:26:09.393771+05:30,1,71203,27.5374871,74.6350719,14,10,1,811206,112,811206080
48941,"27.156047,74.940884,27.156090,74.940826,27.156023,74.940793,27.155986,74.940797",images/blockplantation/eb0c01b3-f7c0-4e75-9c00-e53857031e25.jpg,220,"Jamun: 70, Lemon: 40, Mango: 20, Neem: 20, Seesam: 30, Kair: 20, Amrood: 20",FALSE,2024-10-09 11:33:40.791862+05:30,2024-10-09 11:33:40.791882+05:30,2,77925,27.1560466,74.9408823,14,10,2,811205,112,811205030
48942,"27.099296,75.246734,27.099287,75.246725,27.099288,75.246736,27.099285,75.246740",images/blockplantation/0d607745-19b4-4b54-87c6-28778416d845.jpg,114,"Karanj: 40, Neem: 40, Siris: 20, Palash: 14",FALSE,2024-10-09 13:29:36.075778+05:30,2024-10-09 13:29:36.075803+05:30,1,74468,27.0992861,75.2467318,21,10,0.5,811212,112,811212050
48943,"27.123587,75.009780,27.123720,75.009907,27.123621,75.010218,27.123397,75.010029",images/blockplantation/011d474d-d44d-4b25-802f-d979b6ff430e.jpg,150,"Neem: 30, Amla: 20, Kadamb: 20, Arjun: 30, Jamun: 20, Banyan: 10, Ardu: 20",FALSE,2024-10-09 15:52:18.58947+05:30,2024-10-09 15:52:18.589493+05:30,2,71093,27.1234127,75.0097539,21,10,1,811212,112,811212030
48944,"27.658734,77.034722,27.658738,77.034742,27.658735,77.034750,27.658735,77.034750",images/blockplantation/e6000241-e535-4a2c-b8d7-e8db2e6aa518.jpg,250,"Ber: 120, Amla: 130",FALSE,2024-10-09 16:00:55.70448+05:30,2024-10-09 16:00:55.704501+05:30,1,18916,27.6587138,77.0347922,13,9,0.8,810507,105,810507120
48945,"27.658495,77.034679,27.658495,77.034676,27.658495,77.034676,27.658495,77.034676",images/blockplantation/18fecfd2-09f6-4408-8d13-66c11c0635e5.jpg,300,"Babool: 250, Aak: 50",FALSE,2024-10-09 16:04:21.472932+05:30,2024-10-09 16:04:21.472961+05:30,1,18916,27.658493,77.0345753,13,9,0.8,810507,105,810507120
48946,"27.592367,77.161912,27.592073,77.161721,27.592171,77.161253,27.592576,77.161289",images/blockplantation/fb0e8813-c49f-4fcf-b976-f87cfdb6ff98.jpg,250,"Neem: 60, Seesam: 60, Siris: 60, Peepal: 30, Kikar: 40",FALSE,2024-10-09 16:34:19.882179+05:30,2024-10-09 16:34:19.88221+05:30,1,74382,27.5924805,77.1617518,13,12,0.9,810507,105,810507130
48947,"27.132274,74.908903,27.132397,74.908604,27.132420,74.908391,27.132536,74.908099",images/blockplantation/1c7cc588-1e27-498c-b690-8c8c089f52c6.jpg,150,"Neem: 70, Mango: 30, Jamun: 20, Karanj: 15, Lemon: 5, Amrood: 10",FALSE,2024-10-09 16:51:55.071389+05:30,2024-10-09 16:51:55.071419+05:30,2,77925,27.1322962,74.9089258,14,10,25,811205,112,811205290
48948,"27.154664,74.800447,27.158327,74.830426,27.154664,74.800447,27.154664,74.800447",images/blockplantation/bed9e0ea-81b7-4732-a02f-9aeb2d4cb45f.jpg,100,"Neem: 90, Siris: 10",FALSE,2024-10-10 11:18:44.936235+05:30,2024-10-10 11:18:44.936266+05:30,1,74718,27.1583273,74.8304257,11,10,0.2,811205,112,811205280
48949,"27.612989,74.646219,27.612989,74.646218,27.613079,74.646005,27.613161,74.645925,27.613295,74.645754,27.613331,74.645683,27.613366,74.645630,27.613415,74.645593,27.613464,74.645578,27.613499,74.645572,27.613537,74.645566,27.613568,74.645568,27.613606,74.645556,27.613630,74.645539,27.613680,74.645587,27.613724,74.645675,27.613732,74.645719,27.613713,74.645797,27.613668,74.645836,27.613629,74.645848,27.613521,74.645887,27.613449,74.645898,27.613382,74.645901,27.613333,74.645917,27.613291,74.645931",images/blockplantation/be01ea40-98fb-44dc-8218-b9ad0baa87b9.jpg,100,"Bael: 10, Bargad: 5, Banyan: 5, Karanj: 5, Seesam: 5, Others: 5, Khejri: 5, Neem: 20, Others: 40",FALSE,2024-10-10 16:39:30.008066+05:30,2024-10-10 16:39:30.008096+05:30,2,74476,27.612966,74.6462134,21,10,0.2,811206,112,811206240
48950,"37.421998,-122.084000,37.421998,-122.084000,37.421998,-122.084000,37.421998,-122.084000,37.421998,-122.084000",images/blockplantation/e7845f56-c09a-41a8-a256-4d951bb3253b.jpg,100,Aak: 100,FALSE,2024-10-12 12:57:19.176886+05:30,2024-10-12 12:57:19.176922+05:30,1,248,37.4219983,-122.084,1,11,0.1,NULL,NULL,NULL
48951,"37.421998,-122.084000,37.421998,-122.084000,37.421998,-122.084000,37.421998,-122.084000,37.421998,-122.084000",images/blockplantation/b3e4d893-1697-4465-a745-9c4519e59f76.jpg,100,Aak: 100,FALSE,2024-10-12 13:04:20.711422+05:30,2024-10-12 13:04:20.711456+05:30,2,248,37.4219983,-122.084,1,11,0.1,NULL,NULL,NULL
48952,"37.421998,-122.084000,37.421998,-122.084000,37.421998,-122.084000,37.421998,-122.084000,37.421998,-122.084000,37.421998,-122.084000",images/blockplantation/d9e0f2a8-cea4-4d3d-a205-14f91e60c88d.jpg,100,Aak: 100,FALSE,2024-10-12 13:06:32.390497+05:30,2024-10-12 13:06:32.390526+05:30,1,248,37.4219983,-122.084,1,10,0.1,NULL,NULL,NULL
48953,"37.421998,-122.084000,37.421998,-122.084000,37.421998,-122.084000,37.421998,-122.084000",images/blockplantation/ed6242d9-920e-4893-8530-f640f9990c42.jpg,100,Amaltas: 100,FALSE,2024-10-12 13:11:05.567895+05:30,2024-10-12 13:11:05.567926+05:30,1,248,37.4219983,-122.084,1,12,0.1,NULL,NULL,NULL
48954,"27.409354,77.413137,27.409377,77.413146,27.409413,77.413163,27.409448,77.413207,27.409458,77.413223",images/blockplantation/f091d298-bee9-4a25-a3d7-fbd2d5bbe7c0.jpg,480,Others: 480,FALSE,2024-10-14 07:59:53.907018+05:30,2024-10-14 07:59:53.907038+05:30,2,77599,27.4094167,77.4131063,2,7,0.5,810502,105,810502220
48955,"27.530141,76.912146,27.530177,76.912108,27.530199,76.912028,27.530188,76.911959",images/blockplantation/146ded98-f46f-4393-a530-813101e6f219.jpg,500,"Peepal: 150, Neem: 250, Seesam: 100",FALSE,2024-10-14 12:37:17.490823+05:30,2024-10-14 12:37:17.490854+05:30,1,24198,27.5301717,76.91194,2,4,1.5,NULL,NULL,NULL
48956,"37.421998,-122.084000,37.421998,-122.084000,37.421998,-122.084000,37.421998,-122.084000,37.421998,-122.084000",images/blockplantation/70bd816b-0c30-4077-b65c-d578c4202d86.jpg,100,Babool: 100,FALSE,2024-10-14 16:41:30.555587+05:30,2024-10-14 16:41:30.555614+05:30,2,75540,37.4219983,-122.084,1,11,0.1,NULL,NULL,NULL
48957,"37.421998,-122.084000,37.421998,-122.084000,37.421998,-122.084000,37.421998,-122.084000,37.421998,-122.084000",images/blockplantation/6baaeec1-f8ac-4eb5-b4cd-2fe91b40d68d.jpg,102,"Babool: 50, Bargad: 50, Chokar: 2",FALSE,2024-10-14 16:50:38.47965+05:30,2024-10-14 16:50:38.479679+05:30,2,77934,37.4219983,-122.084,14,4,0.1,NULL,NULL,NULL
48958,"37.421998,-122.084000,37.421998,-122.084000,37.421998,-122.084000,37.421998,-122.084000,37.421998,-122.084000",images/blockplantation/7bde8aac-ab85-4462-b5d4-8aff74bd7cba.jpg,100,Amla: 100,FALSE,2024-10-14 16:51:46.032437+05:30,2024-10-14 16:51:46.032475+05:30,2,77934,37.4219983,-122.084,14,3,0.2,NULL,NULL,NULL
48959,"37.421998,-122.084000,37.421998,-122.084000,37.421998,-122.084000,37.421998,-122.084000,37.421998,-122.084000",images/blockplantation/0b40ae45-2538-4f31-bfcb-7ecfc9038a04.jpg,101,Babool: 101,FALSE,2024-10-15 10:08:47.516404+05:30,2024-10-15 10:08:47.516432+05:30,1,77934,37.4220936,-122.083922,1,3,0.1,NULL,NULL,NULL
48960,"27.530119,76.912563,27.530132,76.912569,27.530171,76.912572,27.530186,76.912567",images/blockplantation/7e1152fe-24e4-4a6c-a6ce-f712c82a308f.jpg,500,"Seesam: 200, Neem: 300",FALSE,2024-10-15 10:12:59.461723+05:30,2024-10-15 10:12:59.461744+05:30,1,24198,27.5301869,76.9125502,2,4,2,NULL,NULL,NULL
48961,"37.421998,-122.084000,37.421998,-122.084000,37.421998,-122.084000,37.421998,-122.084000,37.421998,-122.084000",images/blockplantation/9818d982-b13e-49d7-8b58-4733c16659b6.jpg,100,Ber: 100,FALSE,2024-10-15 12:04:27.674193+05:30,2024-10-15 12:04:27.674215+05:30,2,75540,37.4219983,-122.084,1,3,0.5,NULL,NULL,NULL
48962,"37.421998,-122.084000,37.421998,-122.084000,37.421998,-122.084000,37.421998,-122.084000,37.421998,-122.084000",images/blockplantation/b357e269-acc9-4bc4-96be-c963702c3b21.jpg,100,Babool: 100,FALSE,2024-10-15 12:10:07.014535+05:30,2024-10-15 12:10:07.014584+05:30,1,75540,37.4219983,-122.084,1,3,0.1,NULL,NULL,NULL
48963,"26.837145,75.833751,26.837145,75.833751,26.837151,75.833751,26.837150,75.833746",images/blockplantation/ac22da16-9038-4ef6-9c3f-9fc5bf84a38d.jpg,100,Amrood: 100,FALSE,2024-10-15 12:46:02.593497+05:30,2024-10-15 12:46:02.593527+05:30,2,75540,26.8371522,75.8337436,1,11,0.1,811013,110,811013847
48964,"26.837151,75.833739,26.837153,75.833743,26.837134,75.833707,26.837139,75.833719",images/blockplantation/2132ea0c-cdf6-41e7-91fa-1496b675c3ba.jpg,100,Aak: 100,FALSE,2024-10-15 13:17:42.77766+05:30,2024-10-15 13:17:42.777689+05:30,2,75540,26.8371567,75.8337389,1,3,0.2,811013,110,811013847
48965,"37.421998,-122.084000,37.421998,-122.084000,37.421998,-122.084000,37.421998,-122.084000,37.421998,-122.084000,37.421998,-122.084000",images/blockplantation/6c6665bc-9511-446b-bd9d-e29258b9800f.jpg,100,Amrood: 100,FALSE,2024-10-15 13:20:04.645238+05:30,2024-10-15 13:20:04.645266+05:30,2,75540,37.4219983,-122.084,1,3,0.5,NULL,NULL,NULL
48966,"37.421998,-122.084000,37.421998,-122.084000,37.421998,-122.084000,37.421998,-122.084000,37.421998,-122.084000",images/blockplantation/58003b33-6d4f-475d-bd95-1674bf12eb9e.jpg,100,Arjun: 100,FALSE,2024-10-15 13:56:17.963654+05:30,2024-10-15 13:56:17.963687+05:30,2,75540,37.4219983,-122.084,1,3,0.5,NULL,NULL,NULL
48967,"27.726837,77.024959,27.726837,77.024959,27.726837,77.024959,27.726836,77.024959,27.726808,77.025069,27.726810,77.025068",images/blockplantation/b140aaa8-7268-4ae7-a73d-c3d38af34e97.jpg,145,"Amrood: 40, Jamun: 40, Karanj: 65",FALSE,2024-10-16 17:53:29.105395+05:30,2024-10-16 17:53:29.105428+05:30,1,18916,27.7267739,77.0250208,13,4,1,810507,105,810507070
48968,"37.421998,-122.084000,37.421998,-122.084000,37.421998,-122.084000,37.421998,-122.084000",images/blockplantation/0f92e82d-26b1-4ad5-8e17-0b5e3f7f7506.jpg,100,Bael: 100,FALSE,2024-10-18 15:53:33.565259+05:30,2024-10-18 15:53:33.565295+05:30,2,75540,37.4220936,-122.083922,14,4,0.5,NULL,NULL,NULL
48969,"37.421998,-122.084000,37.421998,-122.084000,37.421998,-122.084000,37.421998,-122.084000,37.421998,-122.084000",images/blockplantation/456371eb-3f80-41ad-9ddc-9e0c02beb8e2.jpg,105,Khejri: 105,FALSE,2024-10-18 15:54:37.84905+05:30,2024-10-18 15:54:37.849077+05:30,2,75540,37.4219983,-122.084,1,4,0.2,NULL,NULL,NULL
48970,"37.421998,-122.084000,37.421998,-122.084000,37.421998,-122.084000,37.421998,-122.084000,37.421998,-122.084000",images/blockplantation/503b4a01-3b75-443e-8275-a9dcf1552f57.jpg,103,Khejri: 103,FALSE,2024-10-18 15:56:54.236712+05:30,2024-10-18 15:56:54.236733+05:30,1,77934,37.4219983,-122.084,1,4,0.3,NULL,NULL,NULL
48971,"37.421998,-122.084000,37.421998,-122.084000,37.421998,-122.084000,37.421998,-122.084000,37.421998,-122.084000",images/blockplantation/46e3454d-09c8-4a41-87e1-746f4e60a24f.jpg,108,Peepal: 108,FALSE,2024-10-18 15:59:29.959977+05:30,2024-10-18 15:59:29.96001+05:30,2,77934,37.4219983,-122.084,14,11,1.5,NULL,NULL,NULL
48972,"27.512629,76.924177,27.512643,76.924185,27.512675,76.924204,27.512693,76.924211",images/blockplantation/e109d74c-9920-40e9-bd22-f38fb7440c76.jpg,500,Amrood: 500,FALSE,2024-10-19 11:25:14.57968+05:30,2024-10-19 11:25:14.579707+05:30,1,24198,27.512565,76.9241883,2,4,2,NULL,NULL,NULL
48973,"27.512600,76.924392,27.512590,76.924437,27.512615,76.924464,27.512662,76.924470",images/blockplantation/f46feeef-ed6d-4ce9-ab54-34e91823b770.jpg,500,Neem: 500,FALSE,2024-10-19 11:28:03.615374+05:30,2024-10-19 11:28:03.615409+05:30,1,24198,27.5126461,76.9243078,2,4,3,NULL,NULL,NULL
48974,"27.553458,77.100486,27.553552,77.100432,27.553558,77.100424,27.553784,77.100090",images/blockplantation/6a7099c2-7345-4d19-8019-af3bfa46d7ab.jpg,100,"Neem: 35, Kair: 15, Others: 50",FALSE,2024-10-19 11:32:20.359816+05:30,2024-10-19 11:32:20.359847+05:30,1,18398,27.5680395,77.0821683,2,12,1,810506,105,810506290
48975,"27.553450,77.100910,27.553453,77.100934,27.553453,77.101001,27.553445,77.101011,27.553653,77.100595",images/blockplantation/29fd2ab9-5ecd-4896-9772-6a339eefb8bc.jpg,500,"Aak: 100, Babool: 100, Jamun: 100, Neem: 100, Kair: 100",FALSE,2024-10-19 11:53:57.984379+05:30,2024-10-19 11:53:57.984407+05:30,1,18398,27.5663056,77.1174146,2,9,1,NULL,NULL,NULL
48976,"27.602973,77.004454,27.602895,77.004453,27.602831,77.004434,27.602813,77.004425,27.602789,77.004414,27.602763,77.004408,27.602728,77.004402,27.602676,77.004440,27.602676,77.004500",images/blockplantation/0280453a-a5b3-4857-85ce-db17c4b544de.jpg,200,"Babool: 50, Dhonk: 50, Imli: 20, Karanj: 40, Neem: 25, Seesam: 15",FALSE,2024-10-19 12:01:37.531402+05:30,2024-10-19 12:01:37.531426+05:30,1,13043,27.6029995,77.0044497,2,12,2,810506,105,810506360
48977,"24.468014,76.385360,24.468003,76.385239,24.468050,76.385121,24.468070,76.385038,24.468116,76.384951,24.468156,76.384901,24.468180,76.384834,24.468238,76.384743,24.468315,76.384668,24.468327,76.384635,24.468375,76.384672,24.468445,76.384730,24.468512,76.384777,24.468591,76.384818,24.468640,76.384859,24.468676,76.384898,24.468650,76.384941,24.468631,76.385013,24.468597,76.385058,24.468567,76.385134,24.468530,76.385240,24.468438,76.385462,24.468401,76.385537,24.468351,76.385601,24.468320,76.385662,24.468280,76.385721,24.468244,76.385728,24.468177,76.385685,24.468131,76.385611,24.468064,76.385560,24.468033,76.385495,24.468019,76.385454,24.467963,76.385454,24.467957,76.385438",images/blockplantation/ad8e104e-7538-48b8-88a4-d12e9650cec1.jpg,1000,"Aak: 100, Amrood: 50, Banyan: 20, Jamun: 50, Neem: 100, Seesam: 100, Sagon: 100, Peepal: 50, Mango: 50, Orange: 50, Shatavari: 50, Lemon: 50, Khair: 100, Jamun: 50, Kadam: 30, Amla: 50",FALSE,2024-10-19 13:35:16.782617+05:30,2024-10-19 13:35:16.782649+05:30,1,6679,24.4679918,76.3854203,2,12,1,812905,129,812905170
48978,"27.573358,77.076271,27.573374,77.076253,27.573504,77.076349,27.573565,77.076356",images/blockplantation/16eb3e22-dc1f-47eb-a7fe-aa70213435bb.jpg,400,"Neem: 150, Others: 250",FALSE,2024-10-19 15:09:02.565526+05:30,2024-10-19 15:09:02.56555+05:30,1,42899,27.5733945,77.0764555,2,12,2,810506,105,810506290
48979,"37.421998,-122.084000,37.421998,-122.084000,37.421998,-122.084000,37.421998,-122.084000",images/blockplantation/434588b1-31a9-468e-a772-d8ebeaa45f7a.jpg,100,Bael: 100,FALSE,2024-10-22 10:03:28.837494+05:30,2024-10-22 10:03:28.837524+05:30,1,77934,37.4219983,-122.084,1,4,0.1,NULL,NULL,NULL
48980,"37.421998,-122.084000,37.421998,-122.084000,37.421998,-122.084000,37.421998,-122.084000,37.421998,-122.084000",images/blockplantation/46070636-6701-4df0-8f60-7805c1a22596.jpg,102,Babool: 102,FALSE,2024-10-22 10:34:14.023333+05:30,2024-10-22 10:34:14.023354+05:30,2,77934,37.4219983,-122.084,1,3,0.2,NULL,NULL,NULL
48981,"37.421998,-122.084000,37.421998,-122.084000,37.421998,-122.084000,37.421998,-122.084000,37.421998,-122.084000,37.421998,-122.084000",images/blockplantation/3ea82cb9-334f-4ee9-a7e0-59b1a8431936.jpg,107,Babool: 107,FALSE,2024-10-22 12:05:21.602497+05:30,2024-10-22 12:05:21.602526+05:30,1,77937,37.4219983,-122.084,14,11,0.22,NULL,NULL,NULL
48982,"26.289707,75.359141,26.289708,75.359147,26.289712,75.359146,26.289718,75.359143",images/blockplantation/26a53450-898a-4fcd-8d56-4baffe75ced7.jpg,1800,"Karanj: 800, Neem: 500, Seesam: 250, Harsingar: 250",FALSE,2024-10-22 17:11:41.508856+05:30,2024-10-22 17:11:41.508887+05:30,1,29246,26.2897692,75.3591146,13,8,10,812002,120,812002320
48983,"26.297826,75.374268,26.297827,75.374268,26.297827,75.374268,26.297827,75.374269",images/blockplantation/3ea402a0-86b3-4eeb-aa0f-51b0881a3a9d.jpg,300,"Neem: 50, Seesam: 20, Jamun: 20, Amaltas: 50, Harsingar: 50, Gular: 50, Karanj: 30, Bael: 30",FALSE,2024-10-22 17:26:55.303751+05:30,2024-10-22 17:26:55.303782+05:30,1,29246,26.2978071,75.373955,13,12,1,812002,120,812002228
48984,"27.317755,77.342195,27.317739,77.342206,27.317713,77.342219,27.317695,77.342218,27.317649,77.342208,27.317627,77.342202,27.317598,77.342190,27.317584,77.342175,27.317570,77.342153,27.317556,77.342158,27.317532,77.342171,27.317516,77.342177,27.317514,77.342204,27.317507,77.342235,27.317496,77.342254,27.317480,77.342276,27.317469,77.342301,27.317464,77.342336,27.317484,77.342334,27.317496,77.342340,27.317529,77.342335,27.317574,77.342320,27.317608,77.342308,27.317631,77.342295,27.317647,77.342284,27.317667,77.342265,27.317681,77.342251",images/blockplantation/0a2f54b3-550e-45f0-a3b5-be2cc4a0e92d.jpg,101,"Banyan: 10, Harsingar: 10, Jamun: 10, Kachnar: 10, Kadam: 10, Karanj: 10, Neem: 10, Peepal: 10, Seesam: 10, Arjun: 11",FALSE,2024-10-23 15:13:51.258955+05:30,2024-10-23 15:13:51.258978+05:30,1,5410,27.317825,77.3422133,2,7,1,810504,105,810504290
48985,"27.553562,77.100116,27.553543,77.100203,27.553473,77.100264,27.553438,77.100343",images/blockplantation/8d271123-bfe6-4851-a2d0-65a6b9c1e719.jpg,500,Others: 500,FALSE,2024-10-24 09:58:30.461324+05:30,2024-10-24 09:58:30.461346+05:30,1,18398,27.553568,77.1000865,2,12,1,NULL,NULL,NULL
48986,"27.553547,77.099980,27.553541,77.099976,27.553536,77.099970,27.553526,77.099947",images/blockplantation/26304362-8a72-4f3f-8071-69dd24fa8366.jpg,100,Others: 100,FALSE,2024-10-24 10:02:09.927049+05:30,2024-10-24 10:02:09.927071+05:30,1,18398,27.5534536,77.1004606,2,7,1,NULL,NULL,NULL
48987,"27.556059,77.100329,27.556063,77.100333,27.556064,77.100336,27.556025,77.100342,27.556060,77.100318",images/blockplantation/d5c0db67-58c6-4ba6-b9ff-786326dee2f5.jpg,500,Others: 500,FALSE,2024-10-24 12:12:13.354949+05:30,2024-10-24 12:12:13.354979+05:30,1,18398,27.5560649,77.1002726,2,12,11,NULL,NULL,NULL
48988,"27.556057,77.100317,27.556058,77.100317,27.556068,77.100319,27.556068,77.100319,27.556080,77.100331,27.556080,77.100338,27.556088,77.100370",images/blockplantation/3f451588-f84c-482e-b55d-58ac488fb4c8.jpg,500,Others: 500,FALSE,2024-10-24 13:00:57.12484+05:30,2024-10-24 13:00:57.124866+05:30,1,18398,27.5560692,77.1002556,2,12,30,NULL,NULL,NULL
48989,"37.421998,-122.084000,37.421998,-122.084000,37.421998,-122.084000,37.421998,-122.084000",images/blockplantation/1932a8d2-e960-4164-b8ed-02ed652d728a.jpg,105,Bael: 105,FALSE,2024-10-27 13:28:59.089655+05:30,2024-10-27 13:28:59.089681+05:30,2,75540,37.4219983,-122.084,1,2,0.22,NULL,NULL,NULL
48990,"25.679453,76.343149,25.678814,76.343964,25.677643,76.343124,25.678163,76.342347",images/blockplantation/e883f1b2-f2ec-44fc-ab61-e4beffa1f940.jpg,800,Amrood: 800,FALSE,2024-10-29 12:04:19.638565+05:30,2024-10-29 12:04:19.63859+05:30,1,4098,25.6782094,76.3424084,24,4,2,812701,127,812701170
48991,"25.678156,76.342403,25.677162,76.341559,25.676524,76.341189,25.676381,76.341275,25.676175,76.341271,25.675749,76.342286,25.676627,76.342636,25.677712,76.343154",images/blockplantation/2a5507c0-3a6e-43ec-9fee-b83474e136f2.jpg,1000,Mango: 1000,FALSE,2024-10-29 12:04:32.489995+05:30,2024-10-29 12:04:32.490023+05:30,1,4098,25.6770599,76.3427828,24,4,2.6,812701,127,812701170
48992,"25.366827,76.300236,25.366909,76.300899,25.367463,76.301009,25.367614,76.300364",images/blockplantation/0b1ad47b-350e-4c85-8d2b-81203f82b082.jpg,400,Amrood: 400,FALSE,2024-10-29 12:26:05.657549+05:30,2024-10-29 12:26:05.657583+05:30,1,4098,25.3674547,76.3010121,24,4,1.2,812705,127,812705040
48993,"24.907330,76.382784,24.907316,76.383171,24.907469,76.383245,24.907624,76.383551,24.907765,76.383662,24.907860,76.383831,24.908058,76.383980,24.909192,76.383902,24.908726,76.383516,24.908544,76.383235,24.908347,76.383015,24.908371,76.382118,24.907313,76.382029,24.907266,76.382327,24.907263,76.382670",images/blockplantation/2441ec36-235b-415d-bec2-834d6655d581.jpg,750,Lemon: 750,FALSE,2024-10-29 12:35:19.55339+05:30,2024-10-29 12:35:19.553422+05:30,1,4098,24.9072178,76.3827166,24,4,2.7,812704,127,812704160
48994,"25.628054,76.346136,25.627711,76.346064,25.627331,76.343587,25.627643,76.343556,25.628718,76.343785",images/blockplantation/2fb864ae-4a11-4ddc-8da8-60c2dff8d41d.jpg,600,Amla: 600,FALSE,2024-10-29 12:53:06.052949+05:30,2024-10-29 12:53:06.052973+05:30,1,4098,25.6280578,76.3436047,24,4,2,812701,127,812701050
